[2026-06-30 00:28:27,084] INFO - ======================================================================
[2026-06-30 00:28:27,084] INFO - BC + PPO-fD Training Pipeline
[2026-06-30 00:28:27,084] INFO - ======================================================================
[2026-06-30 00:28:27,084] INFO - Using device: cpu
[2026-06-30 00:28:27,090] INFO - 
======================================================================
[2026-06-30 00:28:27,091] INFO - Loading / collecting BaselineBot demonstrations
[2026-06-30 00:28:27,091] INFO - ======================================================================
[2026-06-30 00:28:27,160] INFO - ✓ 57279 demonstrations available
[2026-06-30 00:28:27,184] INFO - 
PHASE 1: Behavioral Cloning (warm-start the PPO network)
[2026-06-30 00:28:28,145] INFO -   Reached target accuracy 75% at epoch 1; stopping BC.
[2026-06-30 00:28:28,145] INFO - ✓ BC complete | best val accuracy: 83.17%
[2026-06-30 00:28:28,145] INFO - 
======================================================================
[2026-06-30 00:28:28,145] INFO - PHASE 2: PPO-FD ONLINE TRAINING
[2026-06-30 00:28:28,145] INFO - ======================================================================
[2026-06-30 00:28:28,153] INFO - Starting PPO training for 300 steps...
[2026-06-30 00:28:28,368] INFO - Step   1: Loss= 6.1326 | PPO=-0.0033 | BC= 0.4201 | WR(baseline)=48.0% | WR(smart)=48.0% | Eps=185
[2026-06-30 00:28:29,031] INFO - Step   5: Loss= 5.6539 | PPO=-0.0012 | BC= 0.4728 | WR(baseline)=48.0% | WR(smart)=46.0% | Eps=182
[2026-06-30 00:28:29,837] INFO - Step  10: Loss= 5.9633 | PPO= 0.0009 | BC= 0.4805 | WR(baseline)=52.0% | WR(smart)=32.0% | Eps=184
[2026-06-30 00:28:30,668] INFO - Step  15: Loss= 5.6229 | PPO=-0.0008 | BC= 0.4553 | WR(baseline)=46.0% | WR(smart)=50.0% | Eps=184
[2026-06-30 00:28:31,489] INFO - Step  20: Loss= 5.0112 | PPO=-0.0009 | BC= 0.4811 | WR(baseline)=50.0% | WR(smart)=50.0% | Eps=184
[2026-06-30 00:28:32,429] INFO - Step  25: Loss= 4.8543 | PPO=-0.0005 | BC= 0.4641 | WR(baseline)=44.0% | WR(smart)=52.0% | Eps=183
[2026-06-30 00:28:33,365] INFO - Step  30: Loss= 5.4718 | PPO=-0.0010 | BC= 0.4523 | WR(baseline)=66.0% | WR(smart)=56.0% | Eps=185
[2026-06-30 00:28:34,309] INFO - Step  35: Loss= 5.1565 | PPO=-0.0009 | BC= 0.4416 | WR(baseline)=54.0% | WR(smart)=50.0% | Eps=186
[2026-06-30 00:28:35,250] INFO - Step  40: Loss= 5.5339 | PPO=-0.0019 | BC= 0.4468 | WR(baseline)=44.0% | WR(smart)=44.0% | Eps=185
[2026-06-30 00:28:36,196] INFO - Step  45: Loss= 5.6665 | PPO=-0.0001 | BC= 0.4754 | WR(baseline)=48.0% | WR(smart)=58.0% | Eps=185
[2026-06-30 00:28:37,145] INFO - Step  50: Loss= 5.4177 | PPO=-0.0001 | BC= 0.4849 | WR(baseline)=36.0% | WR(smart)=54.0% | Eps=185
[2026-06-30 00:28:38,098] INFO - Step  55: Loss= 5.0516 | PPO=-0.0018 | BC= 0.4499 | WR(baseline)=38.0% | WR(smart)=46.0% | Eps=187
[2026-06-30 00:28:39,075] INFO - Step  60: Loss= 4.6828 | PPO=-0.0004 | BC= 0.4304 | WR(baseline)=38.0% | WR(smart)=30.0% | Eps=186
[2026-06-30 00:28:40,043] INFO - Step  65: Loss= 5.4001 | PPO=-0.0002 | BC= 0.4491 | WR(baseline)=58.0% | WR(smart)=42.0% | Eps=184
[2026-06-30 00:28:41,040] INFO - Step  70: Loss= 4.7311 | PPO= 0.0000 | BC= 0.4715 | WR(baseline)=38.0% | WR(smart)=52.0% | Eps=185
[2026-06-30 00:28:42,058] INFO - Step  75: Loss= 4.7472 | PPO=-0.0007 | BC= 0.4617 | WR(baseline)=44.0% | WR(smart)=50.0% | Eps=184
[2026-06-30 00:28:43,077] INFO - Step  80: Loss= 5.1603 | PPO=-0.0003 | BC= 0.4865 | WR(baseline)=34.0% | WR(smart)=48.0% | Eps=191
[2026-06-30 00:28:44,079] INFO - Step  85: Loss= 4.7388 | PPO=-0.0023 | BC= 0.4564 | WR(baseline)=38.0% | WR(smart)=44.0% | Eps=193
[2026-06-30 00:28:45,100] INFO - Step  90: Loss= 5.2999 | PPO=-0.0009 | BC= 0.4782 | WR(baseline)=34.0% | WR(smart)=50.0% | Eps=191
[2026-06-30 00:28:46,122] INFO - Step  95: Loss= 4.5824 | PPO=-0.0006 | BC= 0.4646 | WR(baseline)=46.0% | WR(smart)=46.0% | Eps=189
[2026-06-30 00:28:47,140] INFO - Step 100: Loss= 4.6479 | PPO= 0.0001 | BC= 0.4604 | WR(baseline)=42.0% | WR(smart)=58.0% | Eps=187
[2026-06-30 00:28:48,152] INFO - Step 105: Loss= 4.8586 | PPO=-0.0019 | BC= 0.4511 | WR(baseline)=40.0% | WR(smart)=48.0% | Eps=187
[2026-06-30 00:28:49,161] INFO - Step 110: Loss= 4.1392 | PPO= 0.0003 | BC= 0.4847 | WR(baseline)=42.0% | WR(smart)=48.0% | Eps=190
[2026-06-30 00:28:50,129] INFO - Step 115: Loss= 4.1379 | PPO= 0.0015 | BC= 0.4996 | WR(baseline)=40.0% | WR(smart)=42.0% | Eps=189
[2026-06-30 00:28:51,142] INFO - Step 120: Loss= 4.6743 | PPO=-0.0004 | BC= 0.4861 | WR(baseline)=36.0% | WR(smart)=46.0% | Eps=191
[2026-06-30 00:28:52,125] INFO - Step 125: Loss= 4.0854 | PPO=-0.0000 | BC= 0.5130 | WR(baseline)=40.0% | WR(smart)=54.0% | Eps=192
[2026-06-30 00:28:53,126] INFO - Step 130: Loss= 4.3385 | PPO=-0.0004 | BC= 0.4949 | WR(baseline)=54.0% | WR(smart)=50.0% | Eps=185
[2026-06-30 00:28:54,097] INFO - Step 135: Loss= 3.8592 | PPO=-0.0009 | BC= 0.4911 | WR(baseline)=42.0% | WR(smart)=62.0% | Eps=190
[2026-06-30 00:28:55,073] INFO - Step 140: Loss= 4.2434 | PPO=-0.0004 | BC= 0.4661 | WR(baseline)=44.0% | WR(smart)=46.0% | Eps=191
[2026-06-30 00:28:56,071] INFO - Step 145: Loss= 4.0633 | PPO= 0.0009 | BC= 0.4814 | WR(baseline)=56.0% | WR(smart)=52.0% | Eps=192
[2026-06-30 00:28:57,063] INFO - Step 150: Loss= 4.4504 | PPO=-0.0009 | BC= 0.4546 | WR(baseline)=48.0% | WR(smart)=48.0% | Eps=193
[2026-06-30 00:28:58,042] INFO - Step 155: Loss= 3.7778 | PPO=-0.0004 | BC= 0.4836 | WR(baseline)=46.0% | WR(smart)=32.0% | Eps=187
[2026-06-30 00:28:59,032] INFO - Step 160: Loss= 4.2539 | PPO= 0.0004 | BC= 0.4409 | WR(baseline)=52.0% | WR(smart)=46.0% | Eps=189
[2026-06-30 00:29:00,054] INFO - Step 165: Loss= 3.8296 | PPO=-0.0025 | BC= 0.4524 | WR(baseline)=34.0% | WR(smart)=40.0% | Eps=188
[2026-06-30 00:29:01,039] INFO - Step 170: Loss= 4.1201 | PPO= 0.0002 | BC= 0.4991 | WR(baseline)=32.0% | WR(smart)=38.0% | Eps=193
[2026-06-30 00:29:02,033] INFO - Step 175: Loss= 4.1617 | PPO= 0.0001 | BC= 0.4842 | WR(baseline)=60.0% | WR(smart)=48.0% | Eps=192
[2026-06-30 00:29:03,011] INFO - Step 180: Loss= 4.6576 | PPO=-0.0004 | BC= 0.4543 | WR(baseline)=48.0% | WR(smart)=36.0% | Eps=191
[2026-06-30 00:29:03,970] INFO - Step 185: Loss= 4.3452 | PPO=-0.0002 | BC= 0.4918 | WR(baseline)=50.0% | WR(smart)=36.0% | Eps=194
[2026-06-30 00:29:04,952] INFO - Step 190: Loss= 4.1149 | PPO=-0.0004 | BC= 0.5232 | WR(baseline)=44.0% | WR(smart)=36.0% | Eps=192
[2026-06-30 00:29:05,952] INFO - Step 195: Loss= 4.5596 | PPO=-0.0006 | BC= 0.4547 | WR(baseline)=52.0% | WR(smart)=56.0% | Eps=193
[2026-06-30 00:29:06,915] INFO - Step 200: Loss= 4.1196 | PPO=-0.0002 | BC= 0.5176 | WR(baseline)=48.0% | WR(smart)=36.0% | Eps=194
[2026-06-30 00:29:07,891] INFO - Step 205: Loss= 4.0721 | PPO=-0.0007 | BC= 0.4844 | WR(baseline)=44.0% | WR(smart)=54.0% | Eps=191
[2026-06-30 00:29:08,869] INFO - Step 210: Loss= 3.3785 | PPO=-0.0010 | BC= 0.4684 | WR(baseline)=42.0% | WR(smart)=36.0% | Eps=189
[2026-06-30 00:29:09,881] INFO - Step 215: Loss= 4.2398 | PPO=-0.0013 | BC= 0.4429 | WR(baseline)=46.0% | WR(smart)=48.0% | Eps=193
[2026-06-30 00:29:10,840] INFO - Step 220: Loss= 4.1360 | PPO=-0.0008 | BC= 0.4255 | WR(baseline)=54.0% | WR(smart)=42.0% | Eps=193
[2026-06-30 00:29:11,798] INFO - Step 225: Loss= 4.0829 | PPO=-0.0005 | BC= 0.4579 | WR(baseline)=48.0% | WR(smart)=42.0% | Eps=195
[2026-06-30 00:29:12,742] INFO - Step 230: Loss= 4.0219 | PPO=-0.0004 | BC= 0.4988 | WR(baseline)=46.0% | WR(smart)=56.0% | Eps=189
[2026-06-30 00:29:13,691] INFO - Step 235: Loss= 4.2783 | PPO=-0.0002 | BC= 0.4489 | WR(baseline)=38.0% | WR(smart)=38.0% | Eps=195
[2026-06-30 00:29:14,650] INFO - Step 240: Loss= 3.8639 | PPO=-0.0012 | BC= 0.4520 | WR(baseline)=50.0% | WR(smart)=50.0% | Eps=194
[2026-06-30 00:29:15,600] INFO - Step 245: Loss= 3.9747 | PPO=-0.0012 | BC= 0.4460 | WR(baseline)=42.0% | WR(smart)=50.0% | Eps=193
[2026-06-30 00:29:16,549] INFO - Step 250: Loss= 4.3074 | PPO=-0.0011 | BC= 0.4250 | WR(baseline)=44.0% | WR(smart)=50.0% | Eps=188
[2026-06-30 00:29:17,488] INFO - Step 255: Loss= 3.8285 | PPO= 0.0007 | BC= 0.4731 | WR(baseline)=46.0% | WR(smart)=56.0% | Eps=190
[2026-06-30 00:29:18,457] INFO - Step 260: Loss= 3.7835 | PPO=-0.0012 | BC= 0.4713 | WR(baseline)=38.0% | WR(smart)=44.0% | Eps=194
[2026-06-30 00:29:19,417] INFO - Step 265: Loss= 4.2262 | PPO=-0.0004 | BC= 0.4508 | WR(baseline)=46.0% | WR(smart)=46.0% | Eps=191
[2026-06-30 00:29:20,363] INFO - Step 270: Loss= 3.8072 | PPO=-0.0017 | BC= 0.4169 | WR(baseline)=52.0% | WR(smart)=48.0% | Eps=191
[2026-06-30 00:29:21,328] INFO - Step 275: Loss= 4.5644 | PPO=-0.0003 | BC= 0.4310 | WR(baseline)=38.0% | WR(smart)=44.0% | Eps=191
[2026-06-30 00:29:22,292] INFO - Step 280: Loss= 3.6373 | PPO=-0.0014 | BC= 0.4385 | WR(baseline)=46.0% | WR(smart)=50.0% | Eps=192
[2026-06-30 00:29:23,249] INFO - Step 285: Loss= 4.2008 | PPO=-0.0011 | BC= 0.4666 | WR(baseline)=46.0% | WR(smart)=36.0% | Eps=193
[2026-06-30 00:29:24,195] INFO - Step 290: Loss= 4.5173 | PPO=-0.0012 | BC= 0.4399 | WR(baseline)=40.0% | WR(smart)=42.0% | Eps=193
[2026-06-30 00:29:25,132] INFO - Step 295: Loss= 4.1684 | PPO=-0.0017 | BC= 0.4917 | WR(baseline)=56.0% | WR(smart)=40.0% | Eps=190
[2026-06-30 00:29:26,069] INFO - Step 300: Loss= 3.5136 | PPO=-0.0007 | BC= 0.4072 | WR(baseline)=28.0% | WR(smart)=62.0% | Eps=191
[2026-06-30 00:29:26,070] INFO - 
✓ Training complete!
[2026-06-30 00:29:26,070] INFO - 
Final Evaluation (200 games each)...
[2026-06-30 00:29:26,258] INFO - Final Win Rate vs BaselineBot: 49.5%
[2026-06-30 00:29:26,258] INFO - Final Win Rate vs SmartBot:    47.0%
[2026-06-30 00:29:26,262] INFO - 
✓ Model saved to /Users/eshaankumar/Documents/spa-drp/bc_ppo_fd/agent_final.pt
[2026-06-30 00:32:39,250] INFO - Resuming from checkpoint: /Users/eshaankumar/Documents/spa-drp/bc_ppo_fd/agent_final.pt
[2026-06-30 00:32:39,250] INFO - ======================================================================
[2026-06-30 00:32:39,250] INFO - BC + PPO-fD Training Pipeline
[2026-06-30 00:32:39,250] INFO - ======================================================================
[2026-06-30 00:32:39,250] INFO - Using device: cpu
[2026-06-30 00:32:39,250] INFO - 
======================================================================
[2026-06-30 00:32:39,250] INFO - Loading / collecting BaselineBot demonstrations
[2026-06-30 00:32:39,250] INFO - ======================================================================
[2026-06-30 00:32:39,312] INFO - ✓ 57279 demonstrations available
[2026-06-30 00:32:39,335] INFO - Loading checkpoint from /Users/eshaankumar/Documents/spa-drp/bc_ppo_fd/agent_final.pt...
[2026-06-30 00:32:39,338] INFO - ✓ Checkpoint loaded
[2026-06-30 00:32:39,338] INFO - 
======================================================================
[2026-06-30 00:32:39,338] INFO - PHASE 2: PPO-FD ONLINE TRAINING
[2026-06-30 00:32:39,338] INFO - ======================================================================
[2026-06-30 00:32:39,808] INFO - Starting PPO training for 200 steps...
[2026-06-30 00:32:40,032] INFO - Step   1: Loss= 3.7854 | PPO=-0.0033 | BC= 0.4187 | WR(baseline)=54.0% | WR(smart)=40.0% | Eps=193
[2026-06-30 00:32:40,700] INFO - Step   5: Loss= 3.8753 | PPO=-0.0000 | BC= 0.4512 | WR(baseline)=54.0% | WR(smart)=42.0% | Eps=191
[2026-06-30 00:32:41,518] INFO - Step  10: Loss= 3.1537 | PPO=-0.0001 | BC= 0.4640 | WR(baseline)=42.0% | WR(smart)=38.0% | Eps=188
[2026-06-30 00:32:42,330] INFO - Step  15: Loss= 4.1558 | PPO= 0.0001 | BC= 0.4442 | WR(baseline)=44.0% | WR(smart)=32.0% | Eps=190
[2026-06-30 00:32:43,159] INFO - Step  20: Loss= 4.0849 | PPO=-0.0008 | BC= 0.4622 | WR(baseline)=46.0% | WR(smart)=48.0% | Eps=193
[2026-06-30 00:32:44,138] INFO - Step  25: Loss= 3.8924 | PPO=-0.0004 | BC= 0.4701 | WR(baseline)=42.0% | WR(smart)=42.0% | Eps=188
[2026-06-30 00:32:45,107] INFO - Step  30: Loss= 3.6996 | PPO=-0.0003 | BC= 0.4513 | WR(baseline)=50.0% | WR(smart)=48.0% | Eps=191
[2026-06-30 00:32:46,079] INFO - Step  35: Loss= 3.8295 | PPO=-0.0002 | BC= 0.4351 | WR(baseline)=56.0% | WR(smart)=48.0% | Eps=191
[2026-06-30 00:32:47,064] INFO - Step  40: Loss= 4.0469 | PPO=-0.0008 | BC= 0.4528 | WR(baseline)=38.0% | WR(smart)=56.0% | Eps=192
[2026-06-30 00:32:48,007] INFO - Step  45: Loss= 4.2427 | PPO=-0.0001 | BC= 0.4491 | WR(baseline)=60.0% | WR(smart)=46.0% | Eps=189
[2026-06-30 00:32:48,979] INFO - Step  50: Loss= 4.2192 | PPO=-0.0022 | BC= 0.4314 | WR(baseline)=38.0% | WR(smart)=42.0% | Eps=194
[2026-06-30 00:32:49,956] INFO - Step  55: Loss= 3.8425 | PPO=-0.0010 | BC= 0.4383 | WR(baseline)=50.0% | WR(smart)=52.0% | Eps=193
[2026-06-30 00:32:50,933] INFO - Step  60: Loss= 3.8605 | PPO=-0.0003 | BC= 0.4732 | WR(baseline)=46.0% | WR(smart)=50.0% | Eps=194
[2026-06-30 00:32:51,895] INFO - Step  65: Loss= 3.7481 | PPO=-0.0004 | BC= 0.4185 | WR(baseline)=50.0% | WR(smart)=44.0% | Eps=193
[2026-06-30 00:32:52,867] INFO - Step  70: Loss= 3.9323 | PPO=-0.0004 | BC= 0.4559 | WR(baseline)=40.0% | WR(smart)=52.0% | Eps=193
[2026-06-30 00:32:53,841] INFO - Step  75: Loss= 3.5674 | PPO=-0.0007 | BC= 0.4434 | WR(baseline)=36.0% | WR(smart)=34.0% | Eps=190
[2026-06-30 00:32:54,799] INFO - Step  80: Loss= 3.5026 | PPO=-0.0009 | BC= 0.4149 | WR(baseline)=48.0% | WR(smart)=46.0% | Eps=192
[2026-06-30 00:32:55,751] INFO - Step  85: Loss= 4.1222 | PPO=-0.0004 | BC= 0.3947 | WR(baseline)=52.0% | WR(smart)=50.0% | Eps=189
[2026-06-30 00:32:56,698] INFO - Step  90: Loss= 3.9758 | PPO=-0.0003 | BC= 0.3941 | WR(baseline)=62.0% | WR(smart)=50.0% | Eps=193
[2026-06-30 00:32:57,676] INFO - Step  95: Loss= 3.7643 | PPO= 0.0002 | BC= 0.4115 | WR(baseline)=48.0% | WR(smart)=40.0% | Eps=191
[2026-06-30 00:32:58,633] INFO - Step 100: Loss= 4.2897 | PPO=-0.0003 | BC= 0.4065 | WR(baseline)=54.0% | WR(smart)=46.0% | Eps=193
[2026-06-30 00:32:59,608] INFO - Step 105: Loss= 3.5832 | PPO=-0.0002 | BC= 0.4254 | WR(baseline)=50.0% | WR(smart)=44.0% | Eps=190
[2026-06-30 00:33:00,563] INFO - Step 110: Loss= 4.0355 | PPO= 0.0002 | BC= 0.4914 | WR(baseline)=36.0% | WR(smart)=36.0% | Eps=194
[2026-06-30 00:33:01,530] INFO - Step 115: Loss= 3.8364 | PPO=-0.0007 | BC= 0.4028 | WR(baseline)=62.0% | WR(smart)=44.0% | Eps=189
[2026-06-30 00:33:02,504] INFO - Step 120: Loss= 3.9355 | PPO=-0.0013 | BC= 0.4116 | WR(baseline)=40.0% | WR(smart)=42.0% | Eps=193
[2026-06-30 00:33:03,464] INFO - Step 125: Loss= 3.9934 | PPO=-0.0010 | BC= 0.4252 | WR(baseline)=48.0% | WR(smart)=50.0% | Eps=194
[2026-06-30 00:33:04,404] INFO - Step 130: Loss= 4.1299 | PPO=-0.0004 | BC= 0.4327 | WR(baseline)=46.0% | WR(smart)=52.0% | Eps=194
[2026-06-30 00:33:05,354] INFO - Step 135: Loss= 3.9214 | PPO=-0.0004 | BC= 0.4106 | WR(baseline)=52.0% | WR(smart)=44.0% | Eps=195
[2026-06-30 00:33:06,320] INFO - Step 140: Loss= 3.1435 | PPO=-0.0004 | BC= 0.4219 | WR(baseline)=52.0% | WR(smart)=44.0% | Eps=191
[2026-06-30 00:33:07,273] INFO - Step 145: Loss= 3.4444 | PPO=-0.0011 | BC= 0.4157 | WR(baseline)=52.0% | WR(smart)=50.0% | Eps=194
[2026-06-30 00:33:08,246] INFO - Step 150: Loss= 3.9958 | PPO=-0.0005 | BC= 0.4322 | WR(baseline)=42.0% | WR(smart)=50.0% | Eps=193
[2026-06-30 00:33:09,253] INFO - Step 155: Loss= 3.9954 | PPO=-0.0014 | BC= 0.4168 | WR(baseline)=50.0% | WR(smart)=64.0% | Eps=194
[2026-06-30 00:33:10,267] INFO - Step 160: Loss= 4.0048 | PPO=-0.0004 | BC= 0.4476 | WR(baseline)=58.0% | WR(smart)=42.0% | Eps=192
[2026-06-30 00:33:11,242] INFO - Step 165: Loss= 3.9143 | PPO=-0.0001 | BC= 0.4208 | WR(baseline)=42.0% | WR(smart)=48.0% | Eps=192
[2026-06-30 00:33:12,203] INFO - Step 170: Loss= 3.9034 | PPO=-0.0015 | BC= 0.4556 | WR(baseline)=46.0% | WR(smart)=66.0% | Eps=194
[2026-06-30 00:33:13,157] INFO - Step 175: Loss= 3.5790 | PPO=-0.0008 | BC= 0.4128 | WR(baseline)=42.0% | WR(smart)=50.0% | Eps=193
[2026-06-30 00:33:14,127] INFO - Step 180: Loss= 4.3891 | PPO=-0.0011 | BC= 0.3996 | WR(baseline)=40.0% | WR(smart)=44.0% | Eps=192
[2026-06-30 00:33:15,103] INFO - Step 185: Loss= 3.5227 | PPO=-0.0004 | BC= 0.3869 | WR(baseline)=46.0% | WR(smart)=62.0% | Eps=194
[2026-06-30 00:33:16,099] INFO - Step 190: Loss= 3.0535 | PPO=-0.0012 | BC= 0.4257 | WR(baseline)=52.0% | WR(smart)=26.0% | Eps=191
[2026-06-30 00:33:17,092] INFO - Step 195: Loss= 3.9502 | PPO=-0.0006 | BC= 0.4157 | WR(baseline)=50.0% | WR(smart)=42.0% | Eps=191
[2026-06-30 00:33:18,097] INFO - Step 200: Loss= 3.2955 | PPO=-0.0002 | BC= 0.4199 | WR(baseline)=34.0% | WR(smart)=54.0% | Eps=193
[2026-06-30 00:33:18,097] INFO - 
✓ Training complete!
[2026-06-30 00:33:18,097] INFO - 
Final Evaluation (200 games each)...
[2026-06-30 00:33:18,300] INFO - Final Win Rate vs BaselineBot: 39.5%
[2026-06-30 00:33:18,300] INFO - Final Win Rate vs SmartBot:    42.5%
[2026-06-30 00:33:18,301] INFO - 
✓ Model saved to /Users/eshaankumar/Documents/spa-drp/bc_ppo_fd/agent_final.pt
[2026-07-02 12:31:47,423] INFO - Resuming from checkpoint: /Users/eshaankumar/Documents/spa-drp/bc_ppo_fd/agent_final.pt
[2026-07-02 12:31:47,423] INFO - ======================================================================
[2026-07-02 12:31:47,423] INFO - BC + PPO-fD Training Pipeline
[2026-07-02 12:31:47,423] INFO - ======================================================================
[2026-07-02 12:31:47,424] INFO - Using device: cpu
[2026-07-02 12:31:47,428] INFO - 
======================================================================
[2026-07-02 12:31:47,428] INFO - Loading / collecting BaselineBot demonstrations
[2026-07-02 12:31:47,428] INFO - ======================================================================
[2026-07-02 12:31:47,491] INFO - ✓ 57279 demonstrations available
[2026-07-02 12:31:47,515] INFO - Loading checkpoint from /Users/eshaankumar/Documents/spa-drp/bc_ppo_fd/agent_final.pt...
[2026-07-02 12:31:47,520] INFO - ✓ Checkpoint loaded
[2026-07-02 12:31:47,520] INFO - 
======================================================================
[2026-07-02 12:31:47,520] INFO - PHASE 2: PPO-FD ONLINE TRAINING
[2026-07-02 12:31:47,520] INFO - ======================================================================
[2026-07-02 12:31:48,025] INFO - Starting PPO training for 200 steps...
[2026-07-02 12:31:48,295] INFO - Step   1: Loss= 3.2009 | PPO=-0.0026 | BC= 0.4054 | WR(baseline)=50.0% | WR(smart)=40.0% | Eps=194
[2026-07-02 12:31:48,964] INFO - Step   5: Loss= 3.1786 | PPO=-0.0011 | BC= 0.4144 | WR(baseline)=56.0% | WR(smart)=46.0% | Eps=193
[2026-07-02 12:31:49,786] INFO - Step  10: Loss= 3.1478 | PPO=-0.0000 | BC= 0.4156 | WR(baseline)=36.0% | WR(smart)=40.0% | Eps=190
[2026-07-02 12:31:50,606] INFO - Step  15: Loss= 3.4512 | PPO=-0.0003 | BC= 0.3975 | WR(baseline)=44.0% | WR(smart)=32.0% | Eps=190
[2026-07-02 12:31:51,423] INFO - Step  20: Loss= 3.4159 | PPO=-0.0007 | BC= 0.4158 | WR(baseline)=48.0% | WR(smart)=50.0% | Eps=192
[2026-07-02 12:31:52,411] INFO - Step  25: Loss= 4.1592 | PPO=-0.0014 | BC= 0.4197 | WR(baseline)=44.0% | WR(smart)=44.0% | Eps=196
[2026-07-02 12:31:53,397] INFO - Step  30: Loss= 3.5914 | PPO=-0.0007 | BC= 0.4172 | WR(baseline)=48.0% | WR(smart)=54.0% | Eps=193
[2026-07-02 12:31:54,392] INFO - Step  35: Loss= 3.7415 | PPO=-0.0008 | BC= 0.3932 | WR(baseline)=56.0% | WR(smart)=48.0% | Eps=190
[2026-07-02 12:31:55,392] INFO - Step  40: Loss= 3.9024 | PPO=-0.0004 | BC= 0.4276 | WR(baseline)=54.0% | WR(smart)=56.0% | Eps=194
[2026-07-02 12:31:56,365] INFO - Step  45: Loss= 3.7577 | PPO= 0.0001 | BC= 0.3675 | WR(baseline)=54.0% | WR(smart)=50.0% | Eps=192
[2026-07-02 12:31:57,342] INFO - Step  50: Loss= 3.6828 | PPO=-0.0011 | BC= 0.4093 | WR(baseline)=40.0% | WR(smart)=48.0% | Eps=195
[2026-07-02 12:31:58,328] INFO - Step  55: Loss= 3.2727 | PPO= 0.0005 | BC= 0.3597 | WR(baseline)=52.0% | WR(smart)=46.0% | Eps=190
[2026-07-02 12:31:59,310] INFO - Step  60: Loss= 4.3513 | PPO=-0.0004 | BC= 0.4020 | WR(baseline)=50.0% | WR(smart)=44.0% | Eps=192
[2026-07-02 12:32:00,325] INFO - Step  65: Loss= 3.6119 | PPO=-0.0002 | BC= 0.3700 | WR(baseline)=42.0% | WR(smart)=44.0% | Eps=192
[2026-07-02 12:32:01,334] INFO - Step  70: Loss= 3.9122 | PPO=-0.0001 | BC= 0.4016 | WR(baseline)=44.0% | WR(smart)=48.0% | Eps=188
[2026-07-02 12:32:02,314] INFO - Step  75: Loss= 3.6632 | PPO=-0.0006 | BC= 0.4129 | WR(baseline)=56.0% | WR(smart)=28.0% | Eps=193
[2026-07-02 12:32:03,284] INFO - Step  80: Loss= 3.8071 | PPO= 0.0001 | BC= 0.4091 | WR(baseline)=36.0% | WR(smart)=56.0% | Eps=189
[2026-07-02 12:32:04,258] INFO - Step  85: Loss= 3.6239 | PPO=-0.0004 | BC= 0.3707 | WR(baseline)=50.0% | WR(smart)=48.0% | Eps=190
[2026-07-02 12:32:05,222] INFO - Step  90: Loss= 3.5701 | PPO=-0.0005 | BC= 0.3945 | WR(baseline)=50.0% | WR(smart)=50.0% | Eps=192
[2026-07-02 12:32:06,213] INFO - Step  95: Loss= 3.1874 | PPO=-0.0001 | BC= 0.4190 | WR(baseline)=56.0% | WR(smart)=38.0% | Eps=193
[2026-07-02 12:32:07,189] INFO - Step 100: Loss= 4.2050 | PPO=-0.0009 | BC= 0.3812 | WR(baseline)=48.0% | WR(smart)=38.0% | Eps=193
[2026-07-02 12:32:08,168] INFO - Step 105: Loss= 3.5724 | PPO=-0.0000 | BC= 0.3994 | WR(baseline)=64.0% | WR(smart)=44.0% | Eps=191
[2026-07-02 12:32:09,128] INFO - Step 110: Loss= 3.3793 | PPO=-0.0010 | BC= 0.4477 | WR(baseline)=40.0% | WR(smart)=24.0% | Eps=192
[2026-07-02 12:32:10,100] INFO - Step 115: Loss= 3.7363 | PPO= 0.0000 | BC= 0.3724 | WR(baseline)=56.0% | WR(smart)=46.0% | Eps=191
[2026-07-02 12:32:11,085] INFO - Step 120: Loss= 3.5506 | PPO=-0.0006 | BC= 0.3971 | WR(baseline)=54.0% | WR(smart)=46.0% | Eps=195
[2026-07-02 12:32:12,061] INFO - Step 125: Loss= 3.4452 | PPO=-0.0021 | BC= 0.3596 | WR(baseline)=58.0% | WR(smart)=54.0% | Eps=192
[2026-07-02 12:32:13,027] INFO - Step 130: Loss= 3.2930 | PPO=-0.0008 | BC= 0.4456 | WR(baseline)=42.0% | WR(smart)=56.0% | Eps=189
[2026-07-02 12:32:14,000] INFO - Step 135: Loss= 4.1650 | PPO=-0.0013 | BC= 0.4048 | WR(baseline)=50.0% | WR(smart)=44.0% | Eps=192
[2026-07-02 12:32:14,983] INFO - Step 140: Loss= 2.8125 | PPO=-0.0005 | BC= 0.3853 | WR(baseline)=50.0% | WR(smart)=44.0% | Eps=191
[2026-07-02 12:32:15,944] INFO - Step 145: Loss= 3.0570 | PPO=-0.0004 | BC= 0.3905 | WR(baseline)=60.0% | WR(smart)=50.0% | Eps=192
[2026-07-02 12:32:16,914] INFO - Step 150: Loss= 3.3888 | PPO=-0.0001 | BC= 0.3998 | WR(baseline)=46.0% | WR(smart)=44.0% | Eps=197
[2026-07-02 12:32:17,901] INFO - Step 155: Loss= 3.7037 | PPO=-0.0015 | BC= 0.4025 | WR(baseline)=38.0% | WR(smart)=54.0% | Eps=191
[2026-07-02 12:32:18,877] INFO - Step 160: Loss= 3.7212 | PPO= 0.0005 | BC= 0.3788 | WR(baseline)=48.0% | WR(smart)=48.0% | Eps=194
[2026-07-02 12:32:19,845] INFO - Step 165: Loss= 3.3469 | PPO=-0.0012 | BC= 0.4108 | WR(baseline)=52.0% | WR(smart)=42.0% | Eps=190
[2026-07-02 12:32:20,805] INFO - Step 170: Loss= 3.6328 | PPO=-0.0007 | BC= 0.3911 | WR(baseline)=48.0% | WR(smart)=42.0% | Eps=189
[2026-07-02 12:32:21,759] INFO - Step 175: Loss= 3.3826 | PPO=-0.0007 | BC= 0.3960 | WR(baseline)=50.0% | WR(smart)=50.0% | Eps=189
[2026-07-02 12:32:22,725] INFO - Step 180: Loss= 4.0468 | PPO=-0.0008 | BC= 0.3868 | WR(baseline)=52.0% | WR(smart)=46.0% | Eps=192
[2026-07-02 12:32:23,690] INFO - Step 185: Loss= 2.8901 | PPO=-0.0005 | BC= 0.4122 | WR(baseline)=36.0% | WR(smart)=46.0% | Eps=193
[2026-07-02 12:32:24,671] INFO - Step 190: Loss= 3.0673 | PPO=-0.0003 | BC= 0.4051 | WR(baseline)=38.0% | WR(smart)=48.0% | Eps=195
[2026-07-02 12:32:25,644] INFO - Step 195: Loss= 3.9136 | PPO=-0.0012 | BC= 0.3728 | WR(baseline)=44.0% | WR(smart)=68.0% | Eps=191
[2026-07-02 12:32:26,605] INFO - Step 200: Loss= 3.3811 | PPO=-0.0007 | BC= 0.3895 | WR(baseline)=48.0% | WR(smart)=50.0% | Eps=193
[2026-07-02 12:32:26,605] INFO - 
✓ Training complete!
[2026-07-02 12:32:26,605] INFO - 
Final Evaluation (200 games each)...
[2026-07-02 12:32:26,798] INFO - Final Win Rate vs BaselineBot: 41.0%
[2026-07-02 12:32:26,798] INFO - Final Win Rate vs SmartBot:    43.0%
[2026-07-02 12:32:26,801] INFO - 
✓ Model saved to /Users/eshaankumar/Documents/spa-drp/bc_ppo_fd/agent_final.pt
[2026-07-02 13:03:07,635] INFO - Resuming from checkpoint: /Users/eshaankumar/Documents/spa-drp/bc_ppo_fd/agent_final.pt
[2026-07-02 13:03:07,635] INFO - ======================================================================
[2026-07-02 13:03:07,635] INFO - BC + PPO-fD Training Pipeline
[2026-07-02 13:03:07,635] INFO - ======================================================================
[2026-07-02 13:03:07,635] INFO - Using device: cpu
[2026-07-02 13:03:07,643] INFO - 
======================================================================
[2026-07-02 13:03:07,644] INFO - Loading / collecting BaselineBot demonstrations
[2026-07-02 13:03:07,644] INFO - ======================================================================
[2026-07-02 13:03:07,715] INFO - ✓ 57279 demonstrations available
[2026-07-02 13:03:07,742] INFO - Loading checkpoint from /Users/eshaankumar/Documents/spa-drp/bc_ppo_fd/agent_final.pt...
[2026-07-02 13:03:07,747] INFO - ✓ Checkpoint loaded
[2026-07-02 13:03:07,747] INFO - 
======================================================================
[2026-07-02 13:03:07,747] INFO - PHASE 2: PPO-FD ONLINE TRAINING
[2026-07-02 13:03:07,747] INFO - ======================================================================
[2026-07-02 13:03:08,351] INFO - Starting PPO training for 200 steps...
[2026-07-02 13:03:08,605] INFO - Step   1: Loss= 3.1631 | PPO=-0.0025 | BC= 0.3819 | WR(baseline)=54.0% | WR(smart)=36.0% | Eps=192
[2026-07-02 13:03:09,284] INFO - Step   5: Loss= 2.6778 | PPO=-0.0010 | BC= 0.3771 | WR(baseline)=54.0% | WR(smart)=42.0% | Eps=191
[2026-07-02 13:03:10,117] INFO - Step  10: Loss= 2.5131 | PPO=-0.0011 | BC= 0.4081 | WR(baseline)=40.0% | WR(smart)=42.0% | Eps=190
[2026-07-02 13:03:10,951] INFO - Step  15: Loss= 3.3847 | PPO=-0.0005 | BC= 0.3901 | WR(baseline)=38.0% | WR(smart)=36.0% | Eps=192
[2026-07-02 13:03:11,776] INFO - Step  20: Loss= 3.4735 | PPO=-0.0003 | BC= 0.3907 | WR(baseline)=50.0% | WR(smart)=54.0% | Eps=191
[2026-07-02 13:03:12,743] INFO - Step  25: Loss= 3.8008 | PPO=-0.0015 | BC= 0.4012 | WR(baseline)=38.0% | WR(smart)=44.0% | Eps=194
[2026-07-02 13:03:13,703] INFO - Step  30: Loss= 3.7677 | PPO=-0.0000 | BC= 0.3861 | WR(baseline)=46.0% | WR(smart)=50.0% | Eps=188
[2026-07-02 13:03:14,720] INFO - Step  35: Loss= 3.0316 | PPO=-0.0002 | BC= 0.3861 | WR(baseline)=58.0% | WR(smart)=48.0% | Eps=192
[2026-07-02 13:03:15,730] INFO - Step  40: Loss= 3.0745 | PPO=-0.0008 | BC= 0.4084 | WR(baseline)=42.0% | WR(smart)=56.0% | Eps=193
[2026-07-02 13:03:16,690] INFO - Step  45: Loss= 3.6015 | PPO= 0.0000 | BC= 0.3860 | WR(baseline)=54.0% | WR(smart)=42.0% | Eps=191
[2026-07-02 13:03:17,654] INFO - Step  50: Loss= 3.8924 | PPO= 0.0003 | BC= 0.3881 | WR(baseline)=42.0% | WR(smart)=44.0% | Eps=193
[2026-07-02 13:03:18,639] INFO - Step  55: Loss= 3.4307 | PPO=-0.0012 | BC= 0.3638 | WR(baseline)=50.0% | WR(smart)=52.0% | Eps=189
[2026-07-02 13:03:19,585] INFO - Step  60: Loss= 3.5882 | PPO=-0.0001 | BC= 0.3927 | WR(baseline)=40.0% | WR(smart)=52.0% | Eps=189
[2026-07-02 13:03:20,531] INFO - Step  65: Loss= 2.9631 | PPO=-0.0003 | BC= 0.3572 | WR(baseline)=44.0% | WR(smart)=42.0% | Eps=190
[2026-07-02 13:03:21,553] INFO - Step  70: Loss= 4.0176 | PPO=-0.0007 | BC= 0.3693 | WR(baseline)=52.0% | WR(smart)=42.0% | Eps=191
[2026-07-02 13:03:22,576] INFO - Step  75: Loss= 3.6148 | PPO= 0.0001 | BC= 0.3927 | WR(baseline)=48.0% | WR(smart)=46.0% | Eps=192
[2026-07-02 13:03:23,591] INFO - Step  80: Loss= 2.7869 | PPO= 0.0003 | BC= 0.3609 | WR(baseline)=40.0% | WR(smart)=40.0% | Eps=193
[2026-07-02 13:03:24,622] INFO - Step  85: Loss= 3.8021 | PPO=-0.0007 | BC= 0.3458 | WR(baseline)=50.0% | WR(smart)=42.0% | Eps=191
[2026-07-02 13:03:25,644] INFO - Step  90: Loss= 3.1353 | PPO=-0.0005 | BC= 0.3662 | WR(baseline)=40.0% | WR(smart)=58.0% | Eps=194
[2026-07-02 13:03:26,680] INFO - Step  95: Loss= 3.0530 | PPO=-0.0002 | BC= 0.3841 | WR(baseline)=50.0% | WR(smart)=54.0% | Eps=192
[2026-07-02 13:03:27,704] INFO - Step 100: Loss= 4.0412 | PPO=-0.0005 | BC= 0.3896 | WR(baseline)=56.0% | WR(smart)=48.0% | Eps=192
[2026-07-02 13:03:28,729] INFO - Step 105: Loss= 3.3563 | PPO=-0.0003 | BC= 0.3621 | WR(baseline)=54.0% | WR(smart)=62.0% | Eps=192
[2026-07-02 13:03:29,718] INFO - Step 110: Loss= 3.6806 | PPO=-0.0005 | BC= 0.3945 | WR(baseline)=50.0% | WR(smart)=42.0% | Eps=189
[2026-07-02 13:03:30,713] INFO - Step 115: Loss= 3.7160 | PPO=-0.0012 | BC= 0.3460 | WR(baseline)=64.0% | WR(smart)=44.0% | Eps=191
[2026-07-02 13:03:31,740] INFO - Step 120: Loss= 4.0648 | PPO=-0.0004 | BC= 0.3501 | WR(baseline)=42.0% | WR(smart)=60.0% | Eps=191
[2026-07-02 13:03:32,724] INFO - Step 125: Loss= 3.6942 | PPO=-0.0008 | BC= 0.3819 | WR(baseline)=58.0% | WR(smart)=50.0% | Eps=189
[2026-07-02 13:03:33,700] INFO - Step 130: Loss= 3.1043 | PPO=-0.0002 | BC= 0.3777 | WR(baseline)=46.0% | WR(smart)=36.0% | Eps=188
[2026-07-02 13:03:34,669] INFO - Step 135: Loss= 3.3905 | PPO= 0.0001 | BC= 0.3525 | WR(baseline)=42.0% | WR(smart)=56.0% | Eps=191
[2026-07-02 13:03:35,650] INFO - Step 140: Loss= 3.5854 | PPO=-0.0001 | BC= 0.4078 | WR(baseline)=58.0% | WR(smart)=34.0% | Eps=190
[2026-07-02 13:03:36,632] INFO - Step 145: Loss= 3.0512 | PPO=-0.0011 | BC= 0.3753 | WR(baseline)=64.0% | WR(smart)=28.0% | Eps=191
[2026-07-02 13:03:37,624] INFO - Step 150: Loss= 3.4768 | PPO=-0.0007 | BC= 0.3860 | WR(baseline)=52.0% | WR(smart)=52.0% | Eps=189
[2026-07-02 13:03:38,612] INFO - Step 155: Loss= 3.6995 | PPO=-0.0002 | BC= 0.3663 | WR(baseline)=48.0% | WR(smart)=50.0% | Eps=189
[2026-07-02 13:03:39,635] INFO - Step 160: Loss= 3.7056 | PPO=-0.0005 | BC= 0.3853 | WR(baseline)=40.0% | WR(smart)=42.0% | Eps=191
[2026-07-02 13:03:40,625] INFO - Step 165: Loss= 3.7655 | PPO=-0.0006 | BC= 0.3840 | WR(baseline)=60.0% | WR(smart)=50.0% | Eps=188
[2026-07-02 13:03:41,580] INFO - Step 170: Loss= 2.9974 | PPO=-0.0008 | BC= 0.3618 | WR(baseline)=54.0% | WR(smart)=42.0% | Eps=193
[2026-07-02 13:03:42,512] INFO - Step 175: Loss= 3.2577 | PPO=-0.0017 | BC= 0.3675 | WR(baseline)=54.0% | WR(smart)=42.0% | Eps=189
[2026-07-02 13:03:43,451] INFO - Step 180: Loss= 3.5863 | PPO=-0.0000 | BC= 0.3621 | WR(baseline)=46.0% | WR(smart)=40.0% | Eps=192
[2026-07-02 13:03:44,408] INFO - Step 185: Loss= 3.1245 | PPO=-0.0005 | BC= 0.3384 | WR(baseline)=46.0% | WR(smart)=40.0% | Eps=194
[2026-07-02 13:03:45,365] INFO - Step 190: Loss= 3.4694 | PPO= 0.0007 | BC= 0.3570 | WR(baseline)=40.0% | WR(smart)=42.0% | Eps=192
[2026-07-02 13:03:46,331] INFO - Step 195: Loss= 3.1759 | PPO=-0.0012 | BC= 0.3628 | WR(baseline)=54.0% | WR(smart)=50.0% | Eps=189
[2026-07-02 13:03:47,287] INFO - Step 200: Loss= 3.1708 | PPO=-0.0012 | BC= 0.3462 | WR(baseline)=40.0% | WR(smart)=42.0% | Eps=190
[2026-07-02 13:03:47,287] INFO - 
✓ Training complete!
[2026-07-02 13:03:47,287] INFO - 
Final Evaluation (200 games each)...
[2026-07-02 13:03:47,477] INFO - Final Win Rate vs BaselineBot: 46.0%
[2026-07-02 13:03:47,477] INFO - Final Win Rate vs SmartBot:    46.0%
[2026-07-02 13:03:47,478] INFO - 
✓ Model saved to /Users/eshaankumar/Documents/spa-drp/bc_ppo_fd/agent_final.pt
[2026-07-02 13:16:22,719] INFO - Resuming from checkpoint: /Users/eshaankumar/Documents/spa-drp/bc_ppo_fd/agent_final.pt
[2026-07-02 13:16:22,719] INFO - ======================================================================
[2026-07-02 13:16:22,719] INFO - BC + PPO-fD Training Pipeline
[2026-07-02 13:16:22,719] INFO - ======================================================================
[2026-07-02 13:16:22,719] INFO - Using device: cpu
[2026-07-02 13:16:22,725] INFO - 
======================================================================
[2026-07-02 13:16:22,725] INFO - Loading / collecting BaselineBot demonstrations
[2026-07-02 13:16:22,725] INFO - ======================================================================
[2026-07-02 13:16:22,801] INFO - ✓ 57279 demonstrations available
[2026-07-02 13:16:22,828] INFO - Loading checkpoint from /Users/eshaankumar/Documents/spa-drp/bc_ppo_fd/agent_final.pt...
[2026-07-02 13:16:22,832] INFO - ✓ Checkpoint loaded
[2026-07-02 13:16:22,832] INFO - 
======================================================================
[2026-07-02 13:16:22,832] INFO - PHASE 2: PPO-FD ONLINE TRAINING
[2026-07-02 13:16:22,832] INFO - ======================================================================
[2026-07-02 13:16:23,372] INFO - Starting PPO training for 200 steps...
[2026-07-02 13:16:23,634] INFO - Step   1: Loss= 3.1770 | PPO=-0.0029 | BC= 0.3598 | WR(baseline)=56.0% | WR(smart)=38.0% | Eps=190
[2026-07-02 13:16:24,306] INFO - Step   5: Loss= 2.8053 | PPO=-0.0013 | BC= 0.3572 | WR(baseline)=50.0% | WR(smart)=40.0% | Eps=187
[2026-07-02 13:16:25,131] INFO - Step  10: Loss= 2.7305 | PPO=-0.0007 | BC= 0.3996 | WR(baseline)=30.0% | WR(smart)=42.0% | Eps=189
[2026-07-02 13:16:25,969] INFO - Step  15: Loss= 3.2296 | PPO=-0.0010 | BC= 0.3804 | WR(baseline)=46.0% | WR(smart)=28.0% | Eps=195
[2026-07-02 13:16:26,806] INFO - Step  20: Loss= 3.0983 | PPO=-0.0011 | BC= 0.3772 | WR(baseline)=42.0% | WR(smart)=56.0% | Eps=190
[2026-07-02 13:16:27,808] INFO - Step  25: Loss= 3.7795 | PPO=-0.0002 | BC= 0.3803 | WR(baseline)=54.0% | WR(smart)=42.0% | Eps=191
[2026-07-02 13:16:28,783] INFO - Step  30: Loss= 3.7685 | PPO=-0.0003 | BC= 0.3643 | WR(baseline)=48.0% | WR(smart)=56.0% | Eps=191
[2026-07-02 13:16:29,773] INFO - Step  35: Loss= 3.1806 | PPO=-0.0007 | BC= 0.3535 | WR(baseline)=52.0% | WR(smart)=48.0% | Eps=192
[2026-07-02 13:16:30,775] INFO - Step  40: Loss= 3.3257 | PPO=-0.0012 | BC= 0.3809 | WR(baseline)=54.0% | WR(smart)=42.0% | Eps=194
[2026-07-02 13:16:31,739] INFO - Step  45: Loss= 3.4374 | PPO=-0.0017 | BC= 0.3457 | WR(baseline)=44.0% | WR(smart)=60.0% | Eps=193
[2026-07-02 13:16:32,716] INFO - Step  50: Loss= 3.3186 | PPO=-0.0004 | BC= 0.3619 | WR(baseline)=40.0% | WR(smart)=44.0% | Eps=191
[2026-07-02 13:16:33,689] INFO - Step  55: Loss= 3.2590 | PPO=-0.0013 | BC= 0.3359 | WR(baseline)=52.0% | WR(smart)=44.0% | Eps=188
[2026-07-02 13:16:34,652] INFO - Step  60: Loss= 3.3710 | PPO=-0.0006 | BC= 0.3656 | WR(baseline)=56.0% | WR(smart)=46.0% | Eps=192
[2026-07-02 13:16:35,619] INFO - Step  65: Loss= 3.2670 | PPO=-0.0009 | BC= 0.3479 | WR(baseline)=36.0% | WR(smart)=34.0% | Eps=189
[2026-07-02 13:16:36,608] INFO - Step  70: Loss= 3.6731 | PPO=-0.0008 | BC= 0.3689 | WR(baseline)=56.0% | WR(smart)=44.0% | Eps=191
[2026-07-02 13:16:37,579] INFO - Step  75: Loss= 3.3096 | PPO=-0.0005 | BC= 0.3822 | WR(baseline)=54.0% | WR(smart)=40.0% | Eps=192
[2026-07-02 13:16:38,537] INFO - Step  80: Loss= 2.8842 | PPO=-0.0012 | BC= 0.3600 | WR(baseline)=52.0% | WR(smart)=36.0% | Eps=194
[2026-07-02 13:16:39,522] INFO - Step  85: Loss= 3.6086 | PPO=-0.0016 | BC= 0.3861 | WR(baseline)=42.0% | WR(smart)=42.0% | Eps=188
[2026-07-02 13:16:40,475] INFO - Step  90: Loss= 3.0469 | PPO=-0.0006 | BC= 0.3697 | WR(baseline)=50.0% | WR(smart)=40.0% | Eps=192
[2026-07-02 13:16:41,449] INFO - Step  95: Loss= 3.3807 | PPO=-0.0006 | BC= 0.3656 | WR(baseline)=44.0% | WR(smart)=54.0% | Eps=190
[2026-07-02 13:16:42,416] INFO - Step 100: Loss= 4.0516 | PPO=-0.0009 | BC= 0.3684 | WR(baseline)=56.0% | WR(smart)=56.0% | Eps=192
[2026-07-02 13:16:43,389] INFO - Step 105: Loss= 3.0390 | PPO=-0.0011 | BC= 0.3165 | WR(baseline)=56.0% | WR(smart)=56.0% | Eps=190
[2026-07-02 13:16:44,343] INFO - Step 110: Loss= 3.3656 | PPO=-0.0015 | BC= 0.3461 | WR(baseline)=48.0% | WR(smart)=42.0% | Eps=189
[2026-07-02 13:16:45,304] INFO - Step 115: Loss= 2.8008 | PPO=-0.0012 | BC= 0.3646 | WR(baseline)=38.0% | WR(smart)=48.0% | Eps=192
[2026-07-02 13:16:46,274] INFO - Step 120: Loss= 3.3646 | PPO=-0.0009 | BC= 0.3520 | WR(baseline)=40.0% | WR(smart)=40.0% | Eps=192
[2026-07-02 13:16:47,226] INFO - Step 125: Loss= 3.1994 | PPO=-0.0004 | BC= 0.3628 | WR(baseline)=46.0% | WR(smart)=46.0% | Eps=192
[2026-07-02 13:16:48,180] INFO - Step 130: Loss= 3.1268 | PPO=-0.0012 | BC= 0.3266 | WR(baseline)=42.0% | WR(smart)=60.0% | Eps=190
[2026-07-02 13:16:49,126] INFO - Step 135: Loss= 3.8397 | PPO=-0.0012 | BC= 0.3474 | WR(baseline)=46.0% | WR(smart)=46.0% | Eps=190
[2026-07-02 13:16:50,084] INFO - Step 140: Loss= 3.8025 | PPO=-0.0003 | BC= 0.3658 | WR(baseline)=44.0% | WR(smart)=46.0% | Eps=192
[2026-07-02 13:16:51,011] INFO - Step 145: Loss= 3.0506 | PPO=-0.0002 | BC= 0.3480 | WR(baseline)=64.0% | WR(smart)=44.0% | Eps=189
[2026-07-02 13:16:51,965] INFO - Step 150: Loss= 3.1294 | PPO=-0.0007 | BC= 0.3554 | WR(baseline)=52.0% | WR(smart)=40.0% | Eps=189
[2026-07-02 13:16:52,917] INFO - Step 155: Loss= 3.5650 | PPO=-0.0005 | BC= 0.3427 | WR(baseline)=54.0% | WR(smart)=52.0% | Eps=192
[2026-07-02 13:16:53,861] INFO - Step 160: Loss= 3.5956 | PPO=-0.0008 | BC= 0.3518 | WR(baseline)=38.0% | WR(smart)=48.0% | Eps=191
[2026-07-02 13:16:54,799] INFO - Step 165: Loss= 3.1909 | PPO=-0.0001 | BC= 0.3183 | WR(baseline)=58.0% | WR(smart)=52.0% | Eps=190
[2026-07-02 13:16:55,743] INFO - Step 170: Loss= 2.9349 | PPO=-0.0014 | BC= 0.3670 | WR(baseline)=42.0% | WR(smart)=48.0% | Eps=190
[2026-07-02 13:16:56,667] INFO - Step 175: Loss= 3.3178 | PPO=-0.0010 | BC= 0.3387 | WR(baseline)=54.0% | WR(smart)=46.0% | Eps=186
[2026-07-02 13:16:57,596] INFO - Step 180: Loss= 3.7918 | PPO=-0.0002 | BC= 0.3221 | WR(baseline)=42.0% | WR(smart)=46.0% | Eps=192
[2026-07-02 13:16:58,530] INFO - Step 185: Loss= 3.5225 | PPO=-0.0014 | BC= 0.3476 | WR(baseline)=48.0% | WR(smart)=52.0% | Eps=193
[2026-07-02 13:16:59,459] INFO - Step 190: Loss= 2.9335 | PPO=-0.0006 | BC= 0.3701 | WR(baseline)=52.0% | WR(smart)=48.0% | Eps=190
[2026-07-02 13:17:00,403] INFO - Step 195: Loss= 3.5836 | PPO=-0.0003 | BC= 0.3345 | WR(baseline)=50.0% | WR(smart)=56.0% | Eps=191
[2026-07-02 13:17:01,336] INFO - Step 200: Loss= 3.4030 | PPO=-0.0001 | BC= 0.3608 | WR(baseline)=54.0% | WR(smart)=44.0% | Eps=187
[2026-07-02 13:17:01,336] INFO - 
✓ Training complete!
[2026-07-02 13:17:01,336] INFO - 
Final Evaluation (200 games each)...
[2026-07-02 13:17:01,522] INFO - Final Win Rate vs BaselineBot: 45.5%
[2026-07-02 13:17:01,522] INFO - Final Win Rate vs SmartBot:    45.0%
[2026-07-02 13:17:01,523] INFO - 
✓ Model saved to /Users/eshaankumar/Documents/spa-drp/bc_ppo_fd/agent_final.pt
[2026-07-02 13:20:20,028] INFO - Resuming from checkpoint: /Users/eshaankumar/Documents/spa-drp/bc_ppo_fd/agent_final.pt
[2026-07-02 13:20:20,028] INFO - ======================================================================
[2026-07-02 13:20:20,028] INFO - BC + PPO-fD Training Pipeline
[2026-07-02 13:20:20,028] INFO - ======================================================================
[2026-07-02 13:20:20,028] INFO - Using device: cpu
[2026-07-02 13:20:20,033] INFO - 
======================================================================
[2026-07-02 13:20:20,033] INFO - Loading / collecting BaselineBot demonstrations
[2026-07-02 13:20:20,033] INFO - ======================================================================
[2026-07-02 13:20:20,108] INFO - ✓ 57279 demonstrations available
[2026-07-02 13:20:20,137] INFO - Loading checkpoint from /Users/eshaankumar/Documents/spa-drp/bc_ppo_fd/agent_final.pt...
[2026-07-02 13:20:20,143] INFO - ✓ Checkpoint loaded
[2026-07-02 13:20:20,143] INFO - 
======================================================================
[2026-07-02 13:20:20,143] INFO - PHASE 2: PPO-FD ONLINE TRAINING
[2026-07-02 13:20:20,143] INFO - ======================================================================
[2026-07-02 13:20:20,646] INFO - Starting PPO training for 1000 steps...
[2026-07-02 13:20:20,900] INFO - Step   1: Loss= 3.7058 | PPO=-0.0024 | BC= 0.3652 | WR(baseline)=50.0% | WR(smart)=44.0% | Eps=190
[2026-07-02 13:20:21,551] INFO - Step   5: Loss= 2.7626 | PPO= 0.0002 | BC= 0.3481 | WR(baseline)=54.0% | WR(smart)=40.0% | Eps=190
[2026-07-02 13:20:22,351] INFO - Step  10: Loss= 2.7817 | PPO=-0.0016 | BC= 0.3629 | WR(baseline)=40.0% | WR(smart)=40.0% | Eps=187
[2026-07-02 13:20:23,125] INFO - Step  15: Loss= 3.3910 | PPO=-0.0003 | BC= 0.3640 | WR(baseline)=46.0% | WR(smart)=30.0% | Eps=192
[2026-07-02 13:20:23,920] INFO - Step  20: Loss= 3.1313 | PPO=-0.0000 | BC= 0.3551 | WR(baseline)=42.0% | WR(smart)=56.0% | Eps=191
[2026-07-02 13:20:24,874] INFO - Step  25: Loss= 3.5417 | PPO=-0.0010 | BC= 0.3567 | WR(baseline)=54.0% | WR(smart)=38.0% | Eps=191
[2026-07-02 13:20:25,820] INFO - Step  30: Loss= 3.3722 | PPO=-0.0003 | BC= 0.3639 | WR(baseline)=48.0% | WR(smart)=54.0% | Eps=191
[2026-07-02 13:20:26,763] INFO - Step  35: Loss= 3.3025 | PPO=-0.0005 | BC= 0.3534 | WR(baseline)=52.0% | WR(smart)=50.0% | Eps=193
[2026-07-02 13:20:27,706] INFO - Step  40: Loss= 4.4238 | PPO= 0.0002 | BC= 0.3648 | WR(baseline)=50.0% | WR(smart)=46.0% | Eps=191
[2026-07-02 13:20:28,657] INFO - Step  45: Loss= 3.1893 | PPO=-0.0011 | BC= 0.3489 | WR(baseline)=48.0% | WR(smart)=52.0% | Eps=193
[2026-07-02 13:20:29,635] INFO - Step  50: Loss= 2.7917 | PPO=-0.0002 | BC= 0.3535 | WR(baseline)=42.0% | WR(smart)=40.0% | Eps=192
[2026-07-02 13:20:30,592] INFO - Step  55: Loss= 3.5569 | PPO= 0.0001 | BC= 0.3296 | WR(baseline)=54.0% | WR(smart)=42.0% | Eps=190
[2026-07-02 13:20:31,547] INFO - Step  60: Loss= 3.6528 | PPO=-0.0010 | BC= 0.3222 | WR(baseline)=60.0% | WR(smart)=42.0% | Eps=192
[2026-07-02 13:20:32,499] INFO - Step  65: Loss= 2.7212 | PPO=-0.0007 | BC= 0.3390 | WR(baseline)=36.0% | WR(smart)=34.0% | Eps=191
[2026-07-02 13:20:33,469] INFO - Step  70: Loss= 3.2594 | PPO=-0.0009 | BC= 0.3213 | WR(baseline)=56.0% | WR(smart)=48.0% | Eps=190
[2026-07-02 13:20:34,437] INFO - Step  75: Loss= 3.1228 | PPO=-0.0015 | BC= 0.3621 | WR(baseline)=50.0% | WR(smart)=48.0% | Eps=192
[2026-07-02 13:20:35,399] INFO - Step  80: Loss= 2.5426 | PPO=-0.0008 | BC= 0.3447 | WR(baseline)=54.0% | WR(smart)=32.0% | Eps=192
[2026-07-02 13:20:36,353] INFO - Step  85: Loss= 3.0186 | PPO= 0.0002 | BC= 0.3491 | WR(baseline)=40.0% | WR(smart)=44.0% | Eps=192
[2026-07-02 13:20:37,350] INFO - Step  90: Loss= 2.8864 | PPO=-0.0001 | BC= 0.3083 | WR(baseline)=52.0% | WR(smart)=48.0% | Eps=191
[2026-07-02 13:20:38,291] INFO - Step  95: Loss= 2.7797 | PPO=-0.0012 | BC= 0.3461 | WR(baseline)=50.0% | WR(smart)=50.0% | Eps=189
[2026-07-02 13:20:39,209] INFO - Step 100: Loss= 3.3440 | PPO= 0.0002 | BC= 0.3582 | WR(baseline)=44.0% | WR(smart)=62.0% | Eps=192
[2026-07-02 13:20:40,121] INFO - Step 105: Loss= 3.0581 | PPO=-0.0015 | BC= 0.3514 | WR(baseline)=64.0% | WR(smart)=50.0% | Eps=194
[2026-07-02 13:20:41,020] INFO - Step 110: Loss= 2.7173 | PPO=-0.0005 | BC= 0.3458 | WR(baseline)=60.0% | WR(smart)=44.0% | Eps=190
[2026-07-02 13:20:41,931] INFO - Step 115: Loss= 3.2448 | PPO=-0.0009 | BC= 0.3409 | WR(baseline)=40.0% | WR(smart)=46.0% | Eps=191
[2026-07-02 13:20:42,845] INFO - Step 120: Loss= 3.4794 | PPO=-0.0013 | BC= 0.3247 | WR(baseline)=36.0% | WR(smart)=42.0% | Eps=191
[2026-07-02 13:20:43,743] INFO - Step 125: Loss= 2.9996 | PPO=-0.0005 | BC= 0.3470 | WR(baseline)=48.0% | WR(smart)=40.0% | Eps=190
[2026-07-02 13:20:44,634] INFO - Step 130: Loss= 2.7311 | PPO=-0.0007 | BC= 0.3397 | WR(baseline)=42.0% | WR(smart)=54.0% | Eps=187
[2026-07-02 13:20:45,534] INFO - Step 135: Loss= 3.1393 | PPO=-0.0011 | BC= 0.3086 | WR(baseline)=42.0% | WR(smart)=50.0% | Eps=188
[2026-07-02 13:20:46,441] INFO - Step 140: Loss= 3.5244 | PPO= 0.0003 | BC= 0.3212 | WR(baseline)=44.0% | WR(smart)=42.0% | Eps=193
[2026-07-02 13:20:47,331] INFO - Step 145: Loss= 3.2338 | PPO=-0.0011 | BC= 0.3336 | WR(baseline)=58.0% | WR(smart)=64.0% | Eps=190
[2026-07-02 13:20:48,223] INFO - Step 150: Loss= 3.0386 | PPO=-0.0015 | BC= 0.3223 | WR(baseline)=46.0% | WR(smart)=50.0% | Eps=190
[2026-07-02 13:20:49,133] INFO - Step 155: Loss= 3.5291 | PPO=-0.0005 | BC= 0.3229 | WR(baseline)=52.0% | WR(smart)=52.0% | Eps=190
[2026-07-02 13:20:50,029] INFO - Step 160: Loss= 3.1203 | PPO=-0.0007 | BC= 0.3267 | WR(baseline)=62.0% | WR(smart)=52.0% | Eps=190
[2026-07-02 13:20:50,941] INFO - Step 165: Loss= 3.9254 | PPO=-0.0004 | BC= 0.3254 | WR(baseline)=40.0% | WR(smart)=58.0% | Eps=190
[2026-07-02 13:20:51,838] INFO - Step 170: Loss= 3.5064 | PPO= 0.0005 | BC= 0.3100 | WR(baseline)=40.0% | WR(smart)=44.0% | Eps=190
[2026-07-02 13:20:52,723] INFO - Step 175: Loss= 3.2220 | PPO=-0.0005 | BC= 0.3284 | WR(baseline)=50.0% | WR(smart)=52.0% | Eps=189
[2026-07-02 13:20:53,620] INFO - Step 180: Loss= 3.4259 | PPO=-0.0005 | BC= 0.3212 | WR(baseline)=42.0% | WR(smart)=38.0% | Eps=188
[2026-07-02 13:20:54,518] INFO - Step 185: Loss= 3.1982 | PPO=-0.0002 | BC= 0.3377 | WR(baseline)=52.0% | WR(smart)=46.0% | Eps=188
[2026-07-02 13:20:55,443] INFO - Step 190: Loss= 3.5746 | PPO=-0.0004 | BC= 0.3235 | WR(baseline)=60.0% | WR(smart)=44.0% | Eps=191
[2026-07-02 13:20:56,361] INFO - Step 195: Loss= 3.2662 | PPO=-0.0007 | BC= 0.3225 | WR(baseline)=42.0% | WR(smart)=56.0% | Eps=190
[2026-07-02 13:20:57,263] INFO - Step 200: Loss= 3.1928 | PPO= 0.0006 | BC= 0.3210 | WR(baseline)=52.0% | WR(smart)=32.0% | Eps=187
[2026-07-02 13:20:58,162] INFO - Step 205: Loss= 2.9347 | PPO=-0.0013 | BC= 0.3489 | WR(baseline)=38.0% | WR(smart)=40.0% | Eps=189
[2026-07-02 13:20:59,082] INFO - Step 210: Loss= 3.2753 | PPO=-0.0002 | BC= 0.2988 | WR(baseline)=46.0% | WR(smart)=40.0% | Eps=190
[2026-07-02 13:20:59,971] INFO - Step 215: Loss= 3.2538 | PPO=-0.0003 | BC= 0.3439 | WR(baseline)=40.0% | WR(smart)=48.0% | Eps=191
[2026-07-02 13:21:00,860] INFO - Step 220: Loss= 2.9954 | PPO=-0.0010 | BC= 0.3484 | WR(baseline)=46.0% | WR(smart)=54.0% | Eps=189
[2026-07-02 13:21:01,765] INFO - Step 225: Loss= 3.4078 | PPO=-0.0007 | BC= 0.3036 | WR(baseline)=58.0% | WR(smart)=48.0% | Eps=193
[2026-07-02 13:21:02,658] INFO - Step 230: Loss= 3.2284 | PPO=-0.0012 | BC= 0.3360 | WR(baseline)=58.0% | WR(smart)=50.0% | Eps=194
[2026-07-02 13:21:03,558] INFO - Step 235: Loss= 3.1854 | PPO=-0.0003 | BC= 0.3175 | WR(baseline)=44.0% | WR(smart)=42.0% | Eps=189
[2026-07-02 13:21:04,468] INFO - Step 240: Loss= 3.4455 | PPO= 0.0003 | BC= 0.3178 | WR(baseline)=58.0% | WR(smart)=46.0% | Eps=189
[2026-07-02 13:21:05,354] INFO - Step 245: Loss= 3.8267 | PPO=-0.0011 | BC= 0.3306 | WR(baseline)=50.0% | WR(smart)=50.0% | Eps=188
[2026-07-02 13:21:06,245] INFO - Step 250: Loss= 2.8001 | PPO=-0.0014 | BC= 0.3139 | WR(baseline)=50.0% | WR(smart)=42.0% | Eps=187
[2026-07-02 13:21:07,128] INFO - Step 255: Loss= 3.3014 | PPO=-0.0006 | BC= 0.3131 | WR(baseline)=44.0% | WR(smart)=46.0% | Eps=187
[2026-07-02 13:21:08,037] INFO - Step 260: Loss= 3.5211 | PPO=-0.0007 | BC= 0.3223 | WR(baseline)=48.0% | WR(smart)=54.0% | Eps=188
[2026-07-02 13:21:08,917] INFO - Step 265: Loss= 2.6793 | PPO=-0.0017 | BC= 0.3517 | WR(baseline)=38.0% | WR(smart)=32.0% | Eps=188
[2026-07-02 13:21:09,811] INFO - Step 270: Loss= 2.7301 | PPO=-0.0011 | BC= 0.3029 | WR(baseline)=46.0% | WR(smart)=54.0% | Eps=190
[2026-07-02 13:21:10,701] INFO - Step 275: Loss= 3.1796 | PPO=-0.0005 | BC= 0.3174 | WR(baseline)=44.0% | WR(smart)=46.0% | Eps=187
[2026-07-02 13:21:11,601] INFO - Step 280: Loss= 3.2658 | PPO=-0.0010 | BC= 0.3124 | WR(baseline)=52.0% | WR(smart)=50.0% | Eps=189
[2026-07-02 13:21:12,495] INFO - Step 285: Loss= 2.6503 | PPO=-0.0004 | BC= 0.3144 | WR(baseline)=40.0% | WR(smart)=52.0% | Eps=190
[2026-07-02 13:21:13,382] INFO - Step 290: Loss= 3.0733 | PPO=-0.0014 | BC= 0.3250 | WR(baseline)=54.0% | WR(smart)=36.0% | Eps=187
[2026-07-02 13:21:14,271] INFO - Step 295: Loss= 3.3197 | PPO=-0.0011 | BC= 0.3447 | WR(baseline)=54.0% | WR(smart)=40.0% | Eps=190
[2026-07-02 13:21:15,163] INFO - Step 300: Loss= 3.0470 | PPO=-0.0009 | BC= 0.3286 | WR(baseline)=54.0% | WR(smart)=34.0% | Eps=191
[2026-07-02 13:21:16,057] INFO - Step 305: Loss= 3.0854 | PPO= 0.0012 | BC= 0.3096 | WR(baseline)=54.0% | WR(smart)=38.0% | Eps=189
[2026-07-02 13:21:16,942] INFO - Step 310: Loss= 4.3319 | PPO=-0.0010 | BC= 0.3006 | WR(baseline)=58.0% | WR(smart)=48.0% | Eps=189
[2026-07-02 13:21:17,842] INFO - Step 315: Loss= 3.0331 | PPO=-0.0005 | BC= 0.2979 | WR(baseline)=58.0% | WR(smart)=42.0% | Eps=192
[2026-07-02 13:21:18,737] INFO - Step 320: Loss= 2.5528 | PPO=-0.0008 | BC= 0.3208 | WR(baseline)=42.0% | WR(smart)=56.0% | Eps=192
[2026-07-02 13:21:19,636] INFO - Step 325: Loss= 3.0474 | PPO=-0.0000 | BC= 0.3103 | WR(baseline)=50.0% | WR(smart)=50.0% | Eps=189
[2026-07-02 13:21:20,519] INFO - Step 330: Loss= 3.1799 | PPO=-0.0005 | BC= 0.3129 | WR(baseline)=50.0% | WR(smart)=52.0% | Eps=190
[2026-07-02 13:21:21,406] INFO - Step 335: Loss= 3.1992 | PPO=-0.0003 | BC= 0.3276 | WR(baseline)=46.0% | WR(smart)=42.0% | Eps=193
[2026-07-02 13:21:22,309] INFO - Step 340: Loss= 3.2913 | PPO= 0.0000 | BC= 0.3345 | WR(baseline)=54.0% | WR(smart)=54.0% | Eps=191
[2026-07-02 13:21:23,192] INFO - Step 345: Loss= 2.5973 | PPO=-0.0002 | BC= 0.3322 | WR(baseline)=46.0% | WR(smart)=44.0% | Eps=189
[2026-07-02 13:21:24,091] INFO - Step 350: Loss= 3.1362 | PPO=-0.0004 | BC= 0.3417 | WR(baseline)=36.0% | WR(smart)=50.0% | Eps=189
[2026-07-02 13:21:24,973] INFO - Step 355: Loss= 2.5615 | PPO=-0.0009 | BC= 0.3448 | WR(baseline)=52.0% | WR(smart)=48.0% | Eps=189
[2026-07-02 13:21:25,861] INFO - Step 360: Loss= 3.8486 | PPO=-0.0006 | BC= 0.2992 | WR(baseline)=62.0% | WR(smart)=48.0% | Eps=188
[2026-07-02 13:21:26,737] INFO - Step 365: Loss= 3.1782 | PPO=-0.0006 | BC= 0.3251 | WR(baseline)=46.0% | WR(smart)=40.0% | Eps=188
[2026-07-02 13:21:27,629] INFO - Step 370: Loss= 3.1550 | PPO=-0.0006 | BC= 0.3097 | WR(baseline)=52.0% | WR(smart)=38.0% | Eps=189
[2026-07-02 13:21:28,524] INFO - Step 375: Loss= 3.2796 | PPO=-0.0011 | BC= 0.3256 | WR(baseline)=50.0% | WR(smart)=44.0% | Eps=188
[2026-07-02 13:21:29,412] INFO - Step 380: Loss= 3.2717 | PPO=-0.0012 | BC= 0.2901 | WR(baseline)=54.0% | WR(smart)=40.0% | Eps=188
[2026-07-02 13:21:30,293] INFO - Step 385: Loss= 2.6569 | PPO=-0.0000 | BC= 0.3330 | WR(baseline)=44.0% | WR(smart)=46.0% | Eps=190
[2026-07-02 13:21:31,185] INFO - Step 390: Loss= 3.1863 | PPO=-0.0012 | BC= 0.3044 | WR(baseline)=46.0% | WR(smart)=40.0% | Eps=190
[2026-07-02 13:21:32,064] INFO - Step 395: Loss= 3.2165 | PPO=-0.0006 | BC= 0.3283 | WR(baseline)=56.0% | WR(smart)=64.0% | Eps=190
[2026-07-02 13:21:32,959] INFO - Step 400: Loss= 2.7105 | PPO=-0.0011 | BC= 0.3448 | WR(baseline)=54.0% | WR(smart)=40.0% | Eps=190
[2026-07-02 13:21:33,851] INFO - Step 405: Loss= 2.9819 | PPO=-0.0004 | BC= 0.3212 | WR(baseline)=44.0% | WR(smart)=54.0% | Eps=189
[2026-07-02 13:21:34,753] INFO - Step 410: Loss= 3.0965 | PPO=-0.0010 | BC= 0.3282 | WR(baseline)=48.0% | WR(smart)=58.0% | Eps=188
[2026-07-02 13:21:35,641] INFO - Step 415: Loss= 3.2013 | PPO=-0.0005 | BC= 0.3219 | WR(baseline)=40.0% | WR(smart)=48.0% | Eps=189
[2026-07-02 13:21:36,529] INFO - Step 420: Loss= 3.1420 | PPO=-0.0008 | BC= 0.3186 | WR(baseline)=52.0% | WR(smart)=60.0% | Eps=192
[2026-07-02 13:21:37,423] INFO - Step 425: Loss= 3.2890 | PPO=-0.0017 | BC= 0.3240 | WR(baseline)=60.0% | WR(smart)=64.0% | Eps=189
[2026-07-02 13:21:38,307] INFO - Step 430: Loss= 2.9931 | PPO= 0.0003 | BC= 0.3180 | WR(baseline)=62.0% | WR(smart)=48.0% | Eps=186
[2026-07-02 13:21:39,192] INFO - Step 435: Loss= 3.1838 | PPO=-0.0002 | BC= 0.3014 | WR(baseline)=48.0% | WR(smart)=58.0% | Eps=188
[2026-07-02 13:21:40,087] INFO - Step 440: Loss= 2.8180 | PPO=-0.0007 | BC= 0.3139 | WR(baseline)=52.0% | WR(smart)=46.0% | Eps=189
[2026-07-02 13:21:40,979] INFO - Step 445: Loss= 3.7713 | PPO=-0.0006 | BC= 0.2963 | WR(baseline)=54.0% | WR(smart)=42.0% | Eps=190
[2026-07-02 13:21:41,868] INFO - Step 450: Loss= 2.9351 | PPO=-0.0011 | BC= 0.3246 | WR(baseline)=54.0% | WR(smart)=50.0% | Eps=188
[2026-07-02 13:21:42,759] INFO - Step 455: Loss= 3.4594 | PPO=-0.0005 | BC= 0.2984 | WR(baseline)=32.0% | WR(smart)=54.0% | Eps=189
[2026-07-02 13:21:43,649] INFO - Step 460: Loss= 3.2359 | PPO=-0.0007 | BC= 0.3219 | WR(baseline)=38.0% | WR(smart)=46.0% | Eps=190
[2026-07-02 13:21:44,536] INFO - Step 465: Loss= 3.0986 | PPO=-0.0007 | BC= 0.3111 | WR(baseline)=44.0% | WR(smart)=46.0% | Eps=190
[2026-07-02 13:21:45,434] INFO - Step 470: Loss= 2.8557 | PPO=-0.0004 | BC= 0.2927 | WR(baseline)=46.0% | WR(smart)=46.0% | Eps=190
[2026-07-02 13:21:46,325] INFO - Step 475: Loss= 3.2821 | PPO=-0.0001 | BC= 0.2709 | WR(baseline)=44.0% | WR(smart)=40.0% | Eps=189
[2026-07-02 13:21:47,215] INFO - Step 480: Loss= 3.4254 | PPO=-0.0005 | BC= 0.3069 | WR(baseline)=54.0% | WR(smart)=42.0% | Eps=187
[2026-07-02 13:21:48,102] INFO - Step 485: Loss= 2.8581 | PPO=-0.0005 | BC= 0.2943 | WR(baseline)=50.0% | WR(smart)=50.0% | Eps=185
[2026-07-02 13:21:48,986] INFO - Step 490: Loss= 3.0869 | PPO=-0.0012 | BC= 0.2932 | WR(baseline)=44.0% | WR(smart)=58.0% | Eps=189
[2026-07-02 13:21:49,888] INFO - Step 495: Loss= 3.4095 | PPO=-0.0004 | BC= 0.3236 | WR(baseline)=56.0% | WR(smart)=52.0% | Eps=186
[2026-07-02 13:21:50,776] INFO - Step 500: Loss= 3.1403 | PPO=-0.0007 | BC= 0.2876 | WR(baseline)=58.0% | WR(smart)=58.0% | Eps=191
[2026-07-02 13:21:51,671] INFO - Step 505: Loss= 3.4551 | PPO=-0.0005 | BC= 0.3310 | WR(baseline)=46.0% | WR(smart)=46.0% | Eps=188
[2026-07-02 13:21:52,563] INFO - Step 510: Loss= 2.9601 | PPO=-0.0003 | BC= 0.3154 | WR(baseline)=44.0% | WR(smart)=52.0% | Eps=190
[2026-07-02 13:21:53,460] INFO - Step 515: Loss= 3.0405 | PPO=-0.0005 | BC= 0.2981 | WR(baseline)=56.0% | WR(smart)=54.0% | Eps=192
[2026-07-02 13:21:54,349] INFO - Step 520: Loss= 3.5288 | PPO=-0.0010 | BC= 0.3068 | WR(baseline)=52.0% | WR(smart)=40.0% | Eps=190
[2026-07-02 13:21:55,240] INFO - Step 525: Loss= 3.5365 | PPO=-0.0014 | BC= 0.3268 | WR(baseline)=44.0% | WR(smart)=50.0% | Eps=190
[2026-07-02 13:21:56,136] INFO - Step 530: Loss= 3.2080 | PPO=-0.0008 | BC= 0.2909 | WR(baseline)=62.0% | WR(smart)=38.0% | Eps=187
[2026-07-02 13:21:57,012] INFO - Step 535: Loss= 3.4061 | PPO=-0.0006 | BC= 0.3038 | WR(baseline)=40.0% | WR(smart)=52.0% | Eps=190
[2026-07-02 13:21:57,912] INFO - Step 540: Loss= 3.4174 | PPO=-0.0002 | BC= 0.3162 | WR(baseline)=46.0% | WR(smart)=42.0% | Eps=189
[2026-07-02 13:21:58,802] INFO - Step 545: Loss= 3.3587 | PPO= 0.0002 | BC= 0.3099 | WR(baseline)=48.0% | WR(smart)=42.0% | Eps=187
[2026-07-02 13:21:59,735] INFO - Step 550: Loss= 3.3638 | PPO=-0.0017 | BC= 0.2971 | WR(baseline)=50.0% | WR(smart)=48.0% | Eps=191
[2026-07-02 13:22:00,633] INFO - Step 555: Loss= 2.5631 | PPO=-0.0011 | BC= 0.3199 | WR(baseline)=48.0% | WR(smart)=30.0% | Eps=195
[2026-07-02 13:22:01,531] INFO - Step 560: Loss= 2.9604 | PPO=-0.0017 | BC= 0.2956 | WR(baseline)=58.0% | WR(smart)=46.0% | Eps=190
[2026-07-02 13:22:02,424] INFO - Step 565: Loss= 3.7834 | PPO=-0.0012 | BC= 0.3118 | WR(baseline)=58.0% | WR(smart)=54.0% | Eps=186
[2026-07-02 13:22:03,317] INFO - Step 570: Loss= 3.0401 | PPO=-0.0002 | BC= 0.3079 | WR(baseline)=54.0% | WR(smart)=54.0% | Eps=187
[2026-07-02 13:22:04,219] INFO - Step 575: Loss= 3.6973 | PPO=-0.0005 | BC= 0.2766 | WR(baseline)=50.0% | WR(smart)=44.0% | Eps=189
[2026-07-02 13:22:05,101] INFO - Step 580: Loss= 3.1925 | PPO=-0.0023 | BC= 0.2933 | WR(baseline)=56.0% | WR(smart)=38.0% | Eps=186
[2026-07-02 13:22:05,991] INFO - Step 585: Loss= 2.7087 | PPO=-0.0011 | BC= 0.3107 | WR(baseline)=54.0% | WR(smart)=56.0% | Eps=190
[2026-07-02 13:22:06,887] INFO - Step 590: Loss= 3.5048 | PPO=-0.0013 | BC= 0.3010 | WR(baseline)=34.0% | WR(smart)=50.0% | Eps=189
[2026-07-02 13:22:07,779] INFO - Step 595: Loss= 3.1064 | PPO=-0.0003 | BC= 0.3702 | WR(baseline)=58.0% | WR(smart)=44.0% | Eps=191
[2026-07-02 13:22:08,682] INFO - Step 600: Loss= 3.0910 | PPO=-0.0003 | BC= 0.3277 | WR(baseline)=54.0% | WR(smart)=58.0% | Eps=189
[2026-07-02 13:22:09,559] INFO - Step 605: Loss= 3.0496 | PPO= 0.0002 | BC= 0.2872 | WR(baseline)=46.0% | WR(smart)=50.0% | Eps=189
[2026-07-02 13:22:10,452] INFO - Step 610: Loss= 2.8256 | PPO=-0.0005 | BC= 0.2802 | WR(baseline)=26.0% | WR(smart)=48.0% | Eps=188
[2026-07-02 13:22:11,333] INFO - Step 615: Loss= 2.9974 | PPO=-0.0003 | BC= 0.2857 | WR(baseline)=54.0% | WR(smart)=42.0% | Eps=190
[2026-07-02 13:22:12,236] INFO - Step 620: Loss= 4.2363 | PPO=-0.0013 | BC= 0.3166 | WR(baseline)=42.0% | WR(smart)=42.0% | Eps=190
[2026-07-02 13:22:13,120] INFO - Step 625: Loss= 2.9828 | PPO=-0.0012 | BC= 0.2616 | WR(baseline)=50.0% | WR(smart)=56.0% | Eps=188
[2026-07-02 13:22:14,028] INFO - Step 630: Loss= 3.0280 | PPO=-0.0001 | BC= 0.2987 | WR(baseline)=54.0% | WR(smart)=52.0% | Eps=191
[2026-07-02 13:22:14,925] INFO - Step 635: Loss= 3.1680 | PPO=-0.0020 | BC= 0.2886 | WR(baseline)=44.0% | WR(smart)=36.0% | Eps=186
[2026-07-02 13:22:15,823] INFO - Step 640: Loss= 2.9380 | PPO=-0.0018 | BC= 0.3131 | WR(baseline)=46.0% | WR(smart)=40.0% | Eps=190
[2026-07-02 13:22:16,722] INFO - Step 645: Loss= 3.0123 | PPO=-0.0004 | BC= 0.3068 | WR(baseline)=52.0% | WR(smart)=48.0% | Eps=189
[2026-07-02 13:22:17,616] INFO - Step 650: Loss= 3.2346 | PPO=-0.0011 | BC= 0.3164 | WR(baseline)=52.0% | WR(smart)=42.0% | Eps=186
[2026-07-02 13:22:18,512] INFO - Step 655: Loss= 2.5611 | PPO=-0.0012 | BC= 0.2848 | WR(baseline)=60.0% | WR(smart)=58.0% | Eps=190
[2026-07-02 13:22:19,413] INFO - Step 660: Loss= 3.1599 | PPO=-0.0017 | BC= 0.2929 | WR(baseline)=54.0% | WR(smart)=56.0% | Eps=192
[2026-07-02 13:22:20,308] INFO - Step 665: Loss= 3.3478 | PPO=-0.0003 | BC= 0.2738 | WR(baseline)=46.0% | WR(smart)=44.0% | Eps=189
[2026-07-02 13:22:21,205] INFO - Step 670: Loss= 3.4689 | PPO=-0.0009 | BC= 0.2938 | WR(baseline)=54.0% | WR(smart)=42.0% | Eps=188
[2026-07-02 13:22:22,119] INFO - Step 675: Loss= 3.2493 | PPO=-0.0010 | BC= 0.2975 | WR(baseline)=52.0% | WR(smart)=40.0% | Eps=188
[2026-07-02 13:22:23,027] INFO - Step 680: Loss= 2.9987 | PPO=-0.0004 | BC= 0.2728 | WR(baseline)=54.0% | WR(smart)=52.0% | Eps=192
[2026-07-02 13:22:23,926] INFO - Step 685: Loss= 3.1363 | PPO=-0.0008 | BC= 0.3050 | WR(baseline)=52.0% | WR(smart)=36.0% | Eps=190
[2026-07-02 13:22:24,816] INFO - Step 690: Loss= 3.0759 | PPO=-0.0016 | BC= 0.3078 | WR(baseline)=44.0% | WR(smart)=46.0% | Eps=188
[2026-07-02 13:22:25,706] INFO - Step 695: Loss= 2.8478 | PPO=-0.0016 | BC= 0.3109 | WR(baseline)=48.0% | WR(smart)=44.0% | Eps=190
[2026-07-02 13:22:26,610] INFO - Step 700: Loss= 3.2016 | PPO=-0.0009 | BC= 0.2675 | WR(baseline)=48.0% | WR(smart)=52.0% | Eps=187
[2026-07-02 13:22:27,521] INFO - Step 705: Loss= 2.6325 | PPO=-0.0009 | BC= 0.3093 | WR(baseline)=42.0% | WR(smart)=48.0% | Eps=190
[2026-07-02 13:22:28,425] INFO - Step 710: Loss= 2.9752 | PPO=-0.0011 | BC= 0.3058 | WR(baseline)=66.0% | WR(smart)=48.0% | Eps=191
[2026-07-02 13:22:29,316] INFO - Step 715: Loss= 2.7989 | PPO=-0.0005 | BC= 0.2824 | WR(baseline)=62.0% | WR(smart)=62.0% | Eps=186
[2026-07-02 13:22:30,215] INFO - Step 720: Loss= 2.8393 | PPO=-0.0013 | BC= 0.2681 | WR(baseline)=58.0% | WR(smart)=24.0% | Eps=189
[2026-07-02 13:22:31,107] INFO - Step 725: Loss= 3.0811 | PPO=-0.0005 | BC= 0.3013 | WR(baseline)=44.0% | WR(smart)=42.0% | Eps=187
[2026-07-02 13:22:32,005] INFO - Step 730: Loss= 2.7697 | PPO=-0.0010 | BC= 0.2925 | WR(baseline)=44.0% | WR(smart)=68.0% | Eps=190
[2026-07-02 13:22:32,904] INFO - Step 735: Loss= 3.3511 | PPO=-0.0018 | BC= 0.2747 | WR(baseline)=56.0% | WR(smart)=38.0% | Eps=189
[2026-07-02 13:22:33,821] INFO - Step 740: Loss= 3.0860 | PPO=-0.0002 | BC= 0.3024 | WR(baseline)=44.0% | WR(smart)=56.0% | Eps=189
[2026-07-02 13:22:34,723] INFO - Step 745: Loss= 2.8716 | PPO=-0.0016 | BC= 0.2726 | WR(baseline)=46.0% | WR(smart)=40.0% | Eps=191
[2026-07-02 13:22:35,611] INFO - Step 750: Loss= 2.6333 | PPO=-0.0007 | BC= 0.3115 | WR(baseline)=56.0% | WR(smart)=46.0% | Eps=189
[2026-07-02 13:22:36,517] INFO - Step 755: Loss= 2.8199 | PPO=-0.0007 | BC= 0.3023 | WR(baseline)=52.0% | WR(smart)=50.0% | Eps=187
[2026-07-02 13:22:37,426] INFO - Step 760: Loss= 3.1685 | PPO= 0.0000 | BC= 0.2714 | WR(baseline)=56.0% | WR(smart)=40.0% | Eps=188
[2026-07-02 13:22:38,330] INFO - Step 765: Loss= 3.4313 | PPO=-0.0010 | BC= 0.3276 | WR(baseline)=56.0% | WR(smart)=48.0% | Eps=188
[2026-07-02 13:22:39,230] INFO - Step 770: Loss= 2.8819 | PPO=-0.0001 | BC= 0.2939 | WR(baseline)=58.0% | WR(smart)=52.0% | Eps=189
[2026-07-02 13:22:40,134] INFO - Step 775: Loss= 3.1042 | PPO=-0.0004 | BC= 0.3070 | WR(baseline)=44.0% | WR(smart)=34.0% | Eps=190
[2026-07-02 13:22:41,043] INFO - Step 780: Loss= 3.1616 | PPO=-0.0003 | BC= 0.3034 | WR(baseline)=40.0% | WR(smart)=56.0% | Eps=191
[2026-07-02 13:22:41,933] INFO - Step 785: Loss= 3.2479 | PPO=-0.0002 | BC= 0.3097 | WR(baseline)=48.0% | WR(smart)=30.0% | Eps=189
[2026-07-02 13:22:42,823] INFO - Step 790: Loss= 2.7997 | PPO= 0.0001 | BC= 0.2973 | WR(baseline)=40.0% | WR(smart)=42.0% | Eps=190
[2026-07-02 13:22:43,722] INFO - Step 795: Loss= 2.9509 | PPO=-0.0013 | BC= 0.2776 | WR(baseline)=42.0% | WR(smart)=56.0% | Eps=189
[2026-07-02 13:22:44,626] INFO - Step 800: Loss= 3.0897 | PPO= 0.0003 | BC= 0.3024 | WR(baseline)=56.0% | WR(smart)=60.0% | Eps=189
[2026-07-02 13:22:45,533] INFO - Step 805: Loss= 3.5951 | PPO=-0.0004 | BC= 0.3077 | WR(baseline)=46.0% | WR(smart)=40.0% | Eps=188
[2026-07-02 13:22:46,421] INFO - Step 810: Loss= 2.9750 | PPO=-0.0006 | BC= 0.3253 | WR(baseline)=50.0% | WR(smart)=52.0% | Eps=189
[2026-07-02 13:22:47,317] INFO - Step 815: Loss= 3.0791 | PPO=-0.0001 | BC= 0.2972 | WR(baseline)=50.0% | WR(smart)=48.0% | Eps=191
[2026-07-02 13:22:48,230] INFO - Step 820: Loss= 2.8219 | PPO=-0.0009 | BC= 0.2784 | WR(baseline)=42.0% | WR(smart)=36.0% | Eps=188
[2026-07-02 13:22:49,129] INFO - Step 825: Loss= 3.1944 | PPO=-0.0006 | BC= 0.2970 | WR(baseline)=42.0% | WR(smart)=48.0% | Eps=188
[2026-07-02 13:22:50,027] INFO - Step 830: Loss= 2.7435 | PPO=-0.0002 | BC= 0.3122 | WR(baseline)=50.0% | WR(smart)=58.0% | Eps=188
[2026-07-02 13:22:50,923] INFO - Step 835: Loss= 2.5489 | PPO=-0.0002 | BC= 0.3057 | WR(baseline)=54.0% | WR(smart)=54.0% | Eps=189
[2026-07-02 13:22:51,838] INFO - Step 840: Loss= 3.2300 | PPO= 0.0007 | BC= 0.2762 | WR(baseline)=36.0% | WR(smart)=32.0% | Eps=190
[2026-07-02 13:22:52,733] INFO - Step 845: Loss= 2.8213 | PPO=-0.0008 | BC= 0.2765 | WR(baseline)=46.0% | WR(smart)=38.0% | Eps=191
[2026-07-02 13:22:53,642] INFO - Step 850: Loss= 3.0050 | PPO=-0.0005 | BC= 0.2841 | WR(baseline)=48.0% | WR(smart)=34.0% | Eps=190
[2026-07-02 13:22:54,540] INFO - Step 855: Loss= 2.7618 | PPO=-0.0021 | BC= 0.2807 | WR(baseline)=58.0% | WR(smart)=48.0% | Eps=188
[2026-07-02 13:22:55,441] INFO - Step 860: Loss= 2.5184 | PPO=-0.0002 | BC= 0.2962 | WR(baseline)=54.0% | WR(smart)=38.0% | Eps=190
[2026-07-02 13:22:56,329] INFO - Step 865: Loss= 3.4469 | PPO=-0.0015 | BC= 0.2877 | WR(baseline)=48.0% | WR(smart)=40.0% | Eps=184
[2026-07-02 13:22:57,211] INFO - Step 870: Loss= 2.9607 | PPO=-0.0003 | BC= 0.2881 | WR(baseline)=38.0% | WR(smart)=42.0% | Eps=187
[2026-07-02 13:22:58,113] INFO - Step 875: Loss= 2.6555 | PPO=-0.0013 | BC= 0.2906 | WR(baseline)=50.0% | WR(smart)=36.0% | Eps=186
[2026-07-02 13:22:59,012] INFO - Step 880: Loss= 2.5644 | PPO=-0.0015 | BC= 0.2786 | WR(baseline)=54.0% | WR(smart)=52.0% | Eps=189
[2026-07-02 13:22:59,905] INFO - Step 885: Loss= 2.8210 | PPO=-0.0009 | BC= 0.3047 | WR(baseline)=40.0% | WR(smart)=42.0% | Eps=189
[2026-07-02 13:23:00,806] INFO - Step 890: Loss= 3.3023 | PPO=-0.0007 | BC= 0.2919 | WR(baseline)=56.0% | WR(smart)=46.0% | Eps=188
[2026-07-02 13:23:01,705] INFO - Step 895: Loss= 2.8406 | PPO=-0.0002 | BC= 0.2663 | WR(baseline)=56.0% | WR(smart)=48.0% | Eps=187
[2026-07-02 13:23:02,608] INFO - Step 900: Loss= 3.1309 | PPO=-0.0008 | BC= 0.2957 | WR(baseline)=54.0% | WR(smart)=50.0% | Eps=188
[2026-07-02 13:23:03,550] INFO - Step 905: Loss= 3.2921 | PPO= 0.0004 | BC= 0.2670 | WR(baseline)=58.0% | WR(smart)=44.0% | Eps=185
[2026-07-02 13:23:04,459] INFO - Step 910: Loss= 3.1235 | PPO=-0.0005 | BC= 0.2925 | WR(baseline)=58.0% | WR(smart)=38.0% | Eps=187
[2026-07-02 13:23:05,352] INFO - Step 915: Loss= 2.8517 | PPO=-0.0006 | BC= 0.2978 | WR(baseline)=38.0% | WR(smart)=44.0% | Eps=190
[2026-07-02 13:23:06,252] INFO - Step 920: Loss= 3.0363 | PPO=-0.0015 | BC= 0.2829 | WR(baseline)=62.0% | WR(smart)=36.0% | Eps=189
[2026-07-02 13:23:07,149] INFO - Step 925: Loss= 3.2275 | PPO=-0.0010 | BC= 0.2843 | WR(baseline)=64.0% | WR(smart)=38.0% | Eps=187
[2026-07-02 13:23:08,048] INFO - Step 930: Loss= 2.7818 | PPO= 0.0000 | BC= 0.3060 | WR(baseline)=54.0% | WR(smart)=42.0% | Eps=193
[2026-07-02 13:23:08,942] INFO - Step 935: Loss= 3.0085 | PPO=-0.0015 | BC= 0.2953 | WR(baseline)=50.0% | WR(smart)=34.0% | Eps=188
[2026-07-02 13:23:09,851] INFO - Step 940: Loss= 3.1830 | PPO=-0.0001 | BC= 0.3092 | WR(baseline)=54.0% | WR(smart)=42.0% | Eps=191
[2026-07-02 13:23:10,755] INFO - Step 945: Loss= 3.6797 | PPO= 0.0002 | BC= 0.2772 | WR(baseline)=52.0% | WR(smart)=72.0% | Eps=189
[2026-07-02 13:23:11,651] INFO - Step 950: Loss= 2.9994 | PPO=-0.0023 | BC= 0.3175 | WR(baseline)=58.0% | WR(smart)=46.0% | Eps=189
[2026-07-02 13:23:12,556] INFO - Step 955: Loss= 2.4512 | PPO=-0.0008 | BC= 0.2805 | WR(baseline)=56.0% | WR(smart)=52.0% | Eps=189
[2026-07-02 13:23:13,452] INFO - Step 960: Loss= 3.1529 | PPO=-0.0006 | BC= 0.2775 | WR(baseline)=54.0% | WR(smart)=42.0% | Eps=188
[2026-07-02 13:23:14,356] INFO - Step 965: Loss= 3.1224 | PPO=-0.0006 | BC= 0.2943 | WR(baseline)=50.0% | WR(smart)=48.0% | Eps=188
[2026-07-02 13:23:15,256] INFO - Step 970: Loss= 3.8235 | PPO= 0.0001 | BC= 0.2762 | WR(baseline)=52.0% | WR(smart)=46.0% | Eps=187
[2026-07-02 13:23:16,150] INFO - Step 975: Loss= 3.1681 | PPO=-0.0002 | BC= 0.2733 | WR(baseline)=50.0% | WR(smart)=42.0% | Eps=183
[2026-07-02 13:23:17,055] INFO - Step 980: Loss= 3.0650 | PPO=-0.0013 | BC= 0.2899 | WR(baseline)=46.0% | WR(smart)=42.0% | Eps=190
[2026-07-02 13:23:17,957] INFO - Step 985: Loss= 2.9424 | PPO=-0.0006 | BC= 0.2801 | WR(baseline)=50.0% | WR(smart)=42.0% | Eps=189
[2026-07-02 13:23:18,856] INFO - Step 990: Loss= 3.3482 | PPO=-0.0004 | BC= 0.2891 | WR(baseline)=46.0% | WR(smart)=46.0% | Eps=187
[2026-07-02 13:23:19,757] INFO - Step 995: Loss= 2.8381 | PPO=-0.0009 | BC= 0.2685 | WR(baseline)=36.0% | WR(smart)=54.0% | Eps=188
[2026-07-02 13:23:20,660] INFO - Step 1000: Loss= 3.3562 | PPO= 0.0000 | BC= 0.2857 | WR(baseline)=44.0% | WR(smart)=32.0% | Eps=188
[2026-07-02 13:23:20,661] INFO - 
✓ Training complete!
[2026-07-02 13:23:20,661] INFO - 
Final Evaluation (200 games each)...
[2026-07-02 13:23:20,855] INFO - Final Win Rate vs BaselineBot: 51.0%
[2026-07-02 13:23:20,855] INFO - Final Win Rate vs SmartBot:    49.5%
[2026-07-02 13:23:20,858] INFO - 
✓ Model saved to /Users/eshaankumar/Documents/spa-drp/bc_ppo_fd/agent_final.pt
[2026-07-04 00:55:23,317] INFO - Resuming from checkpoint: /Users/eshaankumar/Documents/spa-drp/bc_ppo_fd/agent_final.pt
[2026-07-04 00:55:23,318] INFO - ======================================================================
[2026-07-04 00:55:23,318] INFO - BC + PPO-fD Training Pipeline
[2026-07-04 00:55:23,318] INFO - ======================================================================
[2026-07-04 00:55:23,318] INFO - Using device: cpu
[2026-07-04 00:55:23,318] INFO - 
======================================================================
[2026-07-04 00:55:23,318] INFO - Loading / collecting BaselineBot demonstrations
[2026-07-04 00:55:23,318] INFO - ======================================================================
[2026-07-04 00:55:23,381] INFO - ✓ 57279 demonstrations available
[2026-07-04 00:55:23,400] INFO - Loading checkpoint from /Users/eshaankumar/Documents/spa-drp/bc_ppo_fd/agent_final.pt...
[2026-07-04 00:55:23,402] INFO - ✓ Checkpoint loaded
[2026-07-04 00:55:23,402] INFO - 
======================================================================
[2026-07-04 00:55:23,402] INFO - PHASE 2: PPO-FD ONLINE TRAINING
[2026-07-04 00:55:23,402] INFO - ======================================================================
[2026-07-04 00:55:23,883] INFO - Starting PPO training for 1000 steps...
[2026-07-04 00:55:24,133] INFO - Step   1: Loss= 2.8728 | PPO=-0.0036 | BC= 0.2840 | WR(baseline)=50.0% | WR(smart)=48.0% | Eps=187
[2026-07-04 00:55:24,813] INFO - Step   5: Loss= 2.7335 | PPO=-0.0008 | BC= 0.2746 | WR(baseline)=52.0% | WR(smart)=42.0% | Eps=187
[2026-07-04 00:55:25,633] INFO - Step  10: Loss= 2.5766 | PPO=-0.0025 | BC= 0.3005 | WR(baseline)=38.0% | WR(smart)=48.0% | Eps=188
[2026-07-04 00:55:26,464] INFO - Step  15: Loss= 2.7029 | PPO=-0.0007 | BC= 0.2995 | WR(baseline)=54.0% | WR(smart)=44.0% | Eps=188
[2026-07-04 00:55:27,300] INFO - Step  20: Loss= 3.2067 | PPO= 0.0001 | BC= 0.2899 | WR(baseline)=40.0% | WR(smart)=48.0% | Eps=187
[2026-07-04 00:55:28,283] INFO - Step  25: Loss= 3.5127 | PPO=-0.0016 | BC= 0.2952 | WR(baseline)=56.0% | WR(smart)=50.0% | Eps=186
[2026-07-04 00:55:29,249] INFO - Step  30: Loss= 3.4182 | PPO=-0.0015 | BC= 0.2968 | WR(baseline)=42.0% | WR(smart)=40.0% | Eps=187
[2026-07-04 00:55:30,221] INFO - Step  35: Loss= 2.8789 | PPO=-0.0005 | BC= 0.2861 | WR(baseline)=52.0% | WR(smart)=48.0% | Eps=188
[2026-07-04 00:55:31,195] INFO - Step  40: Loss= 3.1203 | PPO=-0.0004 | BC= 0.2852 | WR(baseline)=54.0% | WR(smart)=48.0% | Eps=187
[2026-07-04 00:55:32,174] INFO - Step  45: Loss= 3.0921 | PPO=-0.0006 | BC= 0.2711 | WR(baseline)=50.0% | WR(smart)=42.0% | Eps=187
[2026-07-04 00:55:33,151] INFO - Step  50: Loss= 3.1610 | PPO= 0.0007 | BC= 0.2772 | WR(baseline)=46.0% | WR(smart)=54.0% | Eps=186
[2026-07-04 00:55:34,152] INFO - Step  55: Loss= 2.7491 | PPO=-0.0010 | BC= 0.2967 | WR(baseline)=52.0% | WR(smart)=54.0% | Eps=190
[2026-07-04 00:55:35,130] INFO - Step  60: Loss= 2.8473 | PPO=-0.0000 | BC= 0.2948 | WR(baseline)=46.0% | WR(smart)=46.0% | Eps=188
[2026-07-04 00:55:36,133] INFO - Step  65: Loss= 2.7344 | PPO=-0.0012 | BC= 0.2640 | WR(baseline)=58.0% | WR(smart)=42.0% | Eps=187
[2026-07-04 00:55:37,139] INFO - Step  70: Loss= 2.6402 | PPO=-0.0007 | BC= 0.2669 | WR(baseline)=50.0% | WR(smart)=46.0% | Eps=188
[2026-07-04 00:55:38,148] INFO - Step  75: Loss= 3.1265 | PPO=-0.0011 | BC= 0.2863 | WR(baseline)=50.0% | WR(smart)=42.0% | Eps=185
[2026-07-04 00:55:39,139] INFO - Step  80: Loss= 2.5824 | PPO=-0.0006 | BC= 0.2911 | WR(baseline)=46.0% | WR(smart)=48.0% | Eps=187
[2026-07-04 00:55:40,110] INFO - Step  85: Loss= 2.7130 | PPO=-0.0007 | BC= 0.2833 | WR(baseline)=72.0% | WR(smart)=36.0% | Eps=187
[2026-07-04 00:55:41,086] INFO - Step  90: Loss= 2.9790 | PPO=-0.0005 | BC= 0.2902 | WR(baseline)=52.0% | WR(smart)=44.0% | Eps=188
[2026-07-04 00:55:42,062] INFO - Step  95: Loss= 2.4060 | PPO=-0.0010 | BC= 0.2806 | WR(baseline)=54.0% | WR(smart)=52.0% | Eps=186
[2026-07-04 00:55:43,031] INFO - Step 100: Loss= 4.1293 | PPO=-0.0017 | BC= 0.2710 | WR(baseline)=52.0% | WR(smart)=50.0% | Eps=185
[2026-07-04 00:55:43,999] INFO - Step 105: Loss= 2.9559 | PPO=-0.0010 | BC= 0.3055 | WR(baseline)=44.0% | WR(smart)=52.0% | Eps=187
[2026-07-04 00:55:44,974] INFO - Step 110: Loss= 2.4619 | PPO= 0.0004 | BC= 0.2996 | WR(baseline)=44.0% | WR(smart)=48.0% | Eps=186
[2026-07-04 00:55:45,943] INFO - Step 115: Loss= 3.2330 | PPO=-0.0017 | BC= 0.2838 | WR(baseline)=64.0% | WR(smart)=44.0% | Eps=186
[2026-07-04 00:55:46,952] INFO - Step 120: Loss= 3.3433 | PPO= 0.0003 | BC= 0.2765 | WR(baseline)=54.0% | WR(smart)=48.0% | Eps=187
[2026-07-04 00:55:47,947] INFO - Step 125: Loss= 3.5075 | PPO=-0.0002 | BC= 0.2614 | WR(baseline)=54.0% | WR(smart)=52.0% | Eps=185
[2026-07-04 00:55:48,978] INFO - Step 130: Loss= 3.7760 | PPO=-0.0006 | BC= 0.2814 | WR(baseline)=52.0% | WR(smart)=54.0% | Eps=185
[2026-07-04 00:55:49,973] INFO - Step 135: Loss= 2.6437 | PPO=-0.0006 | BC= 0.2795 | WR(baseline)=62.0% | WR(smart)=54.0% | Eps=187
[2026-07-04 00:55:50,991] INFO - Step 140: Loss= 2.9303 | PPO=-0.0012 | BC= 0.2810 | WR(baseline)=58.0% | WR(smart)=40.0% | Eps=188
[2026-07-04 00:55:51,966] INFO - Step 145: Loss= 3.6841 | PPO=-0.0005 | BC= 0.2716 | WR(baseline)=60.0% | WR(smart)=56.0% | Eps=189
[2026-07-04 00:55:52,946] INFO - Step 150: Loss= 2.9302 | PPO=-0.0002 | BC= 0.3040 | WR(baseline)=54.0% | WR(smart)=52.0% | Eps=188
[2026-07-04 00:55:53,938] INFO - Step 155: Loss= 2.9057 | PPO=-0.0007 | BC= 0.2872 | WR(baseline)=54.0% | WR(smart)=44.0% | Eps=186
[2026-07-04 00:55:54,942] INFO - Step 160: Loss= 2.8295 | PPO=-0.0003 | BC= 0.2840 | WR(baseline)=48.0% | WR(smart)=52.0% | Eps=186
[2026-07-04 00:55:55,942] INFO - Step 165: Loss= 3.3277 | PPO=-0.0007 | BC= 0.2766 | WR(baseline)=50.0% | WR(smart)=42.0% | Eps=185
[2026-07-04 00:55:56,905] INFO - Step 170: Loss= 2.5907 | PPO= 0.0001 | BC= 0.2693 | WR(baseline)=50.0% | WR(smart)=38.0% | Eps=184
[2026-07-04 00:55:57,855] INFO - Step 175: Loss= 2.8992 | PPO=-0.0007 | BC= 0.2770 | WR(baseline)=48.0% | WR(smart)=36.0% | Eps=187
[2026-07-04 00:55:58,817] INFO - Step 180: Loss= 3.1430 | PPO=-0.0000 | BC= 0.2804 | WR(baseline)=54.0% | WR(smart)=44.0% | Eps=190
[2026-07-04 00:55:59,779] INFO - Step 185: Loss= 3.0837 | PPO=-0.0016 | BC= 0.2848 | WR(baseline)=52.0% | WR(smart)=50.0% | Eps=187
[2026-07-04 00:56:00,735] INFO - Step 190: Loss= 2.7238 | PPO=-0.0005 | BC= 0.3040 | WR(baseline)=52.0% | WR(smart)=52.0% | Eps=186
[2026-07-04 00:56:01,729] INFO - Step 195: Loss= 2.9778 | PPO=-0.0004 | BC= 0.2656 | WR(baseline)=46.0% | WR(smart)=42.0% | Eps=188
[2026-07-04 00:56:02,708] INFO - Step 200: Loss= 2.7979 | PPO=-0.0014 | BC= 0.2726 | WR(baseline)=40.0% | WR(smart)=48.0% | Eps=187
[2026-07-04 00:56:03,691] INFO - Step 205: Loss= 3.1690 | PPO=-0.0019 | BC= 0.2648 | WR(baseline)=54.0% | WR(smart)=46.0% | Eps=191
[2026-07-04 00:56:04,695] INFO - Step 210: Loss= 3.1854 | PPO=-0.0002 | BC= 0.3093 | WR(baseline)=52.0% | WR(smart)=48.0% | Eps=190
[2026-07-04 00:56:05,681] INFO - Step 215: Loss= 2.8366 | PPO=-0.0006 | BC= 0.2793 | WR(baseline)=50.0% | WR(smart)=54.0% | Eps=189
[2026-07-04 00:56:06,642] INFO - Step 220: Loss= 3.2611 | PPO=-0.0011 | BC= 0.3012 | WR(baseline)=54.0% | WR(smart)=52.0% | Eps=190
[2026-07-04 00:56:07,593] INFO - Step 225: Loss= 2.7342 | PPO=-0.0003 | BC= 0.2762 | WR(baseline)=56.0% | WR(smart)=44.0% | Eps=189
[2026-07-04 00:56:08,549] INFO - Step 230: Loss= 3.2176 | PPO=-0.0016 | BC= 0.2762 | WR(baseline)=56.0% | WR(smart)=56.0% | Eps=187
[2026-07-04 00:56:09,506] INFO - Step 235: Loss= 2.4814 | PPO=-0.0002 | BC= 0.2741 | WR(baseline)=58.0% | WR(smart)=38.0% | Eps=189
[2026-07-04 00:56:10,474] INFO - Step 240: Loss= 3.3151 | PPO=-0.0003 | BC= 0.2694 | WR(baseline)=56.0% | WR(smart)=62.0% | Eps=186
[2026-07-04 00:56:11,434] INFO - Step 245: Loss= 2.6805 | PPO= 0.0005 | BC= 0.2799 | WR(baseline)=44.0% | WR(smart)=36.0% | Eps=184
[2026-07-04 00:56:12,392] INFO - Step 250: Loss= 3.0774 | PPO=-0.0012 | BC= 0.2934 | WR(baseline)=46.0% | WR(smart)=54.0% | Eps=185
[2026-07-04 00:56:13,359] INFO - Step 255: Loss= 3.2578 | PPO=-0.0013 | BC= 0.2595 | WR(baseline)=44.0% | WR(smart)=54.0% | Eps=190
[2026-07-04 00:56:14,318] INFO - Step 260: Loss= 3.0556 | PPO=-0.0012 | BC= 0.2790 | WR(baseline)=54.0% | WR(smart)=46.0% | Eps=189
[2026-07-04 00:56:15,292] INFO - Step 265: Loss= 3.2622 | PPO=-0.0006 | BC= 0.2812 | WR(baseline)=54.0% | WR(smart)=34.0% | Eps=188
[2026-07-04 00:56:16,289] INFO - Step 270: Loss= 2.6644 | PPO= 0.0005 | BC= 0.2735 | WR(baseline)=52.0% | WR(smart)=52.0% | Eps=187
[2026-07-04 00:56:17,264] INFO - Step 275: Loss= 2.7935 | PPO=-0.0007 | BC= 0.3132 | WR(baseline)=46.0% | WR(smart)=50.0% | Eps=188
[2026-07-04 00:56:18,257] INFO - Step 280: Loss= 3.0896 | PPO=-0.0003 | BC= 0.2648 | WR(baseline)=42.0% | WR(smart)=40.0% | Eps=189
[2026-07-04 00:56:19,250] INFO - Step 285: Loss= 2.8565 | PPO=-0.0006 | BC= 0.2989 | WR(baseline)=54.0% | WR(smart)=48.0% | Eps=189
[2026-07-04 00:56:20,237] INFO - Step 290: Loss= 3.1276 | PPO=-0.0012 | BC= 0.2830 | WR(baseline)=50.0% | WR(smart)=44.0% | Eps=188
[2026-07-04 00:56:21,211] INFO - Step 295: Loss= 2.8651 | PPO= 0.0005 | BC= 0.2914 | WR(baseline)=40.0% | WR(smart)=50.0% | Eps=188
[2026-07-04 00:56:22,166] INFO - Step 300: Loss= 3.2542 | PPO= 0.0004 | BC= 0.2543 | WR(baseline)=56.0% | WR(smart)=50.0% | Eps=185
[2026-07-04 00:56:23,129] INFO - Step 305: Loss= 3.5792 | PPO=-0.0008 | BC= 0.2908 | WR(baseline)=54.0% | WR(smart)=48.0% | Eps=188
[2026-07-04 00:56:24,101] INFO - Step 310: Loss= 3.0247 | PPO=-0.0004 | BC= 0.2886 | WR(baseline)=50.0% | WR(smart)=42.0% | Eps=188
[2026-07-04 00:56:25,057] INFO - Step 315: Loss= 2.4990 | PPO=-0.0002 | BC= 0.2816 | WR(baseline)=62.0% | WR(smart)=54.0% | Eps=188
[2026-07-04 00:56:26,026] INFO - Step 320: Loss= 3.3470 | PPO=-0.0015 | BC= 0.2684 | WR(baseline)=38.0% | WR(smart)=58.0% | Eps=187
[2026-07-04 00:56:26,995] INFO - Step 325: Loss= 2.5065 | PPO=-0.0010 | BC= 0.2826 | WR(baseline)=54.0% | WR(smart)=42.0% | Eps=187
[2026-07-04 00:56:27,971] INFO - Step 330: Loss= 2.9661 | PPO=-0.0007 | BC= 0.2551 | WR(baseline)=54.0% | WR(smart)=44.0% | Eps=186
[2026-07-04 00:56:28,933] INFO - Step 335: Loss= 2.9107 | PPO=-0.0010 | BC= 0.2550 | WR(baseline)=52.0% | WR(smart)=56.0% | Eps=187
[2026-07-04 00:56:29,902] INFO - Step 340: Loss= 3.2150 | PPO=-0.0004 | BC= 0.2796 | WR(baseline)=44.0% | WR(smart)=58.0% | Eps=188
[2026-07-04 00:56:30,870] INFO - Step 345: Loss= 3.0284 | PPO=-0.0006 | BC= 0.2588 | WR(baseline)=48.0% | WR(smart)=50.0% | Eps=187
[2026-07-04 00:56:31,844] INFO - Step 350: Loss= 3.0879 | PPO=-0.0009 | BC= 0.2619 | WR(baseline)=58.0% | WR(smart)=42.0% | Eps=188
[2026-07-04 00:56:32,868] INFO - Step 355: Loss= 3.3802 | PPO=-0.0008 | BC= 0.3083 | WR(baseline)=46.0% | WR(smart)=54.0% | Eps=189
[2026-07-04 00:56:33,861] INFO - Step 360: Loss= 2.9321 | PPO=-0.0010 | BC= 0.2862 | WR(baseline)=48.0% | WR(smart)=44.0% | Eps=189
[2026-07-04 00:56:34,847] INFO - Step 365: Loss= 3.3325 | PPO=-0.0001 | BC= 0.2748 | WR(baseline)=42.0% | WR(smart)=44.0% | Eps=190
[2026-07-04 00:56:35,805] INFO - Step 370: Loss= 2.9456 | PPO=-0.0006 | BC= 0.2634 | WR(baseline)=50.0% | WR(smart)=44.0% | Eps=187
[2026-07-04 00:56:36,773] INFO - Step 375: Loss= 2.5750 | PPO= 0.0003 | BC= 0.2630 | WR(baseline)=58.0% | WR(smart)=40.0% | Eps=187
[2026-07-04 00:56:37,755] INFO - Step 380: Loss= 3.2238 | PPO=-0.0011 | BC= 0.2842 | WR(baseline)=50.0% | WR(smart)=40.0% | Eps=190
[2026-07-04 00:56:38,726] INFO - Step 385: Loss= 3.0413 | PPO=-0.0009 | BC= 0.2760 | WR(baseline)=54.0% | WR(smart)=46.0% | Eps=187
[2026-07-04 00:56:39,684] INFO - Step 390: Loss= 2.9103 | PPO=-0.0012 | BC= 0.2861 | WR(baseline)=58.0% | WR(smart)=38.0% | Eps=190
[2026-07-04 00:56:40,662] INFO - Step 395: Loss= 2.8324 | PPO=-0.0003 | BC= 0.2718 | WR(baseline)=34.0% | WR(smart)=36.0% | Eps=188
[2026-07-04 00:56:41,638] INFO - Step 400: Loss= 2.9650 | PPO=-0.0012 | BC= 0.2653 | WR(baseline)=56.0% | WR(smart)=42.0% | Eps=190
[2026-07-04 00:56:42,623] INFO - Step 405: Loss= 2.6896 | PPO=-0.0010 | BC= 0.2727 | WR(baseline)=48.0% | WR(smart)=44.0% | Eps=187
[2026-07-04 00:56:43,602] INFO - Step 410: Loss= 3.7275 | PPO=-0.0005 | BC= 0.2887 | WR(baseline)=54.0% | WR(smart)=42.0% | Eps=185
[2026-07-04 00:56:44,581] INFO - Step 415: Loss= 2.6775 | PPO=-0.0015 | BC= 0.2616 | WR(baseline)=62.0% | WR(smart)=42.0% | Eps=184
[2026-07-04 00:56:45,541] INFO - Step 420: Loss= 3.4871 | PPO= 0.0001 | BC= 0.2741 | WR(baseline)=42.0% | WR(smart)=46.0% | Eps=187
[2026-07-04 00:56:46,497] INFO - Step 425: Loss= 2.7749 | PPO=-0.0014 | BC= 0.2436 | WR(baseline)=58.0% | WR(smart)=32.0% | Eps=188
[2026-07-04 00:56:47,478] INFO - Step 430: Loss= 2.7439 | PPO=-0.0003 | BC= 0.2812 | WR(baseline)=56.0% | WR(smart)=46.0% | Eps=187
[2026-07-04 00:56:48,459] INFO - Step 435: Loss= 2.8689 | PPO=-0.0004 | BC= 0.2662 | WR(baseline)=46.0% | WR(smart)=60.0% | Eps=187
[2026-07-04 00:56:49,423] INFO - Step 440: Loss= 2.9471 | PPO=-0.0008 | BC= 0.2540 | WR(baseline)=62.0% | WR(smart)=62.0% | Eps=189
[2026-07-04 00:56:50,393] INFO - Step 445: Loss= 2.7971 | PPO=-0.0012 | BC= 0.2601 | WR(baseline)=58.0% | WR(smart)=42.0% | Eps=188
[2026-07-04 00:56:51,366] INFO - Step 450: Loss= 3.0131 | PPO= 0.0000 | BC= 0.2706 | WR(baseline)=54.0% | WR(smart)=46.0% | Eps=191
[2026-07-04 00:56:52,331] INFO - Step 455: Loss= 2.7591 | PPO=-0.0014 | BC= 0.2944 | WR(baseline)=50.0% | WR(smart)=50.0% | Eps=188
[2026-07-04 00:56:53,307] INFO - Step 460: Loss= 3.0413 | PPO=-0.0008 | BC= 0.2677 | WR(baseline)=44.0% | WR(smart)=46.0% | Eps=189
[2026-07-04 00:56:54,277] INFO - Step 465: Loss= 3.1236 | PPO=-0.0017 | BC= 0.2761 | WR(baseline)=42.0% | WR(smart)=40.0% | Eps=187
[2026-07-04 00:56:55,246] INFO - Step 470: Loss= 2.6714 | PPO= 0.0001 | BC= 0.3018 | WR(baseline)=44.0% | WR(smart)=42.0% | Eps=188
[2026-07-04 00:56:56,217] INFO - Step 475: Loss= 3.0431 | PPO=-0.0022 | BC= 0.2939 | WR(baseline)=52.0% | WR(smart)=46.0% | Eps=188
[2026-07-04 00:56:57,184] INFO - Step 480: Loss= 2.9107 | PPO=-0.0003 | BC= 0.2377 | WR(baseline)=38.0% | WR(smart)=54.0% | Eps=186
[2026-07-04 00:56:58,155] INFO - Step 485: Loss= 3.2051 | PPO=-0.0011 | BC= 0.2666 | WR(baseline)=62.0% | WR(smart)=50.0% | Eps=186
[2026-07-04 00:56:59,120] INFO - Step 490: Loss= 2.6741 | PPO=-0.0005 | BC= 0.2829 | WR(baseline)=56.0% | WR(smart)=48.0% | Eps=186
[2026-07-04 00:57:00,089] INFO - Step 495: Loss= 3.0321 | PPO=-0.0005 | BC= 0.2783 | WR(baseline)=34.0% | WR(smart)=48.0% | Eps=184
[2026-07-04 00:57:01,074] INFO - Step 500: Loss= 3.1951 | PPO=-0.0005 | BC= 0.2785 | WR(baseline)=48.0% | WR(smart)=56.0% | Eps=187
[2026-07-04 00:57:02,061] INFO - Step 505: Loss= 3.4697 | PPO=-0.0012 | BC= 0.2881 | WR(baseline)=48.0% | WR(smart)=60.0% | Eps=187
[2026-07-04 00:57:03,072] INFO - Step 510: Loss= 2.8006 | PPO=-0.0016 | BC= 0.2786 | WR(baseline)=52.0% | WR(smart)=32.0% | Eps=186
[2026-07-04 00:57:04,074] INFO - Step 515: Loss= 2.5891 | PPO=-0.0008 | BC= 0.2715 | WR(baseline)=58.0% | WR(smart)=56.0% | Eps=189
[2026-07-04 00:57:05,058] INFO - Step 520: Loss= 3.2680 | PPO=-0.0007 | BC= 0.2875 | WR(baseline)=54.0% | WR(smart)=58.0% | Eps=189
[2026-07-04 00:57:06,047] INFO - Step 525: Loss= 2.8560 | PPO=-0.0019 | BC= 0.2928 | WR(baseline)=66.0% | WR(smart)=64.0% | Eps=186
[2026-07-04 00:57:07,030] INFO - Step 530: Loss= 2.5835 | PPO=-0.0005 | BC= 0.2831 | WR(baseline)=44.0% | WR(smart)=46.0% | Eps=186
[2026-07-04 00:57:08,012] INFO - Step 535: Loss= 2.9299 | PPO=-0.0009 | BC= 0.2624 | WR(baseline)=52.0% | WR(smart)=56.0% | Eps=186
[2026-07-04 00:57:09,021] INFO - Step 540: Loss= 3.2176 | PPO=-0.0011 | BC= 0.2775 | WR(baseline)=52.0% | WR(smart)=48.0% | Eps=187
[2026-07-04 00:57:10,026] INFO - Step 545: Loss= 3.2693 | PPO=-0.0003 | BC= 0.2675 | WR(baseline)=36.0% | WR(smart)=34.0% | Eps=188
[2026-07-04 00:57:10,985] INFO - Step 550: Loss= 3.4348 | PPO=-0.0002 | BC= 0.2691 | WR(baseline)=54.0% | WR(smart)=54.0% | Eps=188
[2026-07-04 00:57:11,986] INFO - Step 555: Loss= 2.7102 | PPO=-0.0008 | BC= 0.2705 | WR(baseline)=54.0% | WR(smart)=56.0% | Eps=186
[2026-07-04 00:57:12,970] INFO - Step 560: Loss= 3.0379 | PPO=-0.0017 | BC= 0.2633 | WR(baseline)=30.0% | WR(smart)=48.0% | Eps=185
[2026-07-04 00:57:13,965] INFO - Step 565: Loss= 2.9662 | PPO=-0.0005 | BC= 0.2836 | WR(baseline)=52.0% | WR(smart)=68.0% | Eps=187
[2026-07-04 00:57:14,966] INFO - Step 570: Loss= 2.5709 | PPO=-0.0006 | BC= 0.2656 | WR(baseline)=52.0% | WR(smart)=58.0% | Eps=187
[2026-07-04 00:57:15,961] INFO - Step 575: Loss= 3.0304 | PPO=-0.0004 | BC= 0.2829 | WR(baseline)=52.0% | WR(smart)=44.0% | Eps=188
[2026-07-04 00:57:16,945] INFO - Step 580: Loss= 2.9911 | PPO=-0.0015 | BC= 0.2732 | WR(baseline)=58.0% | WR(smart)=58.0% | Eps=187
[2026-07-04 00:57:17,932] INFO - Step 585: Loss= 2.8690 | PPO=-0.0005 | BC= 0.2865 | WR(baseline)=46.0% | WR(smart)=40.0% | Eps=186
[2026-07-04 00:57:18,909] INFO - Step 590: Loss= 3.1284 | PPO=-0.0011 | BC= 0.2586 | WR(baseline)=50.0% | WR(smart)=48.0% | Eps=190
[2026-07-04 00:57:19,903] INFO - Step 595: Loss= 3.0263 | PPO=-0.0014 | BC= 0.2643 | WR(baseline)=48.0% | WR(smart)=50.0% | Eps=188
[2026-07-04 00:57:20,900] INFO - Step 600: Loss= 2.7564 | PPO=-0.0003 | BC= 0.2752 | WR(baseline)=48.0% | WR(smart)=54.0% | Eps=189
[2026-07-04 00:57:21,855] INFO - Step 605: Loss= 2.8011 | PPO=-0.0004 | BC= 0.2935 | WR(baseline)=46.0% | WR(smart)=42.0% | Eps=189
[2026-07-04 00:57:22,826] INFO - Step 610: Loss= 3.1518 | PPO=-0.0006 | BC= 0.2528 | WR(baseline)=50.0% | WR(smart)=54.0% | Eps=185
[2026-07-04 00:57:23,798] INFO - Step 615: Loss= 2.8969 | PPO=-0.0011 | BC= 0.2803 | WR(baseline)=58.0% | WR(smart)=54.0% | Eps=185
[2026-07-04 00:57:24,747] INFO - Step 620: Loss= 2.9420 | PPO= 0.0003 | BC= 0.2490 | WR(baseline)=44.0% | WR(smart)=60.0% | Eps=188
[2026-07-04 00:57:25,739] INFO - Step 625: Loss= 2.6182 | PPO=-0.0001 | BC= 0.2749 | WR(baseline)=46.0% | WR(smart)=60.0% | Eps=187
[2026-07-04 00:57:26,733] INFO - Step 630: Loss= 2.7680 | PPO=-0.0018 | BC= 0.2609 | WR(baseline)=62.0% | WR(smart)=40.0% | Eps=189
[2026-07-04 00:57:27,719] INFO - Step 635: Loss= 3.0891 | PPO=-0.0014 | BC= 0.2837 | WR(baseline)=56.0% | WR(smart)=48.0% | Eps=188
[2026-07-04 00:57:28,696] INFO - Step 640: Loss= 3.0669 | PPO=-0.0004 | BC= 0.2664 | WR(baseline)=50.0% | WR(smart)=48.0% | Eps=189
[2026-07-04 00:57:29,696] INFO - Step 645: Loss= 2.7413 | PPO=-0.0008 | BC= 0.2550 | WR(baseline)=50.0% | WR(smart)=56.0% | Eps=186
[2026-07-04 00:57:30,696] INFO - Step 650: Loss= 3.1143 | PPO=-0.0014 | BC= 0.2666 | WR(baseline)=56.0% | WR(smart)=58.0% | Eps=188
[2026-07-04 00:57:31,675] INFO - Step 655: Loss= 2.9169 | PPO=-0.0008 | BC= 0.2496 | WR(baseline)=54.0% | WR(smart)=48.0% | Eps=188
[2026-07-04 00:57:32,658] INFO - Step 660: Loss= 2.8839 | PPO=-0.0006 | BC= 0.2862 | WR(baseline)=66.0% | WR(smart)=44.0% | Eps=188
[2026-07-04 00:57:33,646] INFO - Step 665: Loss= 3.2923 | PPO=-0.0017 | BC= 0.2551 | WR(baseline)=48.0% | WR(smart)=48.0% | Eps=186
[2026-07-04 00:57:34,626] INFO - Step 670: Loss= 2.9877 | PPO=-0.0010 | BC= 0.2674 | WR(baseline)=46.0% | WR(smart)=48.0% | Eps=189
[2026-07-04 00:57:35,591] INFO - Step 675: Loss= 2.7412 | PPO=-0.0008 | BC= 0.2626 | WR(baseline)=50.0% | WR(smart)=46.0% | Eps=187
[2026-07-04 00:57:36,543] INFO - Step 680: Loss= 3.2108 | PPO=-0.0009 | BC= 0.2645 | WR(baseline)=56.0% | WR(smart)=32.0% | Eps=186
[2026-07-04 00:57:37,531] INFO - Step 685: Loss= 3.5089 | PPO=-0.0012 | BC= 0.2647 | WR(baseline)=44.0% | WR(smart)=40.0% | Eps=186
[2026-07-04 00:57:38,491] INFO - Step 690: Loss= 2.7352 | PPO=-0.0005 | BC= 0.2515 | WR(baseline)=58.0% | WR(smart)=60.0% | Eps=186
[2026-07-04 00:57:39,473] INFO - Step 695: Loss= 3.0237 | PPO=-0.0006 | BC= 0.2827 | WR(baseline)=46.0% | WR(smart)=48.0% | Eps=188
[2026-07-04 00:57:40,464] INFO - Step 700: Loss= 2.5589 | PPO=-0.0010 | BC= 0.2980 | WR(baseline)=50.0% | WR(smart)=40.0% | Eps=188
[2026-07-04 00:57:41,449] INFO - Step 705: Loss= 3.2857 | PPO=-0.0006 | BC= 0.2560 | WR(baseline)=52.0% | WR(smart)=52.0% | Eps=186
[2026-07-04 00:57:42,452] INFO - Step 710: Loss= 3.0351 | PPO=-0.0010 | BC= 0.2568 | WR(baseline)=48.0% | WR(smart)=52.0% | Eps=187
[2026-07-04 00:57:43,418] INFO - Step 715: Loss= 2.5984 | PPO=-0.0007 | BC= 0.2617 | WR(baseline)=58.0% | WR(smart)=48.0% | Eps=187
[2026-07-04 00:57:44,406] INFO - Step 720: Loss= 2.3868 | PPO=-0.0006 | BC= 0.2699 | WR(baseline)=42.0% | WR(smart)=46.0% | Eps=186
[2026-07-04 00:57:45,373] INFO - Step 725: Loss= 3.1353 | PPO=-0.0011 | BC= 0.2581 | WR(baseline)=60.0% | WR(smart)=48.0% | Eps=185
[2026-07-04 00:57:46,355] INFO - Step 730: Loss= 3.6362 | PPO=-0.0003 | BC= 0.2646 | WR(baseline)=50.0% | WR(smart)=48.0% | Eps=186
[2026-07-04 00:57:47,294] INFO - Step 735: Loss= 2.9373 | PPO=-0.0005 | BC= 0.2554 | WR(baseline)=52.0% | WR(smart)=46.0% | Eps=186
[2026-07-04 00:57:48,275] INFO - Step 740: Loss= 2.9561 | PPO=-0.0010 | BC= 0.2671 | WR(baseline)=62.0% | WR(smart)=46.0% | Eps=186
[2026-07-04 00:57:49,180] INFO - Step 745: Loss= 2.8172 | PPO=-0.0012 | BC= 0.2574 | WR(baseline)=62.0% | WR(smart)=56.0% | Eps=184
[2026-07-04 00:57:50,136] INFO - Step 750: Loss= 2.4720 | PPO=-0.0012 | BC= 0.2661 | WR(baseline)=48.0% | WR(smart)=60.0% | Eps=188
[2026-07-04 00:57:51,124] INFO - Step 755: Loss= 2.5940 | PPO=-0.0005 | BC= 0.2419 | WR(baseline)=56.0% | WR(smart)=42.0% | Eps=191
[2026-07-04 00:57:52,071] INFO - Step 760: Loss= 2.9517 | PPO=-0.0008 | BC= 0.2615 | WR(baseline)=52.0% | WR(smart)=56.0% | Eps=186
[2026-07-04 00:57:53,048] INFO - Step 765: Loss= 2.6695 | PPO=-0.0003 | BC= 0.2577 | WR(baseline)=58.0% | WR(smart)=66.0% | Eps=187
[2026-07-04 00:57:54,029] INFO - Step 770: Loss= 2.7392 | PPO=-0.0003 | BC= 0.2758 | WR(baseline)=44.0% | WR(smart)=58.0% | Eps=186
[2026-07-04 00:57:55,006] INFO - Step 775: Loss= 2.1459 | PPO=-0.0011 | BC= 0.2978 | WR(baseline)=68.0% | WR(smart)=60.0% | Eps=188
[2026-07-04 00:57:55,997] INFO - Step 780: Loss= 2.9538 | PPO=-0.0009 | BC= 0.2572 | WR(baseline)=52.0% | WR(smart)=48.0% | Eps=188
[2026-07-04 00:57:56,968] INFO - Step 785: Loss= 2.9746 | PPO=-0.0016 | BC= 0.2615 | WR(baseline)=68.0% | WR(smart)=46.0% | Eps=188
[2026-07-04 00:57:57,936] INFO - Step 790: Loss= 2.7188 | PPO=-0.0013 | BC= 0.2344 | WR(baseline)=52.0% | WR(smart)=48.0% | Eps=186
[2026-07-04 00:57:58,868] INFO - Step 795: Loss= 2.6019 | PPO=-0.0012 | BC= 0.2477 | WR(baseline)=44.0% | WR(smart)=52.0% | Eps=186
[2026-07-04 00:57:59,817] INFO - Step 800: Loss= 2.8155 | PPO=-0.0019 | BC= 0.2434 | WR(baseline)=60.0% | WR(smart)=54.0% | Eps=188
[2026-07-04 00:58:00,798] INFO - Step 805: Loss= 2.8783 | PPO=-0.0004 | BC= 0.2659 | WR(baseline)=56.0% | WR(smart)=48.0% | Eps=191
[2026-07-04 00:58:01,746] INFO - Step 810: Loss= 2.5909 | PPO=-0.0015 | BC= 0.2842 | WR(baseline)=54.0% | WR(smart)=46.0% | Eps=187
[2026-07-04 00:58:02,745] INFO - Step 815: Loss= 2.6051 | PPO=-0.0012 | BC= 0.2743 | WR(baseline)=36.0% | WR(smart)=56.0% | Eps=188
[2026-07-04 00:58:03,712] INFO - Step 820: Loss= 2.6060 | PPO=-0.0013 | BC= 0.2547 | WR(baseline)=54.0% | WR(smart)=58.0% | Eps=188
[2026-07-04 00:58:04,678] INFO - Step 825: Loss= 3.2206 | PPO=-0.0002 | BC= 0.2635 | WR(baseline)=44.0% | WR(smart)=52.0% | Eps=184
[2026-07-04 00:58:05,684] INFO - Step 830: Loss= 3.1140 | PPO=-0.0005 | BC= 0.2565 | WR(baseline)=50.0% | WR(smart)=40.0% | Eps=185
[2026-07-04 00:58:06,667] INFO - Step 835: Loss= 2.7385 | PPO=-0.0011 | BC= 0.2585 | WR(baseline)=42.0% | WR(smart)=48.0% | Eps=185
[2026-07-04 00:58:07,581] INFO - Step 840: Loss= 2.8833 | PPO=-0.0004 | BC= 0.2623 | WR(baseline)=56.0% | WR(smart)=42.0% | Eps=186
[2026-07-04 00:58:08,558] INFO - Step 845: Loss= 3.3815 | PPO=-0.0017 | BC= 0.2610 | WR(baseline)=50.0% | WR(smart)=50.0% | Eps=184
[2026-07-04 00:58:09,552] INFO - Step 850: Loss= 2.7517 | PPO=-0.0012 | BC= 0.2908 | WR(baseline)=60.0% | WR(smart)=54.0% | Eps=188
[2026-07-04 00:58:10,528] INFO - Step 855: Loss= 2.6428 | PPO=-0.0004 | BC= 0.2702 | WR(baseline)=52.0% | WR(smart)=46.0% | Eps=189
[2026-07-04 00:58:11,512] INFO - Step 860: Loss= 3.5149 | PPO=-0.0008 | BC= 0.2712 | WR(baseline)=48.0% | WR(smart)=46.0% | Eps=188
[2026-07-04 00:58:12,498] INFO - Step 865: Loss= 3.0728 | PPO=-0.0007 | BC= 0.2892 | WR(baseline)=70.0% | WR(smart)=60.0% | Eps=182
[2026-07-04 00:58:13,490] INFO - Step 870: Loss= 2.6708 | PPO= 0.0002 | BC= 0.2510 | WR(baseline)=44.0% | WR(smart)=44.0% | Eps=186
[2026-07-04 00:58:14,412] INFO - Step 875: Loss= 2.7726 | PPO=-0.0007 | BC= 0.2465 | WR(baseline)=56.0% | WR(smart)=50.0% | Eps=190
[2026-07-04 00:58:15,340] INFO - Step 880: Loss= 3.1709 | PPO= 0.0002 | BC= 0.2677 | WR(baseline)=62.0% | WR(smart)=48.0% | Eps=193
[2026-07-04 00:58:16,294] INFO - Step 885: Loss= 2.9732 | PPO=-0.0014 | BC= 0.2761 | WR(baseline)=48.0% | WR(smart)=42.0% | Eps=189
[2026-07-04 00:58:17,257] INFO - Step 890: Loss= 2.8055 | PPO= 0.0001 | BC= 0.2583 | WR(baseline)=52.0% | WR(smart)=52.0% | Eps=188
[2026-07-04 00:58:18,209] INFO - Step 895: Loss= 2.9656 | PPO=-0.0005 | BC= 0.2513 | WR(baseline)=46.0% | WR(smart)=44.0% | Eps=191
[2026-07-04 00:58:19,162] INFO - Step 900: Loss= 2.7846 | PPO=-0.0008 | BC= 0.2634 | WR(baseline)=64.0% | WR(smart)=66.0% | Eps=187
[2026-07-04 00:58:20,120] INFO - Step 905: Loss= 2.8106 | PPO=-0.0008 | BC= 0.2522 | WR(baseline)=58.0% | WR(smart)=58.0% | Eps=187
[2026-07-04 00:58:21,076] INFO - Step 910: Loss= 2.6562 | PPO=-0.0014 | BC= 0.2524 | WR(baseline)=52.0% | WR(smart)=52.0% | Eps=184
[2026-07-04 00:58:22,053] INFO - Step 915: Loss= 3.1140 | PPO=-0.0010 | BC= 0.2446 | WR(baseline)=50.0% | WR(smart)=38.0% | Eps=188
[2026-07-04 00:58:23,014] INFO - Step 920: Loss= 3.0612 | PPO=-0.0004 | BC= 0.2769 | WR(baseline)=60.0% | WR(smart)=56.0% | Eps=187
[2026-07-04 00:58:23,943] INFO - Step 925: Loss= 2.7051 | PPO=-0.0016 | BC= 0.2782 | WR(baseline)=44.0% | WR(smart)=60.0% | Eps=188
[2026-07-04 00:58:24,874] INFO - Step 930: Loss= 2.8740 | PPO=-0.0008 | BC= 0.2921 | WR(baseline)=56.0% | WR(smart)=58.0% | Eps=186
[2026-07-04 00:58:25,759] INFO - Step 935: Loss= 2.8725 | PPO=-0.0017 | BC= 0.2648 | WR(baseline)=48.0% | WR(smart)=50.0% | Eps=186
[2026-07-04 00:58:26,649] INFO - Step 940: Loss= 2.2979 | PPO=-0.0012 | BC= 0.2676 | WR(baseline)=54.0% | WR(smart)=44.0% | Eps=186
[2026-07-04 00:58:27,519] INFO - Step 945: Loss= 2.8829 | PPO=-0.0010 | BC= 0.2560 | WR(baseline)=48.0% | WR(smart)=40.0% | Eps=187
[2026-07-04 00:58:28,409] INFO - Step 950: Loss= 2.6923 | PPO=-0.0010 | BC= 0.2486 | WR(baseline)=54.0% | WR(smart)=50.0% | Eps=184
[2026-07-04 00:58:29,307] INFO - Step 955: Loss= 2.7435 | PPO=-0.0009 | BC= 0.2655 | WR(baseline)=46.0% | WR(smart)=52.0% | Eps=183
[2026-07-04 00:58:30,205] INFO - Step 960: Loss= 2.4968 | PPO=-0.0016 | BC= 0.2774 | WR(baseline)=46.0% | WR(smart)=42.0% | Eps=189
[2026-07-04 00:58:31,133] INFO - Step 965: Loss= 2.7415 | PPO=-0.0016 | BC= 0.2534 | WR(baseline)=60.0% | WR(smart)=44.0% | Eps=186
[2026-07-04 00:58:32,056] INFO - Step 970: Loss= 2.7968 | PPO=-0.0006 | BC= 0.2606 | WR(baseline)=44.0% | WR(smart)=40.0% | Eps=190
[2026-07-04 00:58:32,996] INFO - Step 975: Loss= 3.0979 | PPO=-0.0012 | BC= 0.2629 | WR(baseline)=66.0% | WR(smart)=42.0% | Eps=189
[2026-07-04 00:58:33,957] INFO - Step 980: Loss= 2.5691 | PPO=-0.0016 | BC= 0.3059 | WR(baseline)=56.0% | WR(smart)=56.0% | Eps=189
[2026-07-04 00:58:34,882] INFO - Step 985: Loss= 2.7055 | PPO=-0.0009 | BC= 0.2299 | WR(baseline)=54.0% | WR(smart)=56.0% | Eps=187
[2026-07-04 00:58:35,832] INFO - Step 990: Loss= 2.6950 | PPO=-0.0022 | BC= 0.2711 | WR(baseline)=58.0% | WR(smart)=50.0% | Eps=186
[2026-07-04 00:58:36,811] INFO - Step 995: Loss= 2.8465 | PPO=-0.0006 | BC= 0.2760 | WR(baseline)=52.0% | WR(smart)=58.0% | Eps=186
[2026-07-04 00:58:37,734] INFO - Step 1000: Loss= 3.1460 | PPO=-0.0020 | BC= 0.2565 | WR(baseline)=58.0% | WR(smart)=58.0% | Eps=187
[2026-07-04 00:58:37,735] INFO - 
✓ Training complete!
[2026-07-04 00:58:37,735] INFO - 
Final Evaluation (200 games each)...
[2026-07-04 00:58:37,917] INFO - Final Win Rate vs BaselineBot: 55.0%
[2026-07-04 00:58:37,917] INFO - Final Win Rate vs SmartBot:    44.0%
[2026-07-04 00:58:37,919] INFO - 
✓ Model saved to /Users/eshaankumar/Documents/spa-drp/bc_ppo_fd/agent_final.pt
[2026-07-13 00:46:21,692] INFO - Resuming from checkpoint: /Users/eshaankumar/Documents/spa-drp/bc_ppo_fd/agent_final.pt
[2026-07-13 00:46:21,692] INFO - ======================================================================
[2026-07-13 00:46:21,692] INFO - BC + PPO-fD Training Pipeline
[2026-07-13 00:46:21,692] INFO - ======================================================================
[2026-07-13 00:46:21,692] INFO - Using device: cpu
[2026-07-13 00:46:21,699] INFO - 
======================================================================
[2026-07-13 00:46:21,699] INFO - Loading / collecting BaselineBot demonstrations
[2026-07-13 00:46:21,699] INFO - ======================================================================
[2026-07-13 00:46:21,768] INFO - ✓ 57279 demonstrations available
[2026-07-13 00:46:21,792] INFO - Loading checkpoint from /Users/eshaankumar/Documents/spa-drp/bc_ppo_fd/agent_final.pt...
[2026-07-13 00:46:21,798] INFO - ✓ Checkpoint loaded
[2026-07-13 00:46:21,798] INFO - 
======================================================================
[2026-07-13 00:46:21,798] INFO - PHASE 2: PPO-FD ONLINE TRAINING
[2026-07-13 00:46:21,798] INFO - ======================================================================
[2026-07-13 00:46:22,319] INFO - Starting PPO training for 1000 steps...
[2026-07-13 00:46:22,595] INFO - Step   1: Loss= 2.7471 | PPO=-0.0035 | BC= 0.2678 | WR(baseline)=50.0% | WR(smart)=50.0% | Eps=184
[2026-07-13 00:46:23,260] INFO - Step   5: Loss= 2.4953 | PPO=-0.0009 | BC= 0.2345 | WR(baseline)=44.0% | WR(smart)=46.0% | Eps=187
[2026-07-13 00:46:24,082] INFO - Step  10: Loss= 1.9911 | PPO=-0.0015 | BC= 0.2772 | WR(baseline)=38.0% | WR(smart)=50.0% | Eps=188
[2026-07-13 00:46:24,903] INFO - Step  15: Loss= 2.9619 | PPO=-0.0008 | BC= 0.2553 | WR(baseline)=48.0% | WR(smart)=48.0% | Eps=186
[2026-07-13 00:46:25,719] INFO - Step  20: Loss= 2.4200 | PPO=-0.0008 | BC= 0.2768 | WR(baseline)=52.0% | WR(smart)=46.0% | Eps=187
[2026-07-13 00:46:26,685] INFO - Step  25: Loss= 3.2370 | PPO=-0.0009 | BC= 0.2475 | WR(baseline)=52.0% | WR(smart)=50.0% | Eps=183
[2026-07-13 00:46:27,663] INFO - Step  30: Loss= 2.8672 | PPO=-0.0005 | BC= 0.2788 | WR(baseline)=52.0% | WR(smart)=52.0% | Eps=184
[2026-07-13 00:46:28,641] INFO - Step  35: Loss= 2.8516 | PPO=-0.0020 | BC= 0.2692 | WR(baseline)=52.0% | WR(smart)=48.0% | Eps=187
[2026-07-13 00:46:29,618] INFO - Step  40: Loss= 3.1350 | PPO=-0.0002 | BC= 0.2793 | WR(baseline)=44.0% | WR(smart)=42.0% | Eps=185
[2026-07-13 00:46:30,589] INFO - Step  45: Loss= 2.5796 | PPO=-0.0001 | BC= 0.2497 | WR(baseline)=70.0% | WR(smart)=60.0% | Eps=186
[2026-07-13 00:46:31,550] INFO - Step  50: Loss= 2.5258 | PPO=-0.0000 | BC= 0.2605 | WR(baseline)=40.0% | WR(smart)=42.0% | Eps=185
[2026-07-13 00:46:32,509] INFO - Step  55: Loss= 2.6844 | PPO=-0.0008 | BC= 0.2579 | WR(baseline)=56.0% | WR(smart)=54.0% | Eps=186
[2026-07-13 00:46:33,455] INFO - Step  60: Loss= 2.8324 | PPO=-0.0012 | BC= 0.2694 | WR(baseline)=48.0% | WR(smart)=58.0% | Eps=185
[2026-07-13 00:46:34,415] INFO - Step  65: Loss= 2.7486 | PPO=-0.0012 | BC= 0.2442 | WR(baseline)=56.0% | WR(smart)=62.0% | Eps=187
[2026-07-13 00:46:35,371] INFO - Step  70: Loss= 3.2939 | PPO=-0.0004 | BC= 0.2711 | WR(baseline)=66.0% | WR(smart)=40.0% | Eps=188
[2026-07-13 00:46:36,339] INFO - Step  75: Loss= 2.5298 | PPO=-0.0006 | BC= 0.2690 | WR(baseline)=44.0% | WR(smart)=44.0% | Eps=187
[2026-07-13 00:46:37,302] INFO - Step  80: Loss= 2.3500 | PPO=-0.0005 | BC= 0.2445 | WR(baseline)=48.0% | WR(smart)=60.0% | Eps=187
[2026-07-13 00:46:38,250] INFO - Step  85: Loss= 2.9981 | PPO=-0.0002 | BC= 0.2462 | WR(baseline)=44.0% | WR(smart)=40.0% | Eps=188
[2026-07-13 00:46:39,228] INFO - Step  90: Loss= 2.6537 | PPO=-0.0011 | BC= 0.2497 | WR(baseline)=50.0% | WR(smart)=58.0% | Eps=186
[2026-07-13 00:46:40,198] INFO - Step  95: Loss= 2.5766 | PPO=-0.0016 | BC= 0.2778 | WR(baseline)=52.0% | WR(smart)=46.0% | Eps=182
[2026-07-13 00:46:41,171] INFO - Step 100: Loss= 2.7370 | PPO=-0.0008 | BC= 0.2454 | WR(baseline)=50.0% | WR(smart)=44.0% | Eps=185
[2026-07-13 00:46:42,143] INFO - Step 105: Loss= 3.2512 | PPO=-0.0010 | BC= 0.2443 | WR(baseline)=52.0% | WR(smart)=50.0% | Eps=184
[2026-07-13 00:46:43,126] INFO - Step 110: Loss= 3.1849 | PPO=-0.0009 | BC= 0.2562 | WR(baseline)=46.0% | WR(smart)=50.0% | Eps=186
[2026-07-13 00:46:44,091] INFO - Step 115: Loss= 2.7732 | PPO=-0.0013 | BC= 0.2627 | WR(baseline)=52.0% | WR(smart)=64.0% | Eps=186
[2026-07-13 00:46:45,063] INFO - Step 120: Loss= 2.8945 | PPO=-0.0018 | BC= 0.2542 | WR(baseline)=46.0% | WR(smart)=38.0% | Eps=185
[2026-07-13 00:46:46,016] INFO - Step 125: Loss= 3.0400 | PPO=-0.0011 | BC= 0.2314 | WR(baseline)=54.0% | WR(smart)=54.0% | Eps=186
[2026-07-13 00:46:46,973] INFO - Step 130: Loss= 2.4682 | PPO=-0.0004 | BC= 0.2489 | WR(baseline)=56.0% | WR(smart)=56.0% | Eps=186
[2026-07-13 00:46:47,921] INFO - Step 135: Loss= 2.6243 | PPO=-0.0006 | BC= 0.2426 | WR(baseline)=42.0% | WR(smart)=46.0% | Eps=185
[2026-07-13 00:46:48,880] INFO - Step 140: Loss= 2.6912 | PPO=-0.0007 | BC= 0.2625 | WR(baseline)=52.0% | WR(smart)=52.0% | Eps=185
[2026-07-13 00:46:49,846] INFO - Step 145: Loss= 2.4583 | PPO=-0.0014 | BC= 0.2702 | WR(baseline)=58.0% | WR(smart)=52.0% | Eps=185
[2026-07-13 00:46:50,799] INFO - Step 150: Loss= 2.8957 | PPO=-0.0008 | BC= 0.2874 | WR(baseline)=64.0% | WR(smart)=48.0% | Eps=184
[2026-07-13 00:46:51,789] INFO - Step 155: Loss= 3.0629 | PPO=-0.0014 | BC= 0.2556 | WR(baseline)=54.0% | WR(smart)=42.0% | Eps=186
[2026-07-13 00:46:52,793] INFO - Step 160: Loss= 2.4556 | PPO=-0.0025 | BC= 0.2406 | WR(baseline)=54.0% | WR(smart)=56.0% | Eps=186
[2026-07-13 00:46:53,783] INFO - Step 165: Loss= 2.9045 | PPO=-0.0008 | BC= 0.2300 | WR(baseline)=62.0% | WR(smart)=38.0% | Eps=184
[2026-07-13 00:46:54,767] INFO - Step 170: Loss= 2.7925 | PPO=-0.0010 | BC= 0.2343 | WR(baseline)=48.0% | WR(smart)=40.0% | Eps=187
[2026-07-13 00:46:55,726] INFO - Step 175: Loss= 2.8021 | PPO=-0.0011 | BC= 0.2775 | WR(baseline)=52.0% | WR(smart)=54.0% | Eps=183
[2026-07-13 00:46:56,673] INFO - Step 180: Loss= 2.8705 | PPO=-0.0008 | BC= 0.2509 | WR(baseline)=54.0% | WR(smart)=54.0% | Eps=186
[2026-07-13 00:46:57,661] INFO - Step 185: Loss= 2.7599 | PPO=-0.0010 | BC= 0.2781 | WR(baseline)=60.0% | WR(smart)=62.0% | Eps=188
[2026-07-13 00:46:58,651] INFO - Step 190: Loss= 3.1935 | PPO= 0.0004 | BC= 0.2472 | WR(baseline)=44.0% | WR(smart)=48.0% | Eps=185
[2026-07-13 00:46:59,618] INFO - Step 195: Loss= 2.5782 | PPO=-0.0012 | BC= 0.2367 | WR(baseline)=38.0% | WR(smart)=60.0% | Eps=184
[2026-07-13 00:47:00,602] INFO - Step 200: Loss= 2.9977 | PPO=-0.0012 | BC= 0.2551 | WR(baseline)=48.0% | WR(smart)=62.0% | Eps=186
[2026-07-13 00:47:01,575] INFO - Step 205: Loss= 2.9021 | PPO=-0.0017 | BC= 0.2622 | WR(baseline)=42.0% | WR(smart)=40.0% | Eps=186
[2026-07-13 00:47:02,548] INFO - Step 210: Loss= 2.5064 | PPO=-0.0007 | BC= 0.2645 | WR(baseline)=42.0% | WR(smart)=46.0% | Eps=188
[2026-07-13 00:47:03,545] INFO - Step 215: Loss= 2.8458 | PPO=-0.0013 | BC= 0.2346 | WR(baseline)=62.0% | WR(smart)=50.0% | Eps=185
[2026-07-13 00:47:04,512] INFO - Step 220: Loss= 2.5925 | PPO=-0.0015 | BC= 0.2782 | WR(baseline)=58.0% | WR(smart)=52.0% | Eps=189
[2026-07-13 00:47:05,473] INFO - Step 225: Loss= 2.2749 | PPO=-0.0002 | BC= 0.2523 | WR(baseline)=62.0% | WR(smart)=50.0% | Eps=185
[2026-07-13 00:47:06,435] INFO - Step 230: Loss= 3.5995 | PPO=-0.0002 | BC= 0.2266 | WR(baseline)=46.0% | WR(smart)=38.0% | Eps=188
[2026-07-13 00:47:07,390] INFO - Step 235: Loss= 2.9571 | PPO=-0.0018 | BC= 0.2394 | WR(baseline)=56.0% | WR(smart)=52.0% | Eps=186
[2026-07-13 00:47:08,343] INFO - Step 240: Loss= 2.5967 | PPO=-0.0014 | BC= 0.2486 | WR(baseline)=52.0% | WR(smart)=50.0% | Eps=188
[2026-07-13 00:47:09,322] INFO - Step 245: Loss= 3.1390 | PPO=-0.0016 | BC= 0.2528 | WR(baseline)=44.0% | WR(smart)=54.0% | Eps=184
[2026-07-13 00:47:10,298] INFO - Step 250: Loss= 2.9247 | PPO=-0.0015 | BC= 0.2451 | WR(baseline)=50.0% | WR(smart)=44.0% | Eps=185
[2026-07-13 00:47:11,275] INFO - Step 255: Loss= 2.7769 | PPO= 0.0002 | BC= 0.2417 | WR(baseline)=44.0% | WR(smart)=50.0% | Eps=183
[2026-07-13 00:47:12,240] INFO - Step 260: Loss= 2.6375 | PPO=-0.0008 | BC= 0.2827 | WR(baseline)=56.0% | WR(smart)=58.0% | Eps=186
[2026-07-13 00:47:13,218] INFO - Step 265: Loss= 2.7072 | PPO=-0.0008 | BC= 0.2617 | WR(baseline)=52.0% | WR(smart)=52.0% | Eps=187
[2026-07-13 00:47:14,178] INFO - Step 270: Loss= 2.7164 | PPO=-0.0010 | BC= 0.2534 | WR(baseline)=54.0% | WR(smart)=36.0% | Eps=186
[2026-07-13 00:47:15,147] INFO - Step 275: Loss= 2.9345 | PPO=-0.0004 | BC= 0.2434 | WR(baseline)=54.0% | WR(smart)=52.0% | Eps=185
[2026-07-13 00:47:16,121] INFO - Step 280: Loss= 3.3456 | PPO=-0.0012 | BC= 0.2257 | WR(baseline)=48.0% | WR(smart)=56.0% | Eps=184
[2026-07-13 00:47:17,096] INFO - Step 285: Loss= 2.8420 | PPO=-0.0015 | BC= 0.2533 | WR(baseline)=54.0% | WR(smart)=58.0% | Eps=186
[2026-07-13 00:47:18,066] INFO - Step 290: Loss= 3.0914 | PPO=-0.0011 | BC= 0.2533 | WR(baseline)=44.0% | WR(smart)=52.0% | Eps=186
[2026-07-13 00:47:19,029] INFO - Step 295: Loss= 2.4675 | PPO=-0.0005 | BC= 0.2382 | WR(baseline)=54.0% | WR(smart)=54.0% | Eps=186
[2026-07-13 00:47:19,989] INFO - Step 300: Loss= 2.7871 | PPO=-0.0004 | BC= 0.2318 | WR(baseline)=50.0% | WR(smart)=58.0% | Eps=186
[2026-07-13 00:47:20,947] INFO - Step 305: Loss= 2.4416 | PPO=-0.0005 | BC= 0.2393 | WR(baseline)=56.0% | WR(smart)=54.0% | Eps=187
[2026-07-13 00:47:21,910] INFO - Step 310: Loss= 2.6039 | PPO=-0.0019 | BC= 0.2348 | WR(baseline)=50.0% | WR(smart)=48.0% | Eps=186
[2026-07-13 00:47:22,881] INFO - Step 315: Loss= 2.8415 | PPO=-0.0013 | BC= 0.2401 | WR(baseline)=44.0% | WR(smart)=50.0% | Eps=190
[2026-07-13 00:47:23,842] INFO - Step 320: Loss= 3.3630 | PPO=-0.0013 | BC= 0.2324 | WR(baseline)=50.0% | WR(smart)=54.0% | Eps=186
[2026-07-13 00:47:24,804] INFO - Step 325: Loss= 2.5221 | PPO=-0.0008 | BC= 0.2461 | WR(baseline)=38.0% | WR(smart)=50.0% | Eps=188
[2026-07-13 00:47:25,789] INFO - Step 330: Loss= 2.6751 | PPO= 0.0005 | BC= 0.2698 | WR(baseline)=42.0% | WR(smart)=52.0% | Eps=187
[2026-07-13 00:47:26,765] INFO - Step 335: Loss= 3.2608 | PPO=-0.0014 | BC= 0.2412 | WR(baseline)=40.0% | WR(smart)=72.0% | Eps=186
[2026-07-13 00:47:27,728] INFO - Step 340: Loss= 2.7203 | PPO=-0.0013 | BC= 0.2585 | WR(baseline)=50.0% | WR(smart)=56.0% | Eps=186
[2026-07-13 00:47:28,718] INFO - Step 345: Loss= 2.8607 | PPO=-0.0002 | BC= 0.2467 | WR(baseline)=58.0% | WR(smart)=60.0% | Eps=187
[2026-07-13 00:47:29,684] INFO - Step 350: Loss= 3.0423 | PPO=-0.0016 | BC= 0.2462 | WR(baseline)=50.0% | WR(smart)=42.0% | Eps=185
[2026-07-13 00:47:30,661] INFO - Step 355: Loss= 3.2742 | PPO= 0.0002 | BC= 0.2449 | WR(baseline)=56.0% | WR(smart)=60.0% | Eps=181
[2026-07-13 00:47:31,616] INFO - Step 360: Loss= 2.8368 | PPO=-0.0014 | BC= 0.2672 | WR(baseline)=46.0% | WR(smart)=48.0% | Eps=186
[2026-07-13 00:47:32,575] INFO - Step 365: Loss= 2.5943 | PPO=-0.0002 | BC= 0.2457 | WR(baseline)=58.0% | WR(smart)=54.0% | Eps=185
[2026-07-13 00:47:33,538] INFO - Step 370: Loss= 2.5078 | PPO=-0.0002 | BC= 0.2498 | WR(baseline)=54.0% | WR(smart)=56.0% | Eps=185
[2026-07-13 00:47:34,481] INFO - Step 375: Loss= 3.0208 | PPO=-0.0012 | BC= 0.2478 | WR(baseline)=64.0% | WR(smart)=38.0% | Eps=189
[2026-07-13 00:47:35,447] INFO - Step 380: Loss= 2.9650 | PPO= 0.0002 | BC= 0.2599 | WR(baseline)=62.0% | WR(smart)=48.0% | Eps=186
[2026-07-13 00:47:36,411] INFO - Step 385: Loss= 2.7664 | PPO=-0.0007 | BC= 0.2565 | WR(baseline)=44.0% | WR(smart)=54.0% | Eps=185
[2026-07-13 00:47:37,382] INFO - Step 390: Loss= 2.8220 | PPO=-0.0015 | BC= 0.2235 | WR(baseline)=42.0% | WR(smart)=54.0% | Eps=185
[2026-07-13 00:47:38,348] INFO - Step 395: Loss= 2.9609 | PPO=-0.0012 | BC= 0.2555 | WR(baseline)=60.0% | WR(smart)=58.0% | Eps=184
[2026-07-13 00:47:39,315] INFO - Step 400: Loss= 2.5309 | PPO=-0.0017 | BC= 0.2384 | WR(baseline)=54.0% | WR(smart)=42.0% | Eps=187
[2026-07-13 00:47:40,287] INFO - Step 405: Loss= 3.0937 | PPO= 0.0000 | BC= 0.2450 | WR(baseline)=50.0% | WR(smart)=42.0% | Eps=188
[2026-07-13 00:47:41,246] INFO - Step 410: Loss= 3.1250 | PPO=-0.0005 | BC= 0.2340 | WR(baseline)=48.0% | WR(smart)=44.0% | Eps=185
[2026-07-13 00:47:42,219] INFO - Step 415: Loss= 3.1791 | PPO=-0.0002 | BC= 0.2649 | WR(baseline)=54.0% | WR(smart)=60.0% | Eps=187
[2026-07-13 00:47:43,184] INFO - Step 420: Loss= 3.0133 | PPO=-0.0001 | BC= 0.2558 | WR(baseline)=62.0% | WR(smart)=64.0% | Eps=183
[2026-07-13 00:47:44,143] INFO - Step 425: Loss= 2.4991 | PPO=-0.0002 | BC= 0.2352 | WR(baseline)=54.0% | WR(smart)=52.0% | Eps=184
[2026-07-13 00:47:45,096] INFO - Step 430: Loss= 2.9206 | PPO=-0.0019 | BC= 0.2523 | WR(baseline)=46.0% | WR(smart)=62.0% | Eps=184
[2026-07-13 00:47:46,043] INFO - Step 435: Loss= 2.4616 | PPO=-0.0009 | BC= 0.2523 | WR(baseline)=56.0% | WR(smart)=50.0% | Eps=184
[2026-07-13 00:47:46,982] INFO - Step 440: Loss= 2.4132 | PPO=-0.0004 | BC= 0.2501 | WR(baseline)=58.0% | WR(smart)=54.0% | Eps=185
[2026-07-13 00:47:47,915] INFO - Step 445: Loss= 2.9409 | PPO=-0.0003 | BC= 0.2738 | WR(baseline)=40.0% | WR(smart)=50.0% | Eps=187
[2026-07-13 00:47:48,868] INFO - Step 450: Loss= 2.9520 | PPO=-0.0002 | BC= 0.2456 | WR(baseline)=54.0% | WR(smart)=44.0% | Eps=188
[2026-07-13 00:47:49,839] INFO - Step 455: Loss= 2.9425 | PPO=-0.0019 | BC= 0.2544 | WR(baseline)=42.0% | WR(smart)=38.0% | Eps=186
[2026-07-13 00:47:50,811] INFO - Step 460: Loss= 2.5106 | PPO=-0.0003 | BC= 0.2458 | WR(baseline)=44.0% | WR(smart)=60.0% | Eps=185
[2026-07-13 00:47:51,785] INFO - Step 465: Loss= 3.3653 | PPO=-0.0005 | BC= 0.2314 | WR(baseline)=34.0% | WR(smart)=42.0% | Eps=186
[2026-07-13 00:47:52,754] INFO - Step 470: Loss= 2.6780 | PPO=-0.0003 | BC= 0.2577 | WR(baseline)=48.0% | WR(smart)=56.0% | Eps=190
[2026-07-13 00:47:53,730] INFO - Step 475: Loss= 3.5314 | PPO= 0.0004 | BC= 0.2397 | WR(baseline)=46.0% | WR(smart)=58.0% | Eps=183
[2026-07-13 00:47:54,690] INFO - Step 480: Loss= 2.9997 | PPO=-0.0005 | BC= 0.2376 | WR(baseline)=46.0% | WR(smart)=38.0% | Eps=183
[2026-07-13 00:47:55,644] INFO - Step 485: Loss= 2.4784 | PPO=-0.0010 | BC= 0.2568 | WR(baseline)=50.0% | WR(smart)=46.0% | Eps=185
[2026-07-13 00:47:56,592] INFO - Step 490: Loss= 2.5552 | PPO=-0.0008 | BC= 0.2407 | WR(baseline)=58.0% | WR(smart)=60.0% | Eps=185
[2026-07-13 00:47:57,536] INFO - Step 495: Loss= 2.8473 | PPO=-0.0005 | BC= 0.2333 | WR(baseline)=58.0% | WR(smart)=56.0% | Eps=185
[2026-07-13 00:47:58,475] INFO - Step 500: Loss= 2.8589 | PPO=-0.0015 | BC= 0.2988 | WR(baseline)=48.0% | WR(smart)=48.0% | Eps=191
[2026-07-13 00:47:59,409] INFO - Step 505: Loss= 2.6867 | PPO=-0.0007 | BC= 0.2459 | WR(baseline)=60.0% | WR(smart)=50.0% | Eps=187
[2026-07-13 00:48:00,343] INFO - Step 510: Loss= 3.1824 | PPO=-0.0015 | BC= 0.2265 | WR(baseline)=56.0% | WR(smart)=52.0% | Eps=185
[2026-07-13 00:48:01,283] INFO - Step 515: Loss= 2.4999 | PPO= 0.0003 | BC= 0.2606 | WR(baseline)=48.0% | WR(smart)=56.0% | Eps=188
[2026-07-13 00:48:02,253] INFO - Step 520: Loss= 2.5870 | PPO=-0.0011 | BC= 0.2573 | WR(baseline)=48.0% | WR(smart)=38.0% | Eps=184
[2026-07-13 00:48:03,215] INFO - Step 525: Loss= 2.8829 | PPO=-0.0003 | BC= 0.2492 | WR(baseline)=52.0% | WR(smart)=58.0% | Eps=186
[2026-07-13 00:48:04,169] INFO - Step 530: Loss= 2.7834 | PPO=-0.0014 | BC= 0.2451 | WR(baseline)=42.0% | WR(smart)=24.0% | Eps=186
[2026-07-13 00:48:05,131] INFO - Step 535: Loss= 2.6760 | PPO=-0.0008 | BC= 0.2417 | WR(baseline)=36.0% | WR(smart)=62.0% | Eps=184
[2026-07-13 00:48:06,087] INFO - Step 540: Loss= 2.8022 | PPO=-0.0005 | BC= 0.2568 | WR(baseline)=56.0% | WR(smart)=54.0% | Eps=185
[2026-07-13 00:48:07,040] INFO - Step 545: Loss= 2.7025 | PPO=-0.0010 | BC= 0.2563 | WR(baseline)=36.0% | WR(smart)=48.0% | Eps=187
[2026-07-13 00:48:07,983] INFO - Step 550: Loss= 2.7427 | PPO= 0.0002 | BC= 0.2496 | WR(baseline)=46.0% | WR(smart)=42.0% | Eps=185
[2026-07-13 00:48:08,918] INFO - Step 555: Loss= 2.9566 | PPO= 0.0001 | BC= 0.2381 | WR(baseline)=60.0% | WR(smart)=50.0% | Eps=184
[2026-07-13 00:48:09,855] INFO - Step 560: Loss= 2.9731 | PPO=-0.0016 | BC= 0.2712 | WR(baseline)=46.0% | WR(smart)=60.0% | Eps=186
[2026-07-13 00:48:10,801] INFO - Step 565: Loss= 2.6509 | PPO=-0.0006 | BC= 0.2618 | WR(baseline)=58.0% | WR(smart)=40.0% | Eps=189
[2026-07-13 00:48:11,734] INFO - Step 570: Loss= 2.4061 | PPO=-0.0015 | BC= 0.2558 | WR(baseline)=72.0% | WR(smart)=46.0% | Eps=186
[2026-07-13 00:48:12,668] INFO - Step 575: Loss= 2.8360 | PPO= 0.0002 | BC= 0.2236 | WR(baseline)=64.0% | WR(smart)=44.0% | Eps=186
[2026-07-13 00:48:13,626] INFO - Step 580: Loss= 2.6205 | PPO=-0.0010 | BC= 0.2652 | WR(baseline)=50.0% | WR(smart)=46.0% | Eps=185
[2026-07-13 00:48:14,581] INFO - Step 585: Loss= 2.7869 | PPO=-0.0018 | BC= 0.2349 | WR(baseline)=58.0% | WR(smart)=58.0% | Eps=186
[2026-07-13 00:48:15,533] INFO - Step 590: Loss= 2.8166 | PPO=-0.0009 | BC= 0.2425 | WR(baseline)=36.0% | WR(smart)=46.0% | Eps=184
[2026-07-13 00:48:16,486] INFO - Step 595: Loss= 2.6521 | PPO=-0.0009 | BC= 0.2503 | WR(baseline)=50.0% | WR(smart)=50.0% | Eps=188
[2026-07-13 00:48:17,435] INFO - Step 600: Loss= 2.6567 | PPO=-0.0005 | BC= 0.2221 | WR(baseline)=50.0% | WR(smart)=40.0% | Eps=187
[2026-07-13 00:48:18,391] INFO - Step 605: Loss= 2.8717 | PPO=-0.0005 | BC= 0.2267 | WR(baseline)=50.0% | WR(smart)=50.0% | Eps=187
[2026-07-13 00:48:19,336] INFO - Step 610: Loss= 2.9585 | PPO=-0.0005 | BC= 0.2509 | WR(baseline)=44.0% | WR(smart)=52.0% | Eps=186
[2026-07-13 00:48:20,268] INFO - Step 615: Loss= 3.2453 | PPO=-0.0000 | BC= 0.2468 | WR(baseline)=54.0% | WR(smart)=52.0% | Eps=185
[2026-07-13 00:48:21,181] INFO - Step 620: Loss= 2.7784 | PPO=-0.0011 | BC= 0.2620 | WR(baseline)=56.0% | WR(smart)=50.0% | Eps=186
[2026-07-13 00:48:22,105] INFO - Step 625: Loss= 3.1028 | PPO= 0.0004 | BC= 0.2587 | WR(baseline)=46.0% | WR(smart)=58.0% | Eps=188
[2026-07-13 00:48:23,033] INFO - Step 630: Loss= 2.8640 | PPO=-0.0009 | BC= 0.2396 | WR(baseline)=48.0% | WR(smart)=52.0% | Eps=189
[2026-07-13 00:48:23,955] INFO - Step 635: Loss= 2.6786 | PPO=-0.0003 | BC= 0.2631 | WR(baseline)=62.0% | WR(smart)=50.0% | Eps=187
[2026-07-13 00:48:24,878] INFO - Step 640: Loss= 2.6004 | PPO=-0.0013 | BC= 0.2312 | WR(baseline)=56.0% | WR(smart)=44.0% | Eps=187
[2026-07-13 00:48:25,835] INFO - Step 645: Loss= 2.8945 | PPO=-0.0003 | BC= 0.2458 | WR(baseline)=48.0% | WR(smart)=58.0% | Eps=188
[2026-07-13 00:48:26,768] INFO - Step 650: Loss= 2.8482 | PPO=-0.0022 | BC= 0.2450 | WR(baseline)=58.0% | WR(smart)=52.0% | Eps=186
[2026-07-13 00:48:27,727] INFO - Step 655: Loss= 2.5195 | PPO=-0.0019 | BC= 0.2569 | WR(baseline)=56.0% | WR(smart)=56.0% | Eps=191
[2026-07-13 00:48:28,662] INFO - Step 660: Loss= 2.6723 | PPO=-0.0008 | BC= 0.2483 | WR(baseline)=52.0% | WR(smart)=50.0% | Eps=185
[2026-07-13 00:48:29,607] INFO - Step 665: Loss= 2.6614 | PPO=-0.0009 | BC= 0.2259 | WR(baseline)=52.0% | WR(smart)=58.0% | Eps=185
[2026-07-13 00:48:30,550] INFO - Step 670: Loss= 3.0883 | PPO=-0.0006 | BC= 0.2538 | WR(baseline)=38.0% | WR(smart)=50.0% | Eps=185
[2026-07-13 00:48:31,465] INFO - Step 675: Loss= 3.0312 | PPO=-0.0005 | BC= 0.2388 | WR(baseline)=46.0% | WR(smart)=52.0% | Eps=186
[2026-07-13 00:48:32,379] INFO - Step 680: Loss= 2.5440 | PPO=-0.0003 | BC= 0.2464 | WR(baseline)=38.0% | WR(smart)=44.0% | Eps=188
[2026-07-13 00:48:33,296] INFO - Step 685: Loss= 3.3558 | PPO=-0.0009 | BC= 0.2402 | WR(baseline)=50.0% | WR(smart)=48.0% | Eps=187
[2026-07-13 00:48:34,233] INFO - Step 690: Loss= 3.2946 | PPO=-0.0018 | BC= 0.2674 | WR(baseline)=58.0% | WR(smart)=46.0% | Eps=187
[2026-07-13 00:48:35,159] INFO - Step 695: Loss= 2.8028 | PPO=-0.0009 | BC= 0.2347 | WR(baseline)=46.0% | WR(smart)=52.0% | Eps=185
[2026-07-13 00:48:36,082] INFO - Step 700: Loss= 3.1030 | PPO=-0.0018 | BC= 0.2230 | WR(baseline)=50.0% | WR(smart)=46.0% | Eps=188
[2026-07-13 00:48:37,024] INFO - Step 705: Loss= 2.6006 | PPO=-0.0004 | BC= 0.2430 | WR(baseline)=50.0% | WR(smart)=42.0% | Eps=184
[2026-07-13 00:48:37,969] INFO - Step 710: Loss= 2.8576 | PPO=-0.0001 | BC= 0.2520 | WR(baseline)=50.0% | WR(smart)=64.0% | Eps=185
[2026-07-13 00:48:38,915] INFO - Step 715: Loss= 2.7571 | PPO=-0.0015 | BC= 0.2655 | WR(baseline)=56.0% | WR(smart)=58.0% | Eps=186
[2026-07-13 00:48:39,855] INFO - Step 720: Loss= 3.2567 | PPO=-0.0010 | BC= 0.2517 | WR(baseline)=70.0% | WR(smart)=46.0% | Eps=184
[2026-07-13 00:48:40,797] INFO - Step 725: Loss= 2.7971 | PPO=-0.0002 | BC= 0.2337 | WR(baseline)=58.0% | WR(smart)=52.0% | Eps=182
[2026-07-13 00:48:41,740] INFO - Step 730: Loss= 3.0721 | PPO=-0.0004 | BC= 0.2475 | WR(baseline)=62.0% | WR(smart)=48.0% | Eps=186
[2026-07-13 00:48:42,698] INFO - Step 735: Loss= 2.9819 | PPO=-0.0017 | BC= 0.2251 | WR(baseline)=52.0% | WR(smart)=60.0% | Eps=188
[2026-07-13 00:48:43,614] INFO - Step 740: Loss= 2.7664 | PPO= 0.0001 | BC= 0.2474 | WR(baseline)=54.0% | WR(smart)=54.0% | Eps=187
[2026-07-13 00:48:44,530] INFO - Step 745: Loss= 2.5961 | PPO=-0.0011 | BC= 0.2489 | WR(baseline)=54.0% | WR(smart)=70.0% | Eps=187
[2026-07-13 00:48:45,437] INFO - Step 750: Loss= 2.8412 | PPO= 0.0002 | BC= 0.2382 | WR(baseline)=44.0% | WR(smart)=50.0% | Eps=185
[2026-07-13 00:48:46,362] INFO - Step 755: Loss= 2.9829 | PPO=-0.0006 | BC= 0.2321 | WR(baseline)=44.0% | WR(smart)=52.0% | Eps=189
[2026-07-13 00:48:47,276] INFO - Step 760: Loss= 2.6557 | PPO=-0.0003 | BC= 0.2252 | WR(baseline)=48.0% | WR(smart)=44.0% | Eps=182
[2026-07-13 00:48:48,181] INFO - Step 765: Loss= 2.8800 | PPO=-0.0020 | BC= 0.2286 | WR(baseline)=32.0% | WR(smart)=64.0% | Eps=182
[2026-07-13 00:48:49,115] INFO - Step 770: Loss= 2.5075 | PPO= 0.0001 | BC= 0.2314 | WR(baseline)=50.0% | WR(smart)=52.0% | Eps=186
[2026-07-13 00:48:50,056] INFO - Step 775: Loss= 2.6051 | PPO=-0.0005 | BC= 0.2290 | WR(baseline)=40.0% | WR(smart)=36.0% | Eps=184
[2026-07-13 00:48:50,994] INFO - Step 780: Loss= 2.5712 | PPO=-0.0009 | BC= 0.2327 | WR(baseline)=54.0% | WR(smart)=60.0% | Eps=187
[2026-07-13 00:48:51,922] INFO - Step 785: Loss= 2.3360 | PPO=-0.0013 | BC= 0.2422 | WR(baseline)=58.0% | WR(smart)=50.0% | Eps=186
[2026-07-13 00:48:52,850] INFO - Step 790: Loss= 2.5767 | PPO=-0.0004 | BC= 0.2322 | WR(baseline)=50.0% | WR(smart)=56.0% | Eps=187
[2026-07-13 00:48:53,787] INFO - Step 795: Loss= 3.1438 | PPO=-0.0010 | BC= 0.2822 | WR(baseline)=40.0% | WR(smart)=62.0% | Eps=185
[2026-07-13 00:48:54,694] INFO - Step 800: Loss= 3.1472 | PPO=-0.0006 | BC= 0.2515 | WR(baseline)=38.0% | WR(smart)=48.0% | Eps=188
[2026-07-13 00:48:55,611] INFO - Step 805: Loss= 2.7961 | PPO= 0.0004 | BC= 0.2330 | WR(baseline)=52.0% | WR(smart)=36.0% | Eps=183
[2026-07-13 00:48:56,522] INFO - Step 810: Loss= 2.5963 | PPO=-0.0018 | BC= 0.2331 | WR(baseline)=50.0% | WR(smart)=50.0% | Eps=187
[2026-07-13 00:48:57,435] INFO - Step 815: Loss= 2.6968 | PPO=-0.0007 | BC= 0.2562 | WR(baseline)=60.0% | WR(smart)=50.0% | Eps=184
[2026-07-13 00:48:58,355] INFO - Step 820: Loss= 2.8036 | PPO=-0.0010 | BC= 0.2322 | WR(baseline)=38.0% | WR(smart)=54.0% | Eps=187
[2026-07-13 00:48:59,255] INFO - Step 825: Loss= 2.2231 | PPO=-0.0010 | BC= 0.2399 | WR(baseline)=46.0% | WR(smart)=58.0% | Eps=187
[2026-07-13 00:49:00,162] INFO - Step 830: Loss= 3.1834 | PPO=-0.0006 | BC= 0.2416 | WR(baseline)=60.0% | WR(smart)=56.0% | Eps=187
[2026-07-13 00:49:01,082] INFO - Step 835: Loss= 2.6772 | PPO=-0.0012 | BC= 0.2425 | WR(baseline)=54.0% | WR(smart)=50.0% | Eps=188
[2026-07-13 00:49:02,010] INFO - Step 840: Loss= 2.9476 | PPO=-0.0008 | BC= 0.2484 | WR(baseline)=58.0% | WR(smart)=48.0% | Eps=185
[2026-07-13 00:49:02,943] INFO - Step 845: Loss= 3.3902 | PPO=-0.0019 | BC= 0.2335 | WR(baseline)=56.0% | WR(smart)=64.0% | Eps=187
[2026-07-13 00:49:03,856] INFO - Step 850: Loss= 2.2423 | PPO=-0.0010 | BC= 0.2274 | WR(baseline)=58.0% | WR(smart)=44.0% | Eps=182
[2026-07-13 00:49:04,805] INFO - Step 855: Loss= 2.6531 | PPO=-0.0016 | BC= 0.2210 | WR(baseline)=46.0% | WR(smart)=62.0% | Eps=187
[2026-07-13 00:49:05,730] INFO - Step 860: Loss= 2.8984 | PPO=-0.0007 | BC= 0.2311 | WR(baseline)=40.0% | WR(smart)=44.0% | Eps=183
[2026-07-13 00:49:06,662] INFO - Step 865: Loss= 2.4089 | PPO=-0.0015 | BC= 0.2318 | WR(baseline)=46.0% | WR(smart)=62.0% | Eps=188
[2026-07-13 00:49:07,586] INFO - Step 870: Loss= 2.4886 | PPO=-0.0004 | BC= 0.2331 | WR(baseline)=56.0% | WR(smart)=60.0% | Eps=184
[2026-07-13 00:49:08,492] INFO - Step 875: Loss= 2.9400 | PPO=-0.0003 | BC= 0.2581 | WR(baseline)=52.0% | WR(smart)=46.0% | Eps=187
[2026-07-13 00:49:09,379] INFO - Step 880: Loss= 2.6628 | PPO=-0.0009 | BC= 0.2361 | WR(baseline)=48.0% | WR(smart)=48.0% | Eps=184
[2026-07-13 00:49:10,259] INFO - Step 885: Loss= 2.5364 | PPO=-0.0012 | BC= 0.2402 | WR(baseline)=48.0% | WR(smart)=42.0% | Eps=184
[2026-07-13 00:49:11,157] INFO - Step 890: Loss= 2.4854 | PPO=-0.0005 | BC= 0.2463 | WR(baseline)=60.0% | WR(smart)=38.0% | Eps=187
[2026-07-13 00:49:12,072] INFO - Step 895: Loss= 2.8891 | PPO=-0.0025 | BC= 0.2593 | WR(baseline)=42.0% | WR(smart)=44.0% | Eps=184
[2026-07-13 00:49:12,994] INFO - Step 900: Loss= 2.5497 | PPO=-0.0021 | BC= 0.2916 | WR(baseline)=54.0% | WR(smart)=50.0% | Eps=187
[2026-07-13 00:49:13,910] INFO - Step 905: Loss= 2.7743 | PPO=-0.0016 | BC= 0.2344 | WR(baseline)=46.0% | WR(smart)=66.0% | Eps=185
[2026-07-13 00:49:14,822] INFO - Step 910: Loss= 2.7294 | PPO=-0.0015 | BC= 0.2591 | WR(baseline)=38.0% | WR(smart)=58.0% | Eps=184
[2026-07-13 00:49:15,748] INFO - Step 915: Loss= 2.5514 | PPO=-0.0017 | BC= 0.2324 | WR(baseline)=46.0% | WR(smart)=58.0% | Eps=184
[2026-07-13 00:49:16,669] INFO - Step 920: Loss= 2.4306 | PPO=-0.0004 | BC= 0.2550 | WR(baseline)=44.0% | WR(smart)=54.0% | Eps=185
[2026-07-13 00:49:17,595] INFO - Step 925: Loss= 2.9022 | PPO=-0.0003 | BC= 0.2295 | WR(baseline)=48.0% | WR(smart)=56.0% | Eps=187
[2026-07-13 00:49:18,514] INFO - Step 930: Loss= 2.5934 | PPO=-0.0017 | BC= 0.2645 | WR(baseline)=56.0% | WR(smart)=54.0% | Eps=185
[2026-07-13 00:49:19,428] INFO - Step 935: Loss= 2.8006 | PPO=-0.0007 | BC= 0.2514 | WR(baseline)=62.0% | WR(smart)=56.0% | Eps=186
[2026-07-13 00:49:20,334] INFO - Step 940: Loss= 2.6787 | PPO=-0.0003 | BC= 0.2468 | WR(baseline)=60.0% | WR(smart)=54.0% | Eps=185
[2026-07-13 00:49:21,232] INFO - Step 945: Loss= 2.9927 | PPO=-0.0020 | BC= 0.2204 | WR(baseline)=52.0% | WR(smart)=44.0% | Eps=184
[2026-07-13 00:49:22,130] INFO - Step 950: Loss= 2.7788 | PPO=-0.0013 | BC= 0.2092 | WR(baseline)=44.0% | WR(smart)=48.0% | Eps=184
[2026-07-13 00:49:23,049] INFO - Step 955: Loss= 2.7964 | PPO= 0.0003 | BC= 0.2343 | WR(baseline)=54.0% | WR(smart)=44.0% | Eps=186
[2026-07-13 00:49:23,975] INFO - Step 960: Loss= 2.7932 | PPO=-0.0007 | BC= 0.2436 | WR(baseline)=58.0% | WR(smart)=44.0% | Eps=181
[2026-07-13 00:49:24,896] INFO - Step 965: Loss= 3.0265 | PPO=-0.0011 | BC= 0.2211 | WR(baseline)=42.0% | WR(smart)=58.0% | Eps=184
[2026-07-13 00:49:25,814] INFO - Step 970: Loss= 2.8290 | PPO=-0.0012 | BC= 0.2482 | WR(baseline)=40.0% | WR(smart)=58.0% | Eps=186
[2026-07-13 00:49:26,722] INFO - Step 975: Loss= 2.5574 | PPO=-0.0008 | BC= 0.2514 | WR(baseline)=50.0% | WR(smart)=48.0% | Eps=187
[2026-07-13 00:49:27,639] INFO - Step 980: Loss= 2.3682 | PPO=-0.0019 | BC= 0.2495 | WR(baseline)=56.0% | WR(smart)=60.0% | Eps=189
[2026-07-13 00:49:28,549] INFO - Step 985: Loss= 3.0195 | PPO=-0.0005 | BC= 0.2424 | WR(baseline)=62.0% | WR(smart)=60.0% | Eps=184
[2026-07-13 00:49:29,465] INFO - Step 990: Loss= 2.1240 | PPO=-0.0017 | BC= 0.2362 | WR(baseline)=56.0% | WR(smart)=50.0% | Eps=186
[2026-07-13 00:49:30,368] INFO - Step 995: Loss= 3.1865 | PPO=-0.0016 | BC= 0.2348 | WR(baseline)=56.0% | WR(smart)=40.0% | Eps=185
[2026-07-13 00:49:31,265] INFO - Step 1000: Loss= 2.7886 | PPO=-0.0011 | BC= 0.2360 | WR(baseline)=54.0% | WR(smart)=56.0% | Eps=185
[2026-07-13 00:49:31,265] INFO - 
✓ Training complete!
[2026-07-13 00:49:31,265] INFO - 
Final Evaluation (200 games each)...
[2026-07-13 00:49:31,456] INFO - Final Win Rate vs BaselineBot: 55.0%
[2026-07-13 00:49:31,456] INFO - Final Win Rate vs SmartBot:    49.5%
[2026-07-13 00:49:31,458] INFO - 
✓ Model saved to /Users/eshaankumar/Documents/spa-drp/bc_ppo_fd/agent_final.pt
[2026-07-21 15:46:35,931] INFO - Resuming from checkpoint: /Users/eshaankumar/Documents/spa-drp/bc_ppo_fd/agent_final.pt
[2026-07-21 15:46:35,931] INFO - ======================================================================
[2026-07-21 15:46:35,931] INFO - BC + PPO-fD Training Pipeline
[2026-07-21 15:46:35,931] INFO - ======================================================================
[2026-07-21 15:46:35,931] INFO - Using device: cpu
[2026-07-21 15:46:35,932] INFO - 
======================================================================
[2026-07-21 15:46:35,932] INFO - Loading / collecting BaselineBot demonstrations
[2026-07-21 15:46:35,932] INFO - ======================================================================
[2026-07-21 15:46:36,006] INFO - ✓ 57279 demonstrations available
[2026-07-21 15:46:36,027] INFO - Loading checkpoint from /Users/eshaankumar/Documents/spa-drp/bc_ppo_fd/agent_final.pt...
[2026-07-21 15:46:36,030] INFO - ✓ Checkpoint loaded
[2026-07-21 15:46:36,030] INFO - 
======================================================================
[2026-07-21 15:46:36,030] INFO - PHASE 2: PPO-FD ONLINE TRAINING
[2026-07-21 15:46:36,030] INFO - ======================================================================
[2026-07-21 15:46:36,608] INFO - Starting PPO training for 1000 steps...
[2026-07-21 15:46:36,853] INFO - Step   1: Loss= 2.5752 | PPO=-0.0036 | BC= 0.2601 | WR(baseline)=54.0% | WR(smart)=52.0% | Eps=185
[2026-07-21 15:46:37,520] INFO - Step   5: Loss= 2.5228 | PPO=-0.0005 | BC= 0.2300 | WR(baseline)=42.0% | WR(smart)=48.0% | Eps=187
[2026-07-21 15:46:38,353] INFO - Step  10: Loss= 2.4582 | PPO=-0.0016 | BC= 0.2542 | WR(baseline)=42.0% | WR(smart)=42.0% | Eps=187
[2026-07-21 15:46:39,176] INFO - Step  15: Loss= 2.3624 | PPO=-0.0019 | BC= 0.2472 | WR(baseline)=48.0% | WR(smart)=54.0% | Eps=185
[2026-07-21 15:46:39,994] INFO - Step  20: Loss= 2.1756 | PPO=-0.0011 | BC= 0.2391 | WR(baseline)=50.0% | WR(smart)=60.0% | Eps=187
[2026-07-21 15:46:40,970] INFO - Step  25: Loss= 2.6262 | PPO=-0.0017 | BC= 0.2520 | WR(baseline)=54.0% | WR(smart)=60.0% | Eps=182
[2026-07-21 15:46:41,940] INFO - Step  30: Loss= 2.5288 | PPO=-0.0013 | BC= 0.2356 | WR(baseline)=62.0% | WR(smart)=52.0% | Eps=185
[2026-07-21 15:46:42,911] INFO - Step  35: Loss= 2.7206 | PPO=-0.0022 | BC= 0.2325 | WR(baseline)=64.0% | WR(smart)=54.0% | Eps=185
[2026-07-21 15:46:43,887] INFO - Step  40: Loss= 2.7932 | PPO=-0.0009 | BC= 0.2396 | WR(baseline)=48.0% | WR(smart)=52.0% | Eps=186
[2026-07-21 15:46:44,861] INFO - Step  45: Loss= 2.6207 | PPO=-0.0012 | BC= 0.2462 | WR(baseline)=46.0% | WR(smart)=60.0% | Eps=185
[2026-07-21 15:46:45,822] INFO - Step  50: Loss= 2.4378 | PPO=-0.0007 | BC= 0.2327 | WR(baseline)=56.0% | WR(smart)=62.0% | Eps=183
[2026-07-21 15:46:46,773] INFO - Step  55: Loss= 2.6855 | PPO=-0.0015 | BC= 0.2263 | WR(baseline)=46.0% | WR(smart)=62.0% | Eps=186
[2026-07-21 15:46:47,733] INFO - Step  60: Loss= 2.7758 | PPO=-0.0010 | BC= 0.2366 | WR(baseline)=40.0% | WR(smart)=38.0% | Eps=187
[2026-07-21 15:46:48,692] INFO - Step  65: Loss= 2.6444 | PPO=-0.0018 | BC= 0.2374 | WR(baseline)=74.0% | WR(smart)=44.0% | Eps=186
[2026-07-21 15:46:49,665] INFO - Step  70: Loss= 2.9040 | PPO=-0.0029 | BC= 0.2519 | WR(baseline)=56.0% | WR(smart)=52.0% | Eps=182
[2026-07-21 15:46:50,630] INFO - Step  75: Loss= 2.3619 | PPO=-0.0016 | BC= 0.2478 | WR(baseline)=46.0% | WR(smart)=66.0% | Eps=185
[2026-07-21 15:46:51,585] INFO - Step  80: Loss= 2.8492 | PPO=-0.0013 | BC= 0.2132 | WR(baseline)=48.0% | WR(smart)=50.0% | Eps=188
[2026-07-21 15:46:52,547] INFO - Step  85: Loss= 2.9623 | PPO=-0.0005 | BC= 0.2558 | WR(baseline)=46.0% | WR(smart)=50.0% | Eps=187
[2026-07-21 15:46:53,521] INFO - Step  90: Loss= 2.5017 | PPO=-0.0004 | BC= 0.2381 | WR(baseline)=48.0% | WR(smart)=40.0% | Eps=186
[2026-07-21 15:46:54,488] INFO - Step  95: Loss= 2.5028 | PPO=-0.0011 | BC= 0.2456 | WR(baseline)=50.0% | WR(smart)=54.0% | Eps=182
[2026-07-21 15:46:55,463] INFO - Step 100: Loss= 2.8070 | PPO=-0.0006 | BC= 0.2475 | WR(baseline)=46.0% | WR(smart)=52.0% | Eps=184
[2026-07-21 15:46:56,433] INFO - Step 105: Loss= 2.9132 | PPO=-0.0012 | BC= 0.2278 | WR(baseline)=42.0% | WR(smart)=52.0% | Eps=184
[2026-07-21 15:46:57,407] INFO - Step 110: Loss= 2.5885 | PPO=-0.0014 | BC= 0.2401 | WR(baseline)=62.0% | WR(smart)=64.0% | Eps=184
[2026-07-21 15:46:58,373] INFO - Step 115: Loss= 2.4631 | PPO=-0.0011 | BC= 0.2413 | WR(baseline)=56.0% | WR(smart)=42.0% | Eps=187
[2026-07-21 15:46:59,333] INFO - Step 120: Loss= 2.4927 | PPO=-0.0014 | BC= 0.2488 | WR(baseline)=56.0% | WR(smart)=58.0% | Eps=185
[2026-07-21 15:47:00,300] INFO - Step 125: Loss= 2.9141 | PPO= 0.0002 | BC= 0.2415 | WR(baseline)=66.0% | WR(smart)=44.0% | Eps=185
[2026-07-21 15:47:01,261] INFO - Step 130: Loss= 2.4679 | PPO=-0.0016 | BC= 0.2228 | WR(baseline)=50.0% | WR(smart)=52.0% | Eps=185
[2026-07-21 15:47:02,216] INFO - Step 135: Loss= 2.6632 | PPO=-0.0012 | BC= 0.2701 | WR(baseline)=52.0% | WR(smart)=56.0% | Eps=185
[2026-07-21 15:47:03,179] INFO - Step 140: Loss= 2.9485 | PPO=-0.0008 | BC= 0.2420 | WR(baseline)=54.0% | WR(smart)=64.0% | Eps=186
[2026-07-21 15:47:04,158] INFO - Step 145: Loss= 2.2185 | PPO=-0.0010 | BC= 0.2468 | WR(baseline)=36.0% | WR(smart)=52.0% | Eps=186
[2026-07-21 15:47:05,116] INFO - Step 150: Loss= 2.8850 | PPO=-0.0012 | BC= 0.2294 | WR(baseline)=66.0% | WR(smart)=50.0% | Eps=184
[2026-07-21 15:47:06,087] INFO - Step 155: Loss= 2.7457 | PPO=-0.0018 | BC= 0.2109 | WR(baseline)=54.0% | WR(smart)=48.0% | Eps=184
[2026-07-21 15:47:07,067] INFO - Step 160: Loss= 2.7541 | PPO=-0.0010 | BC= 0.2197 | WR(baseline)=58.0% | WR(smart)=46.0% | Eps=184
[2026-07-21 15:47:08,052] INFO - Step 165: Loss= 2.8153 | PPO=-0.0005 | BC= 0.2415 | WR(baseline)=54.0% | WR(smart)=50.0% | Eps=186
[2026-07-21 15:47:09,055] INFO - Step 170: Loss= 3.1109 | PPO= 0.0001 | BC= 0.2237 | WR(baseline)=52.0% | WR(smart)=58.0% | Eps=185
[2026-07-21 15:47:10,050] INFO - Step 175: Loss= 2.3358 | PPO=-0.0007 | BC= 0.2343 | WR(baseline)=48.0% | WR(smart)=52.0% | Eps=182
[2026-07-21 15:47:11,026] INFO - Step 180: Loss= 2.2261 | PPO=-0.0014 | BC= 0.2355 | WR(baseline)=56.0% | WR(smart)=68.0% | Eps=181
[2026-07-21 15:47:11,993] INFO - Step 185: Loss= 2.7993 | PPO=-0.0007 | BC= 0.2360 | WR(baseline)=38.0% | WR(smart)=54.0% | Eps=185
[2026-07-21 15:47:12,987] INFO - Step 190: Loss= 2.3140 | PPO=-0.0007 | BC= 0.2328 | WR(baseline)=52.0% | WR(smart)=60.0% | Eps=181
[2026-07-21 15:47:13,966] INFO - Step 195: Loss= 2.7878 | PPO=-0.0008 | BC= 0.2575 | WR(baseline)=52.0% | WR(smart)=58.0% | Eps=184
[2026-07-21 15:47:14,952] INFO - Step 200: Loss= 2.5209 | PPO=-0.0013 | BC= 0.2397 | WR(baseline)=48.0% | WR(smart)=46.0% | Eps=182
[2026-07-21 15:47:15,929] INFO - Step 205: Loss= 2.4519 | PPO=-0.0035 | BC= 0.2557 | WR(baseline)=50.0% | WR(smart)=48.0% | Eps=181
[2026-07-21 15:47:16,905] INFO - Step 210: Loss= 2.7745 | PPO=-0.0001 | BC= 0.2222 | WR(baseline)=60.0% | WR(smart)=56.0% | Eps=184
[2026-07-21 15:47:17,880] INFO - Step 215: Loss= 2.5681 | PPO=-0.0004 | BC= 0.2347 | WR(baseline)=44.0% | WR(smart)=60.0% | Eps=184
[2026-07-21 15:47:18,858] INFO - Step 220: Loss= 2.5229 | PPO=-0.0008 | BC= 0.2279 | WR(baseline)=46.0% | WR(smart)=52.0% | Eps=186
[2026-07-21 15:47:19,817] INFO - Step 225: Loss= 2.0642 | PPO=-0.0006 | BC= 0.2311 | WR(baseline)=60.0% | WR(smart)=58.0% | Eps=184
[2026-07-21 15:47:20,779] INFO - Step 230: Loss= 2.2753 | PPO=-0.0007 | BC= 0.2174 | WR(baseline)=54.0% | WR(smart)=62.0% | Eps=184
[2026-07-21 15:47:21,733] INFO - Step 235: Loss= 2.4754 | PPO=-0.0013 | BC= 0.2339 | WR(baseline)=62.0% | WR(smart)=44.0% | Eps=187
[2026-07-21 15:47:22,709] INFO - Step 240: Loss= 2.4753 | PPO=-0.0013 | BC= 0.2308 | WR(baseline)=40.0% | WR(smart)=52.0% | Eps=185
[2026-07-21 15:47:23,687] INFO - Step 245: Loss= 2.5010 | PPO=-0.0013 | BC= 0.2239 | WR(baseline)=52.0% | WR(smart)=50.0% | Eps=187
[2026-07-21 15:47:24,653] INFO - Step 250: Loss= 2.3212 | PPO=-0.0013 | BC= 0.2417 | WR(baseline)=56.0% | WR(smart)=52.0% | Eps=185
[2026-07-21 15:47:25,632] INFO - Step 255: Loss= 2.6944 | PPO=-0.0002 | BC= 0.2220 | WR(baseline)=58.0% | WR(smart)=66.0% | Eps=184
[2026-07-21 15:47:26,596] INFO - Step 260: Loss= 2.6134 | PPO=-0.0024 | BC= 0.2221 | WR(baseline)=56.0% | WR(smart)=66.0% | Eps=184
[2026-07-21 15:47:27,560] INFO - Step 265: Loss= 2.9588 | PPO=-0.0018 | BC= 0.2523 | WR(baseline)=52.0% | WR(smart)=52.0% | Eps=184
[2026-07-21 15:47:28,539] INFO - Step 270: Loss= 2.7071 | PPO=-0.0003 | BC= 0.2526 | WR(baseline)=66.0% | WR(smart)=64.0% | Eps=186
[2026-07-21 15:47:29,516] INFO - Step 275: Loss= 2.7470 | PPO=-0.0019 | BC= 0.2566 | WR(baseline)=56.0% | WR(smart)=58.0% | Eps=184
[2026-07-21 15:47:30,491] INFO - Step 280: Loss= 2.8694 | PPO=-0.0006 | BC= 0.2398 | WR(baseline)=48.0% | WR(smart)=64.0% | Eps=184
[2026-07-21 15:47:31,467] INFO - Step 285: Loss= 2.7890 | PPO=-0.0010 | BC= 0.2404 | WR(baseline)=64.0% | WR(smart)=66.0% | Eps=185
[2026-07-21 15:47:32,459] INFO - Step 290: Loss= 2.7281 | PPO= 0.0001 | BC= 0.2656 | WR(baseline)=46.0% | WR(smart)=48.0% | Eps=182
[2026-07-21 15:47:33,464] INFO - Step 295: Loss= 2.5405 | PPO=-0.0003 | BC= 0.2586 | WR(baseline)=54.0% | WR(smart)=44.0% | Eps=183
[2026-07-21 15:47:34,457] INFO - Step 300: Loss= 2.8899 | PPO=-0.0015 | BC= 0.2226 | WR(baseline)=56.0% | WR(smart)=46.0% | Eps=183
[2026-07-21 15:47:35,447] INFO - Step 305: Loss= 2.9144 | PPO=-0.0009 | BC= 0.2180 | WR(baseline)=46.0% | WR(smart)=36.0% | Eps=185
[2026-07-21 15:47:36,415] INFO - Step 310: Loss= 2.7477 | PPO=-0.0004 | BC= 0.2253 | WR(baseline)=56.0% | WR(smart)=58.0% | Eps=186
[2026-07-21 15:47:37,371] INFO - Step 315: Loss= 2.5435 | PPO=-0.0024 | BC= 0.2440 | WR(baseline)=54.0% | WR(smart)=68.0% | Eps=185
[2026-07-21 15:47:38,329] INFO - Step 320: Loss= 2.8518 | PPO=-0.0010 | BC= 0.2291 | WR(baseline)=66.0% | WR(smart)=56.0% | Eps=184
[2026-07-21 15:47:39,298] INFO - Step 325: Loss= 2.4212 | PPO=-0.0012 | BC= 0.2451 | WR(baseline)=46.0% | WR(smart)=60.0% | Eps=185
[2026-07-21 15:47:40,284] INFO - Step 330: Loss= 2.4305 | PPO=-0.0008 | BC= 0.2381 | WR(baseline)=52.0% | WR(smart)=48.0% | Eps=183
[2026-07-21 15:47:41,276] INFO - Step 335: Loss= 2.6885 | PPO=-0.0023 | BC= 0.2468 | WR(baseline)=48.0% | WR(smart)=54.0% | Eps=185
[2026-07-21 15:47:42,233] INFO - Step 340: Loss= 3.2682 | PPO=-0.0006 | BC= 0.2445 | WR(baseline)=56.0% | WR(smart)=54.0% | Eps=184
[2026-07-21 15:47:43,194] INFO - Step 345: Loss= 3.0887 | PPO=-0.0003 | BC= 0.2457 | WR(baseline)=66.0% | WR(smart)=48.0% | Eps=187
[2026-07-21 15:47:44,161] INFO - Step 350: Loss= 2.5714 | PPO=-0.0005 | BC= 0.2217 | WR(baseline)=44.0% | WR(smart)=50.0% | Eps=183
[2026-07-21 15:47:45,120] INFO - Step 355: Loss= 2.6069 | PPO=-0.0011 | BC= 0.2548 | WR(baseline)=44.0% | WR(smart)=50.0% | Eps=181
[2026-07-21 15:47:46,079] INFO - Step 360: Loss= 2.4610 | PPO=-0.0019 | BC= 0.2541 | WR(baseline)=60.0% | WR(smart)=52.0% | Eps=185
[2026-07-21 15:47:47,017] INFO - Step 365: Loss= 2.2636 | PPO=-0.0018 | BC= 0.2571 | WR(baseline)=38.0% | WR(smart)=52.0% | Eps=185
[2026-07-21 15:47:47,957] INFO - Step 370: Loss= 1.9706 | PPO=-0.0016 | BC= 0.2423 | WR(baseline)=46.0% | WR(smart)=50.0% | Eps=186
[2026-07-21 15:47:48,886] INFO - Step 375: Loss= 2.5843 | PPO=-0.0008 | BC= 0.2408 | WR(baseline)=42.0% | WR(smart)=48.0% | Eps=183
[2026-07-21 15:47:49,817] INFO - Step 380: Loss= 2.6553 | PPO=-0.0017 | BC= 0.2423 | WR(baseline)=44.0% | WR(smart)=50.0% | Eps=185
[2026-07-21 15:47:50,758] INFO - Step 385: Loss= 2.4287 | PPO=-0.0017 | BC= 0.2260 | WR(baseline)=38.0% | WR(smart)=52.0% | Eps=186
[2026-07-21 15:47:51,722] INFO - Step 390: Loss= 2.7594 | PPO=-0.0030 | BC= 0.1943 | WR(baseline)=52.0% | WR(smart)=58.0% | Eps=186
[2026-07-21 15:47:52,678] INFO - Step 395: Loss= 2.3170 | PPO=-0.0012 | BC= 0.2188 | WR(baseline)=48.0% | WR(smart)=62.0% | Eps=185
[2026-07-21 15:47:53,642] INFO - Step 400: Loss= 2.4683 | PPO=-0.0015 | BC= 0.2536 | WR(baseline)=50.0% | WR(smart)=46.0% | Eps=186
[2026-07-21 15:47:54,601] INFO - Step 405: Loss= 3.2310 | PPO=-0.0010 | BC= 0.2338 | WR(baseline)=58.0% | WR(smart)=52.0% | Eps=185
[2026-07-21 15:47:55,568] INFO - Step 410: Loss= 2.9754 | PPO=-0.0013 | BC= 0.2337 | WR(baseline)=60.0% | WR(smart)=54.0% | Eps=186
[2026-07-21 15:47:56,536] INFO - Step 415: Loss= 2.7705 | PPO=-0.0003 | BC= 0.2176 | WR(baseline)=42.0% | WR(smart)=58.0% | Eps=187
[2026-07-21 15:47:57,496] INFO - Step 420: Loss= 2.6788 | PPO=-0.0011 | BC= 0.2430 | WR(baseline)=54.0% | WR(smart)=48.0% | Eps=185
[2026-07-21 15:47:58,432] INFO - Step 425: Loss= 2.5164 | PPO=-0.0012 | BC= 0.2550 | WR(baseline)=54.0% | WR(smart)=46.0% | Eps=182
[2026-07-21 15:47:59,367] INFO - Step 430: Loss= 2.6865 | PPO=-0.0005 | BC= 0.2532 | WR(baseline)=58.0% | WR(smart)=44.0% | Eps=183
[2026-07-21 15:48:00,300] INFO - Step 435: Loss= 2.7905 | PPO=-0.0004 | BC= 0.2481 | WR(baseline)=34.0% | WR(smart)=56.0% | Eps=185
[2026-07-21 15:48:01,232] INFO - Step 440: Loss= 2.7446 | PPO=-0.0009 | BC= 0.2162 | WR(baseline)=42.0% | WR(smart)=56.0% | Eps=185
[2026-07-21 15:48:02,155] INFO - Step 445: Loss= 2.4158 | PPO=-0.0006 | BC= 0.2427 | WR(baseline)=62.0% | WR(smart)=58.0% | Eps=184
[2026-07-21 15:48:03,072] INFO - Step 450: Loss= 2.4791 | PPO=-0.0001 | BC= 0.2711 | WR(baseline)=44.0% | WR(smart)=54.0% | Eps=184
[2026-07-21 15:48:04,018] INFO - Step 455: Loss= 2.7941 | PPO=-0.0009 | BC= 0.2535 | WR(baseline)=44.0% | WR(smart)=56.0% | Eps=185
[2026-07-21 15:48:04,974] INFO - Step 460: Loss= 2.5918 | PPO=-0.0010 | BC= 0.2280 | WR(baseline)=60.0% | WR(smart)=56.0% | Eps=185
[2026-07-21 15:48:05,934] INFO - Step 465: Loss= 2.4862 | PPO=-0.0006 | BC= 0.2320 | WR(baseline)=64.0% | WR(smart)=52.0% | Eps=185
[2026-07-21 15:48:06,903] INFO - Step 470: Loss= 2.6258 | PPO= 0.0008 | BC= 0.2204 | WR(baseline)=46.0% | WR(smart)=56.0% | Eps=185
[2026-07-21 15:48:07,855] INFO - Step 475: Loss= 2.8911 | PPO=-0.0015 | BC= 0.2111 | WR(baseline)=54.0% | WR(smart)=42.0% | Eps=185
[2026-07-21 15:48:08,817] INFO - Step 480: Loss= 2.7652 | PPO=-0.0006 | BC= 0.2446 | WR(baseline)=74.0% | WR(smart)=60.0% | Eps=183
[2026-07-21 15:48:09,768] INFO - Step 485: Loss= 2.4040 | PPO=-0.0004 | BC= 0.2189 | WR(baseline)=54.0% | WR(smart)=54.0% | Eps=184
[2026-07-21 15:48:10,713] INFO - Step 490: Loss= 2.5355 | PPO=-0.0005 | BC= 0.2406 | WR(baseline)=58.0% | WR(smart)=58.0% | Eps=184
[2026-07-21 15:48:11,633] INFO - Step 495: Loss= 2.3210 | PPO=-0.0006 | BC= 0.2300 | WR(baseline)=66.0% | WR(smart)=50.0% | Eps=182
[2026-07-21 15:48:12,555] INFO - Step 500: Loss= 2.8861 | PPO=-0.0005 | BC= 0.2305 | WR(baseline)=42.0% | WR(smart)=50.0% | Eps=187
[2026-07-21 15:48:13,460] INFO - Step 505: Loss= 2.2237 | PPO=-0.0021 | BC= 0.2329 | WR(baseline)=54.0% | WR(smart)=58.0% | Eps=185
[2026-07-21 15:48:14,386] INFO - Step 510: Loss= 2.5598 | PPO=-0.0010 | BC= 0.2329 | WR(baseline)=58.0% | WR(smart)=52.0% | Eps=186
[2026-07-21 15:48:15,313] INFO - Step 515: Loss= 2.4422 | PPO=-0.0003 | BC= 0.2203 | WR(baseline)=50.0% | WR(smart)=58.0% | Eps=184
[2026-07-21 15:48:16,248] INFO - Step 520: Loss= 2.6343 | PPO=-0.0010 | BC= 0.2212 | WR(baseline)=56.0% | WR(smart)=58.0% | Eps=184
[2026-07-21 15:48:17,210] INFO - Step 525: Loss= 2.5041 | PPO=-0.0009 | BC= 0.2589 | WR(baseline)=46.0% | WR(smart)=58.0% | Eps=185
[2026-07-21 15:48:18,158] INFO - Step 530: Loss= 2.2791 | PPO=-0.0012 | BC= 0.2273 | WR(baseline)=60.0% | WR(smart)=56.0% | Eps=184
[2026-07-21 15:48:19,107] INFO - Step 535: Loss= 2.4338 | PPO=-0.0009 | BC= 0.2077 | WR(baseline)=46.0% | WR(smart)=58.0% | Eps=185
[2026-07-21 15:48:20,046] INFO - Step 540: Loss= 2.7493 | PPO=-0.0017 | BC= 0.2398 | WR(baseline)=52.0% | WR(smart)=48.0% | Eps=185
[2026-07-21 15:48:20,994] INFO - Step 545: Loss= 2.4318 | PPO=-0.0009 | BC= 0.2219 | WR(baseline)=46.0% | WR(smart)=56.0% | Eps=187
[2026-07-21 15:48:21,932] INFO - Step 550: Loss= 2.6557 | PPO=-0.0009 | BC= 0.2169 | WR(baseline)=52.0% | WR(smart)=68.0% | Eps=184
[2026-07-21 15:48:22,882] INFO - Step 555: Loss= 2.4301 | PPO=-0.0009 | BC= 0.2470 | WR(baseline)=50.0% | WR(smart)=64.0% | Eps=184
[2026-07-21 15:48:23,805] INFO - Step 560: Loss= 2.7010 | PPO=-0.0007 | BC= 0.2167 | WR(baseline)=48.0% | WR(smart)=52.0% | Eps=186
[2026-07-21 15:48:24,733] INFO - Step 565: Loss= 2.9408 | PPO=-0.0017 | BC= 0.2458 | WR(baseline)=56.0% | WR(smart)=50.0% | Eps=188
[2026-07-21 15:48:25,645] INFO - Step 570: Loss= 2.2089 | PPO=-0.0002 | BC= 0.2432 | WR(baseline)=50.0% | WR(smart)=50.0% | Eps=183
[2026-07-21 15:48:26,554] INFO - Step 575: Loss= 3.1005 | PPO= 0.0001 | BC= 0.1946 | WR(baseline)=48.0% | WR(smart)=48.0% | Eps=182
[2026-07-21 15:48:27,474] INFO - Step 580: Loss= 2.4110 | PPO=-0.0009 | BC= 0.2273 | WR(baseline)=58.0% | WR(smart)=60.0% | Eps=183
[2026-07-21 15:48:28,387] INFO - Step 585: Loss= 2.5078 | PPO=-0.0011 | BC= 0.2315 | WR(baseline)=52.0% | WR(smart)=46.0% | Eps=184
[2026-07-21 15:48:29,313] INFO - Step 590: Loss= 2.7235 | PPO=-0.0001 | BC= 0.2284 | WR(baseline)=56.0% | WR(smart)=48.0% | Eps=189
[2026-07-21 15:48:30,253] INFO - Step 595: Loss= 2.8583 | PPO=-0.0004 | BC= 0.2442 | WR(baseline)=46.0% | WR(smart)=50.0% | Eps=184
[2026-07-21 15:48:31,191] INFO - Step 600: Loss= 2.3304 | PPO=-0.0006 | BC= 0.2288 | WR(baseline)=62.0% | WR(smart)=58.0% | Eps=182
[2026-07-21 15:48:32,136] INFO - Step 605: Loss= 2.5470 | PPO=-0.0017 | BC= 0.2357 | WR(baseline)=66.0% | WR(smart)=52.0% | Eps=183
[2026-07-21 15:48:33,089] INFO - Step 610: Loss= 2.3449 | PPO=-0.0009 | BC= 0.2242 | WR(baseline)=62.0% | WR(smart)=44.0% | Eps=182
[2026-07-21 15:48:34,072] INFO - Step 615: Loss= 2.4780 | PPO=-0.0014 | BC= 0.2289 | WR(baseline)=54.0% | WR(smart)=50.0% | Eps=184
[2026-07-21 15:48:35,030] INFO - Step 620: Loss= 3.1880 | PPO=-0.0006 | BC= 0.2300 | WR(baseline)=46.0% | WR(smart)=54.0% | Eps=183
[2026-07-21 15:48:35,945] INFO - Step 625: Loss= 2.2318 | PPO=-0.0012 | BC= 0.2484 | WR(baseline)=36.0% | WR(smart)=58.0% | Eps=183
[2026-07-21 15:48:36,860] INFO - Step 630: Loss= 2.9409 | PPO=-0.0005 | BC= 0.2319 | WR(baseline)=46.0% | WR(smart)=48.0% | Eps=185
[2026-07-21 15:48:37,773] INFO - Step 635: Loss= 2.8797 | PPO=-0.0008 | BC= 0.2380 | WR(baseline)=50.0% | WR(smart)=46.0% | Eps=182
[2026-07-21 15:48:38,703] INFO - Step 640: Loss= 2.8914 | PPO=-0.0010 | BC= 0.2225 | WR(baseline)=46.0% | WR(smart)=64.0% | Eps=183
[2026-07-21 15:48:39,675] INFO - Step 645: Loss= 2.5352 | PPO=-0.0011 | BC= 0.2501 | WR(baseline)=44.0% | WR(smart)=68.0% | Eps=184
[2026-07-21 15:48:40,617] INFO - Step 650: Loss= 2.0264 | PPO=-0.0001 | BC= 0.2178 | WR(baseline)=52.0% | WR(smart)=50.0% | Eps=186
[2026-07-21 15:48:41,570] INFO - Step 655: Loss= 2.5861 | PPO=-0.0021 | BC= 0.2360 | WR(baseline)=38.0% | WR(smart)=48.0% | Eps=184
[2026-07-21 15:48:42,501] INFO - Step 660: Loss= 2.8891 | PPO=-0.0009 | BC= 0.2431 | WR(baseline)=46.0% | WR(smart)=64.0% | Eps=183
[2026-07-21 15:48:43,484] INFO - Step 665: Loss= 2.1717 | PPO=-0.0008 | BC= 0.2500 | WR(baseline)=56.0% | WR(smart)=54.0% | Eps=187
[2026-07-21 15:48:44,423] INFO - Step 670: Loss= 2.6609 | PPO=-0.0005 | BC= 0.2518 | WR(baseline)=48.0% | WR(smart)=46.0% | Eps=187
[2026-07-21 15:48:45,331] INFO - Step 675: Loss= 2.4557 | PPO=-0.0010 | BC= 0.2294 | WR(baseline)=46.0% | WR(smart)=54.0% | Eps=187
[2026-07-21 15:48:46,223] INFO - Step 680: Loss= 2.7131 | PPO=-0.0018 | BC= 0.2476 | WR(baseline)=56.0% | WR(smart)=42.0% | Eps=183
[2026-07-21 15:48:47,119] INFO - Step 685: Loss= 2.7675 | PPO=-0.0007 | BC= 0.2280 | WR(baseline)=46.0% | WR(smart)=50.0% | Eps=184
[2026-07-21 15:48:48,016] INFO - Step 690: Loss= 2.6057 | PPO= 0.0005 | BC= 0.2579 | WR(baseline)=38.0% | WR(smart)=52.0% | Eps=184
[2026-07-21 15:48:48,921] INFO - Step 695: Loss= 2.9302 | PPO=-0.0002 | BC= 0.2226 | WR(baseline)=52.0% | WR(smart)=70.0% | Eps=184
[2026-07-21 15:48:49,829] INFO - Step 700: Loss= 2.3295 | PPO=-0.0015 | BC= 0.2303 | WR(baseline)=70.0% | WR(smart)=46.0% | Eps=184
[2026-07-21 15:48:50,730] INFO - Step 705: Loss= 2.2383 | PPO=-0.0013 | BC= 0.2335 | WR(baseline)=50.0% | WR(smart)=54.0% | Eps=183
[2026-07-21 15:48:51,630] INFO - Step 710: Loss= 2.3029 | PPO=-0.0015 | BC= 0.2328 | WR(baseline)=52.0% | WR(smart)=42.0% | Eps=184
[2026-07-21 15:48:52,558] INFO - Step 715: Loss= 2.5700 | PPO=-0.0011 | BC= 0.2374 | WR(baseline)=56.0% | WR(smart)=58.0% | Eps=183
[2026-07-21 15:48:53,480] INFO - Step 720: Loss= 2.1953 | PPO=-0.0019 | BC= 0.2178 | WR(baseline)=50.0% | WR(smart)=58.0% | Eps=184
[2026-07-21 15:48:54,383] INFO - Step 725: Loss= 2.0932 | PPO=-0.0010 | BC= 0.2382 | WR(baseline)=58.0% | WR(smart)=46.0% | Eps=185
[2026-07-21 15:48:55,304] INFO - Step 730: Loss= 2.4619 | PPO=-0.0022 | BC= 0.2380 | WR(baseline)=50.0% | WR(smart)=52.0% | Eps=185
[2026-07-21 15:48:56,207] INFO - Step 735: Loss= 2.3377 | PPO=-0.0011 | BC= 0.2418 | WR(baseline)=54.0% | WR(smart)=60.0% | Eps=184
[2026-07-21 15:48:57,135] INFO - Step 740: Loss= 2.7494 | PPO=-0.0011 | BC= 0.2292 | WR(baseline)=46.0% | WR(smart)=60.0% | Eps=187
[2026-07-21 15:48:58,034] INFO - Step 745: Loss= 2.8020 | PPO=-0.0006 | BC= 0.2246 | WR(baseline)=66.0% | WR(smart)=54.0% | Eps=183
[2026-07-21 15:48:58,927] INFO - Step 750: Loss= 2.8378 | PPO=-0.0009 | BC= 0.2104 | WR(baseline)=60.0% | WR(smart)=68.0% | Eps=186
[2026-07-21 15:48:59,830] INFO - Step 755: Loss= 2.4184 | PPO=-0.0010 | BC= 0.2248 | WR(baseline)=42.0% | WR(smart)=52.0% | Eps=182
[2026-07-21 15:49:00,726] INFO - Step 760: Loss= 2.2776 | PPO=-0.0017 | BC= 0.2418 | WR(baseline)=52.0% | WR(smart)=44.0% | Eps=186
[2026-07-21 15:49:01,618] INFO - Step 765: Loss= 2.3676 | PPO=-0.0010 | BC= 0.2240 | WR(baseline)=52.0% | WR(smart)=48.0% | Eps=184
[2026-07-21 15:49:02,497] INFO - Step 770: Loss= 2.5434 | PPO=-0.0007 | BC= 0.2475 | WR(baseline)=48.0% | WR(smart)=50.0% | Eps=184
[2026-07-21 15:49:03,398] INFO - Step 775: Loss= 2.4404 | PPO=-0.0008 | BC= 0.2227 | WR(baseline)=56.0% | WR(smart)=60.0% | Eps=184
[2026-07-21 15:49:04,295] INFO - Step 780: Loss= 2.4959 | PPO=-0.0012 | BC= 0.2290 | WR(baseline)=46.0% | WR(smart)=46.0% | Eps=184
[2026-07-21 15:49:05,216] INFO - Step 785: Loss= 2.5050 | PPO= 0.0002 | BC= 0.2409 | WR(baseline)=54.0% | WR(smart)=58.0% | Eps=184
[2026-07-21 15:49:06,115] INFO - Step 790: Loss= 2.3353 | PPO=-0.0005 | BC= 0.2372 | WR(baseline)=56.0% | WR(smart)=60.0% | Eps=183
[2026-07-21 15:49:07,037] INFO - Step 795: Loss= 2.6343 | PPO=-0.0010 | BC= 0.2319 | WR(baseline)=52.0% | WR(smart)=50.0% | Eps=186
[2026-07-21 15:49:07,946] INFO - Step 800: Loss= 2.8470 | PPO=-0.0014 | BC= 0.2251 | WR(baseline)=38.0% | WR(smart)=62.0% | Eps=184
[2026-07-21 15:49:08,842] INFO - Step 805: Loss= 3.0082 | PPO=-0.0009 | BC= 0.2398 | WR(baseline)=42.0% | WR(smart)=56.0% | Eps=183
[2026-07-21 15:49:09,744] INFO - Step 810: Loss= 2.3995 | PPO=-0.0006 | BC= 0.2478 | WR(baseline)=52.0% | WR(smart)=48.0% | Eps=184
[2026-07-21 15:49:10,644] INFO - Step 815: Loss= 2.2334 | PPO=-0.0013 | BC= 0.2382 | WR(baseline)=54.0% | WR(smart)=44.0% | Eps=183
[2026-07-21 15:49:11,560] INFO - Step 820: Loss= 2.5374 | PPO=-0.0006 | BC= 0.2157 | WR(baseline)=62.0% | WR(smart)=50.0% | Eps=186
[2026-07-21 15:49:12,477] INFO - Step 825: Loss= 2.4524 | PPO=-0.0010 | BC= 0.2580 | WR(baseline)=46.0% | WR(smart)=56.0% | Eps=185
[2026-07-21 15:49:13,360] INFO - Step 830: Loss= 2.6535 | PPO=-0.0020 | BC= 0.2284 | WR(baseline)=46.0% | WR(smart)=48.0% | Eps=187
[2026-07-21 15:49:14,242] INFO - Step 835: Loss= 2.6426 | PPO= 0.0004 | BC= 0.2365 | WR(baseline)=52.0% | WR(smart)=62.0% | Eps=189
[2026-07-21 15:49:15,132] INFO - Step 840: Loss= 2.8973 | PPO=-0.0018 | BC= 0.2283 | WR(baseline)=40.0% | WR(smart)=46.0% | Eps=188
[2026-07-21 15:49:16,032] INFO - Step 845: Loss= 2.6935 | PPO=-0.0009 | BC= 0.2181 | WR(baseline)=50.0% | WR(smart)=62.0% | Eps=180
[2026-07-21 15:49:16,947] INFO - Step 850: Loss= 2.1106 | PPO=-0.0007 | BC= 0.2371 | WR(baseline)=62.0% | WR(smart)=60.0% | Eps=183
[2026-07-21 15:49:17,844] INFO - Step 855: Loss= 2.2924 | PPO=-0.0011 | BC= 0.2398 | WR(baseline)=58.0% | WR(smart)=54.0% | Eps=185
[2026-07-21 15:49:18,758] INFO - Step 860: Loss= 2.8110 | PPO=-0.0014 | BC= 0.2215 | WR(baseline)=44.0% | WR(smart)=50.0% | Eps=182
[2026-07-21 15:49:19,658] INFO - Step 865: Loss= 2.3273 | PPO=-0.0009 | BC= 0.2058 | WR(baseline)=48.0% | WR(smart)=46.0% | Eps=186
[2026-07-21 15:49:20,573] INFO - Step 870: Loss= 2.5664 | PPO=-0.0016 | BC= 0.2364 | WR(baseline)=64.0% | WR(smart)=56.0% | Eps=184
[2026-07-21 15:49:21,479] INFO - Step 875: Loss= 2.9588 | PPO=-0.0011 | BC= 0.2430 | WR(baseline)=42.0% | WR(smart)=54.0% | Eps=184
[2026-07-21 15:49:22,383] INFO - Step 880: Loss= 2.6070 | PPO=-0.0002 | BC= 0.2150 | WR(baseline)=58.0% | WR(smart)=48.0% | Eps=187
[2026-07-21 15:49:23,275] INFO - Step 885: Loss= 2.8774 | PPO=-0.0009 | BC= 0.2039 | WR(baseline)=48.0% | WR(smart)=48.0% | Eps=181
[2026-07-21 15:49:24,146] INFO - Step 890: Loss= 1.8563 | PPO=-0.0010 | BC= 0.2288 | WR(baseline)=58.0% | WR(smart)=38.0% | Eps=183
[2026-07-21 15:49:25,032] INFO - Step 895: Loss= 2.0652 | PPO=-0.0008 | BC= 0.2200 | WR(baseline)=54.0% | WR(smart)=70.0% | Eps=187
[2026-07-21 15:49:25,920] INFO - Step 900: Loss= 2.3961 | PPO=-0.0007 | BC= 0.2102 | WR(baseline)=50.0% | WR(smart)=50.0% | Eps=183
[2026-07-21 15:49:26,815] INFO - Step 905: Loss= 2.6410 | PPO=-0.0020 | BC= 0.2190 | WR(baseline)=48.0% | WR(smart)=50.0% | Eps=186
[2026-07-21 15:49:27,700] INFO - Step 910: Loss= 2.8912 | PPO=-0.0027 | BC= 0.2188 | WR(baseline)=42.0% | WR(smart)=52.0% | Eps=186
[2026-07-21 15:49:28,593] INFO - Step 915: Loss= 2.4956 | PPO=-0.0005 | BC= 0.2426 | WR(baseline)=64.0% | WR(smart)=42.0% | Eps=183
[2026-07-21 15:49:29,508] INFO - Step 920: Loss= 2.5313 | PPO=-0.0004 | BC= 0.2533 | WR(baseline)=44.0% | WR(smart)=48.0% | Eps=185
[2026-07-21 15:49:30,403] INFO - Step 925: Loss= 2.7081 | PPO=-0.0010 | BC= 0.2421 | WR(baseline)=48.0% | WR(smart)=46.0% | Eps=183
[2026-07-21 15:49:31,327] INFO - Step 930: Loss= 2.4813 | PPO=-0.0010 | BC= 0.2057 | WR(baseline)=64.0% | WR(smart)=58.0% | Eps=183
[2026-07-21 15:49:32,230] INFO - Step 935: Loss= 2.1249 | PPO=-0.0009 | BC= 0.2394 | WR(baseline)=44.0% | WR(smart)=64.0% | Eps=186
[2026-07-21 15:49:33,131] INFO - Step 940: Loss= 2.4803 | PPO=-0.0020 | BC= 0.2464 | WR(baseline)=50.0% | WR(smart)=42.0% | Eps=184
[2026-07-21 15:49:34,027] INFO - Step 945: Loss= 2.8251 | PPO=-0.0007 | BC= 0.2303 | WR(baseline)=54.0% | WR(smart)=48.0% | Eps=184
[2026-07-21 15:49:34,925] INFO - Step 950: Loss= 2.2921 | PPO=-0.0007 | BC= 0.2337 | WR(baseline)=56.0% | WR(smart)=52.0% | Eps=184
[2026-07-21 15:49:35,807] INFO - Step 955: Loss= 2.3301 | PPO=-0.0012 | BC= 0.2183 | WR(baseline)=52.0% | WR(smart)=52.0% | Eps=186
[2026-07-21 15:49:36,690] INFO - Step 960: Loss= 2.9931 | PPO=-0.0004 | BC= 0.2342 | WR(baseline)=52.0% | WR(smart)=44.0% | Eps=184
[2026-07-21 15:49:37,568] INFO - Step 965: Loss= 2.2266 | PPO=-0.0011 | BC= 0.2228 | WR(baseline)=62.0% | WR(smart)=60.0% | Eps=182
[2026-07-21 15:49:38,456] INFO - Step 970: Loss= 2.4277 | PPO=-0.0011 | BC= 0.2461 | WR(baseline)=60.0% | WR(smart)=60.0% | Eps=182
[2026-07-21 15:49:39,342] INFO - Step 975: Loss= 2.4674 | PPO=-0.0017 | BC= 0.2443 | WR(baseline)=54.0% | WR(smart)=46.0% | Eps=184
[2026-07-21 15:49:40,228] INFO - Step 980: Loss= 2.7170 | PPO=-0.0014 | BC= 0.1985 | WR(baseline)=64.0% | WR(smart)=60.0% | Eps=183
[2026-07-21 15:49:41,111] INFO - Step 985: Loss= 2.7174 | PPO=-0.0008 | BC= 0.2021 | WR(baseline)=54.0% | WR(smart)=48.0% | Eps=186
[2026-07-21 15:49:42,016] INFO - Step 990: Loss= 2.7911 | PPO=-0.0011 | BC= 0.2431 | WR(baseline)=52.0% | WR(smart)=46.0% | Eps=183
[2026-07-21 15:49:42,913] INFO - Step 995: Loss= 2.4246 | PPO=-0.0002 | BC= 0.2261 | WR(baseline)=54.0% | WR(smart)=68.0% | Eps=184
[2026-07-21 15:49:43,812] INFO - Step 1000: Loss= 2.3438 | PPO=-0.0017 | BC= 0.2476 | WR(baseline)=54.0% | WR(smart)=60.0% | Eps=186
[2026-07-21 15:49:43,812] INFO - 
✓ Training complete!
[2026-07-21 15:49:43,812] INFO - 
Final Evaluation (200 games each)...
[2026-07-21 15:49:44,002] INFO - Final Win Rate vs BaselineBot: 61.0%
[2026-07-21 15:49:44,002] INFO - Final Win Rate vs SmartBot:    48.5%
[2026-07-21 15:49:44,003] INFO - 
✓ Model saved to /Users/eshaankumar/Documents/spa-drp/bc_ppo_fd/agent_final.pt
[2026-07-21 15:55:30,223] INFO - ======================================================================
[2026-07-21 15:55:30,223] INFO - BC + PPO-fD Training Pipeline
[2026-07-21 15:55:30,223] INFO - ======================================================================
[2026-07-21 15:55:30,223] INFO - Using device: cpu
[2026-07-21 15:55:30,229] INFO - 
======================================================================
[2026-07-21 15:55:30,229] INFO - Loading / collecting BaselineBot demonstrations
[2026-07-21 15:55:30,229] INFO - ======================================================================
[2026-07-21 15:55:30,289] INFO - ✓ 57279 demonstrations available
[2026-07-21 15:55:30,310] INFO - 
PHASE 1: Behavioral Cloning (warm-start the PPO network)
[2026-07-21 15:55:31,234] INFO -   Reached target accuracy 75% at epoch 1; stopping BC.
[2026-07-21 15:55:31,234] INFO - ✓ BC complete | best val accuracy: 83.57%
[2026-07-21 15:55:31,234] INFO - 
======================================================================
[2026-07-21 15:55:31,234] INFO - PHASE 2: PPO-FD ONLINE TRAINING
[2026-07-21 15:55:31,234] INFO - ======================================================================
[2026-07-21 15:55:31,242] INFO - Starting PPO training for 4000 steps...
[2026-07-21 15:55:31,460] INFO - Step   1: Loss= 6.2160 | PPO=-0.0032 | BC= 0.4041 | bc_lambda=0.200 | WR(baseline)=48.0% | WR(smart)=46.0% | Eps=187
[2026-07-21 15:55:32,136] INFO - Step   5: Loss= 5.6057 | PPO=-0.0009 | BC= 0.4562 | bc_lambda=0.200 | WR(baseline)=42.0% | WR(smart)=46.0% | Eps=184
[2026-07-21 15:55:32,959] INFO - Step  10: Loss= 5.2892 | PPO= 0.0002 | BC= 0.4514 | bc_lambda=0.200 | WR(baseline)=42.0% | WR(smart)=32.0% | Eps=183
[2026-07-21 15:55:33,790] INFO - Step  15: Loss= 6.2038 | PPO=-0.0004 | BC= 0.4333 | bc_lambda=0.199 | WR(baseline)=42.0% | WR(smart)=42.0% | Eps=183
[2026-07-21 15:55:34,637] INFO - Step  20: Loss= 4.8790 | PPO=-0.0015 | BC= 0.4701 | bc_lambda=0.199 | WR(baseline)=46.0% | WR(smart)=46.0% | Eps=185
[2026-07-21 15:55:35,473] INFO - Step  25: Loss= 5.1166 | PPO=-0.0003 | BC= 0.4964 | bc_lambda=0.199 | WR(baseline)=52.0% | WR(smart)=56.0% | Eps=183
[2026-07-21 15:55:36,311] INFO - Step  30: Loss= 5.3511 | PPO=-0.0020 | BC= 0.4871 | bc_lambda=0.199 | WR(baseline)=56.0% | WR(smart)=52.0% | Eps=185
[2026-07-21 15:55:37,147] INFO - Step  35: Loss= 5.4295 | PPO=-0.0006 | BC= 0.4837 | bc_lambda=0.198 | WR(baseline)=42.0% | WR(smart)=44.0% | Eps=189
[2026-07-21 15:55:37,976] INFO - Step  40: Loss= 5.6736 | PPO=-0.0001 | BC= 0.4747 | bc_lambda=0.198 | WR(baseline)=40.0% | WR(smart)=48.0% | Eps=188
[2026-07-21 15:55:38,802] INFO - Step  45: Loss= 5.3697 | PPO=-0.0021 | BC= 0.4433 | bc_lambda=0.198 | WR(baseline)=40.0% | WR(smart)=58.0% | Eps=189
[2026-07-21 15:55:39,627] INFO - Step  50: Loss= 5.0430 | PPO=-0.0010 | BC= 0.4330 | bc_lambda=0.198 | WR(baseline)=50.0% | WR(smart)=44.0% | Eps=185
[2026-07-21 15:55:40,451] INFO - Step  55: Loss= 4.5380 | PPO=-0.0012 | BC= 0.4632 | bc_lambda=0.198 | WR(baseline)=38.0% | WR(smart)=56.0% | Eps=189
[2026-07-21 15:55:41,277] INFO - Step  60: Loss= 5.0930 | PPO=-0.0015 | BC= 0.4576 | bc_lambda=0.197 | WR(baseline)=32.0% | WR(smart)=42.0% | Eps=189
[2026-07-21 15:55:42,099] INFO - Step  65: Loss= 5.1781 | PPO= 0.0001 | BC= 0.4756 | bc_lambda=0.197 | WR(baseline)=40.0% | WR(smart)=46.0% | Eps=187
[2026-07-21 15:55:42,922] INFO - Step  70: Loss= 4.7531 | PPO=-0.0004 | BC= 0.4339 | bc_lambda=0.197 | WR(baseline)=46.0% | WR(smart)=48.0% | Eps=191
[2026-07-21 15:55:43,754] INFO - Step  75: Loss= 5.0794 | PPO=-0.0012 | BC= 0.4717 | bc_lambda=0.197 | WR(baseline)=52.0% | WR(smart)=26.0% | Eps=188
[2026-07-21 15:55:44,571] INFO - Step  80: Loss= 4.0860 | PPO=-0.0003 | BC= 0.4712 | bc_lambda=0.196 | WR(baseline)=50.0% | WR(smart)=50.0% | Eps=192
[2026-07-21 15:55:45,400] INFO - Step  85: Loss= 4.4580 | PPO=-0.0021 | BC= 0.4620 | bc_lambda=0.196 | WR(baseline)=44.0% | WR(smart)=46.0% | Eps=191
[2026-07-21 15:55:46,234] INFO - Step  90: Loss= 4.5988 | PPO=-0.0003 | BC= 0.5346 | bc_lambda=0.196 | WR(baseline)=44.0% | WR(smart)=48.0% | Eps=192
[2026-07-21 15:55:47,067] INFO - Step  95: Loss= 4.5333 | PPO=-0.0013 | BC= 0.4649 | bc_lambda=0.196 | WR(baseline)=50.0% | WR(smart)=52.0% | Eps=192
[2026-07-21 15:55:47,898] INFO - Step 100: Loss= 4.4420 | PPO=-0.0004 | BC= 0.4836 | bc_lambda=0.196 | WR(baseline)=48.0% | WR(smart)=38.0% | Eps=192
[2026-07-21 15:55:48,729] INFO - Step 105: Loss= 3.6190 | PPO=-0.0003 | BC= 0.4870 | bc_lambda=0.195 | WR(baseline)=42.0% | WR(smart)=50.0% | Eps=194
[2026-07-21 15:55:49,556] INFO - Step 110: Loss= 4.0825 | PPO=-0.0013 | BC= 0.4924 | bc_lambda=0.195 | WR(baseline)=44.0% | WR(smart)=52.0% | Eps=188
[2026-07-21 15:55:50,379] INFO - Step 115: Loss= 3.9893 | PPO= 0.0007 | BC= 0.4696 | bc_lambda=0.195 | WR(baseline)=42.0% | WR(smart)=48.0% | Eps=192
[2026-07-21 15:55:51,204] INFO - Step 120: Loss= 4.0504 | PPO=-0.0005 | BC= 0.4748 | bc_lambda=0.195 | WR(baseline)=46.0% | WR(smart)=44.0% | Eps=191
[2026-07-21 15:55:52,024] INFO - Step 125: Loss= 3.5578 | PPO=-0.0005 | BC= 0.5247 | bc_lambda=0.194 | WR(baseline)=46.0% | WR(smart)=56.0% | Eps=189
[2026-07-21 15:55:52,844] INFO - Step 130: Loss= 4.2622 | PPO=-0.0008 | BC= 0.5009 | bc_lambda=0.194 | WR(baseline)=38.0% | WR(smart)=44.0% | Eps=189
[2026-07-21 15:55:53,662] INFO - Step 135: Loss= 3.6236 | PPO=-0.0010 | BC= 0.4935 | bc_lambda=0.194 | WR(baseline)=30.0% | WR(smart)=56.0% | Eps=189
[2026-07-21 15:55:54,484] INFO - Step 140: Loss= 3.5662 | PPO=-0.0009 | BC= 0.4944 | bc_lambda=0.194 | WR(baseline)=40.0% | WR(smart)=48.0% | Eps=191
[2026-07-21 15:55:55,310] INFO - Step 145: Loss= 3.7477 | PPO=-0.0007 | BC= 0.4973 | bc_lambda=0.194 | WR(baseline)=42.0% | WR(smart)=50.0% | Eps=194
[2026-07-21 15:55:56,136] INFO - Step 150: Loss= 3.8234 | PPO=-0.0002 | BC= 0.4786 | bc_lambda=0.193 | WR(baseline)=52.0% | WR(smart)=46.0% | Eps=193
[2026-07-21 15:55:57,126] INFO - Step 155: Loss= 4.1123 | PPO= 0.0001 | BC= 0.5131 | bc_lambda=0.193 | WR(baseline)=42.0% | WR(smart)=56.0% | Eps=193
[2026-07-21 15:55:58,104] INFO - Step 160: Loss= 4.5844 | PPO= 0.0000 | BC= 0.4839 | bc_lambda=0.193 | WR(baseline)=42.0% | WR(smart)=38.0% | Eps=191
[2026-07-21 15:55:59,074] INFO - Step 165: Loss= 4.0948 | PPO=-0.0001 | BC= 0.5078 | bc_lambda=0.193 | WR(baseline)=48.0% | WR(smart)=56.0% | Eps=193
[2026-07-21 15:56:00,057] INFO - Step 170: Loss= 4.2178 | PPO= 0.0002 | BC= 0.4489 | bc_lambda=0.192 | WR(baseline)=52.0% | WR(smart)=42.0% | Eps=192
[2026-07-21 15:56:01,042] INFO - Step 175: Loss= 4.1267 | PPO=-0.0009 | BC= 0.4694 | bc_lambda=0.192 | WR(baseline)=66.0% | WR(smart)=44.0% | Eps=193
[2026-07-21 15:56:02,015] INFO - Step 180: Loss= 4.0886 | PPO=-0.0010 | BC= 0.4917 | bc_lambda=0.192 | WR(baseline)=34.0% | WR(smart)=46.0% | Eps=191
[2026-07-21 15:56:02,994] INFO - Step 185: Loss= 3.9676 | PPO= 0.0002 | BC= 0.4767 | bc_lambda=0.192 | WR(baseline)=32.0% | WR(smart)=40.0% | Eps=195
[2026-07-21 15:56:03,979] INFO - Step 190: Loss= 4.3851 | PPO=-0.0008 | BC= 0.4604 | bc_lambda=0.191 | WR(baseline)=48.0% | WR(smart)=44.0% | Eps=191
[2026-07-21 15:56:04,973] INFO - Step 195: Loss= 4.0214 | PPO=-0.0022 | BC= 0.4876 | bc_lambda=0.191 | WR(baseline)=58.0% | WR(smart)=46.0% | Eps=194
[2026-07-21 15:56:05,953] INFO - Step 200: Loss= 4.8557 | PPO=-0.0012 | BC= 0.4725 | bc_lambda=0.191 | WR(baseline)=46.0% | WR(smart)=52.0% | Eps=193
[2026-07-21 15:56:06,930] INFO - Step 205: Loss= 3.5491 | PPO= 0.0006 | BC= 0.4923 | bc_lambda=0.191 | WR(baseline)=40.0% | WR(smart)=54.0% | Eps=195
[2026-07-21 15:56:07,903] INFO - Step 210: Loss= 3.7120 | PPO=-0.0009 | BC= 0.4733 | bc_lambda=0.191 | WR(baseline)=50.0% | WR(smart)=52.0% | Eps=196
[2026-07-21 15:56:08,874] INFO - Step 215: Loss= 3.8449 | PPO=-0.0006 | BC= 0.4679 | bc_lambda=0.190 | WR(baseline)=42.0% | WR(smart)=62.0% | Eps=192
[2026-07-21 15:56:09,853] INFO - Step 220: Loss= 4.1263 | PPO=-0.0006 | BC= 0.4510 | bc_lambda=0.190 | WR(baseline)=56.0% | WR(smart)=58.0% | Eps=190
[2026-07-21 15:56:10,864] INFO - Step 225: Loss= 3.8665 | PPO=-0.0002 | BC= 0.4770 | bc_lambda=0.190 | WR(baseline)=40.0% | WR(smart)=58.0% | Eps=194
[2026-07-21 15:56:11,857] INFO - Step 230: Loss= 3.8704 | PPO=-0.0002 | BC= 0.4900 | bc_lambda=0.190 | WR(baseline)=52.0% | WR(smart)=52.0% | Eps=194
[2026-07-21 15:56:12,853] INFO - Step 235: Loss= 3.9151 | PPO=-0.0014 | BC= 0.4241 | bc_lambda=0.189 | WR(baseline)=40.0% | WR(smart)=42.0% | Eps=192
[2026-07-21 15:56:13,861] INFO - Step 240: Loss= 3.9995 | PPO=-0.0012 | BC= 0.4511 | bc_lambda=0.189 | WR(baseline)=52.0% | WR(smart)=42.0% | Eps=191
[2026-07-21 15:56:14,875] INFO - Step 245: Loss= 3.6902 | PPO=-0.0003 | BC= 0.4515 | bc_lambda=0.189 | WR(baseline)=56.0% | WR(smart)=48.0% | Eps=193
[2026-07-21 15:56:15,857] INFO - Step 250: Loss= 4.0579 | PPO=-0.0013 | BC= 0.4605 | bc_lambda=0.189 | WR(baseline)=58.0% | WR(smart)=40.0% | Eps=187
[2026-07-21 15:56:16,823] INFO - Step 255: Loss= 3.7691 | PPO=-0.0008 | BC= 0.4716 | bc_lambda=0.189 | WR(baseline)=54.0% | WR(smart)=54.0% | Eps=193
[2026-07-21 15:56:17,826] INFO - Step 260: Loss= 3.4925 | PPO=-0.0009 | BC= 0.5216 | bc_lambda=0.188 | WR(baseline)=52.0% | WR(smart)=38.0% | Eps=196
[2026-07-21 15:56:18,819] INFO - Step 265: Loss= 4.5142 | PPO= 0.0004 | BC= 0.4738 | bc_lambda=0.188 | WR(baseline)=38.0% | WR(smart)=36.0% | Eps=191
[2026-07-21 15:56:19,828] INFO - Step 270: Loss= 3.7539 | PPO=-0.0012 | BC= 0.4634 | bc_lambda=0.188 | WR(baseline)=52.0% | WR(smart)=48.0% | Eps=189
[2026-07-21 15:56:20,812] INFO - Step 275: Loss= 4.1065 | PPO=-0.0004 | BC= 0.4470 | bc_lambda=0.188 | WR(baseline)=52.0% | WR(smart)=44.0% | Eps=195
[2026-07-21 15:56:21,781] INFO - Step 280: Loss= 4.3460 | PPO=-0.0013 | BC= 0.4490 | bc_lambda=0.187 | WR(baseline)=56.0% | WR(smart)=52.0% | Eps=192
[2026-07-21 15:56:22,737] INFO - Step 285: Loss= 4.2888 | PPO=-0.0002 | BC= 0.4688 | bc_lambda=0.187 | WR(baseline)=40.0% | WR(smart)=44.0% | Eps=193
[2026-07-21 15:56:23,702] INFO - Step 290: Loss= 3.8530 | PPO=-0.0003 | BC= 0.4502 | bc_lambda=0.187 | WR(baseline)=46.0% | WR(smart)=34.0% | Eps=192
[2026-07-21 15:56:24,650] INFO - Step 295: Loss= 3.9945 | PPO=-0.0011 | BC= 0.4871 | bc_lambda=0.187 | WR(baseline)=46.0% | WR(smart)=36.0% | Eps=194
[2026-07-21 15:56:25,580] INFO - Step 300: Loss= 3.7435 | PPO=-0.0005 | BC= 0.4493 | bc_lambda=0.187 | WR(baseline)=42.0% | WR(smart)=34.0% | Eps=193
[2026-07-21 15:56:26,536] INFO - Step 305: Loss= 4.1215 | PPO=-0.0006 | BC= 0.4682 | bc_lambda=0.186 | WR(baseline)=46.0% | WR(smart)=44.0% | Eps=191
[2026-07-21 15:56:27,491] INFO - Step 310: Loss= 4.4901 | PPO=-0.0001 | BC= 0.4621 | bc_lambda=0.186 | WR(baseline)=48.0% | WR(smart)=42.0% | Eps=190
[2026-07-21 15:56:28,465] INFO - Step 315: Loss= 3.4281 | PPO=-0.0000 | BC= 0.4563 | bc_lambda=0.186 | WR(baseline)=40.0% | WR(smart)=32.0% | Eps=195
[2026-07-21 15:56:29,442] INFO - Step 320: Loss= 3.8650 | PPO=-0.0009 | BC= 0.4243 | bc_lambda=0.186 | WR(baseline)=60.0% | WR(smart)=34.0% | Eps=193
[2026-07-21 15:56:30,430] INFO - Step 325: Loss= 3.9601 | PPO=-0.0008 | BC= 0.4128 | bc_lambda=0.185 | WR(baseline)=60.0% | WR(smart)=36.0% | Eps=188
[2026-07-21 15:56:31,398] INFO - Step 330: Loss= 3.8091 | PPO=-0.0014 | BC= 0.4602 | bc_lambda=0.185 | WR(baseline)=62.0% | WR(smart)=40.0% | Eps=189
[2026-07-21 15:56:32,357] INFO - Step 335: Loss= 3.9560 | PPO=-0.0013 | BC= 0.4441 | bc_lambda=0.185 | WR(baseline)=50.0% | WR(smart)=42.0% | Eps=190
[2026-07-21 15:56:33,320] INFO - Step 340: Loss= 3.2927 | PPO= 0.0003 | BC= 0.4725 | bc_lambda=0.185 | WR(baseline)=40.0% | WR(smart)=44.0% | Eps=190
[2026-07-21 15:56:34,271] INFO - Step 345: Loss= 4.1027 | PPO=-0.0007 | BC= 0.4389 | bc_lambda=0.185 | WR(baseline)=60.0% | WR(smart)=46.0% | Eps=190
[2026-07-21 15:56:35,216] INFO - Step 350: Loss= 3.8694 | PPO=-0.0003 | BC= 0.4011 | bc_lambda=0.184 | WR(baseline)=44.0% | WR(smart)=56.0% | Eps=192
[2026-07-21 15:56:36,180] INFO - Step 355: Loss= 3.9228 | PPO=-0.0008 | BC= 0.4698 | bc_lambda=0.184 | WR(baseline)=40.0% | WR(smart)=42.0% | Eps=196
[2026-07-21 15:56:37,114] INFO - Step 360: Loss= 3.8017 | PPO=-0.0012 | BC= 0.4294 | bc_lambda=0.184 | WR(baseline)=56.0% | WR(smart)=46.0% | Eps=194
[2026-07-21 15:56:38,037] INFO - Step 365: Loss= 3.7833 | PPO=-0.0004 | BC= 0.4197 | bc_lambda=0.184 | WR(baseline)=44.0% | WR(smart)=46.0% | Eps=193
[2026-07-21 15:56:38,965] INFO - Step 370: Loss= 3.7054 | PPO=-0.0017 | BC= 0.4319 | bc_lambda=0.183 | WR(baseline)=44.0% | WR(smart)=40.0% | Eps=194
[2026-07-21 15:56:39,892] INFO - Step 375: Loss= 3.5546 | PPO=-0.0003 | BC= 0.4610 | bc_lambda=0.183 | WR(baseline)=52.0% | WR(smart)=50.0% | Eps=194
[2026-07-21 15:56:40,829] INFO - Step 380: Loss= 4.0586 | PPO= 0.0000 | BC= 0.4642 | bc_lambda=0.183 | WR(baseline)=54.0% | WR(smart)=50.0% | Eps=188
[2026-07-21 15:56:41,763] INFO - Step 385: Loss= 3.1617 | PPO=-0.0004 | BC= 0.4434 | bc_lambda=0.183 | WR(baseline)=52.0% | WR(smart)=56.0% | Eps=192
[2026-07-21 15:56:42,731] INFO - Step 390: Loss= 3.4442 | PPO=-0.0004 | BC= 0.4247 | bc_lambda=0.182 | WR(baseline)=46.0% | WR(smart)=48.0% | Eps=190
[2026-07-21 15:56:43,672] INFO - Step 395: Loss= 3.8106 | PPO=-0.0000 | BC= 0.4824 | bc_lambda=0.182 | WR(baseline)=52.0% | WR(smart)=44.0% | Eps=192
[2026-07-21 15:56:44,611] INFO - Step 400: Loss= 3.8512 | PPO=-0.0016 | BC= 0.4385 | bc_lambda=0.182 | WR(baseline)=52.0% | WR(smart)=50.0% | Eps=191
[2026-07-21 15:56:45,566] INFO - Step 405: Loss= 3.5538 | PPO= 0.0002 | BC= 0.4361 | bc_lambda=0.182 | WR(baseline)=50.0% | WR(smart)=42.0% | Eps=193
[2026-07-21 15:56:46,515] INFO - Step 410: Loss= 3.4347 | PPO=-0.0009 | BC= 0.4521 | bc_lambda=0.182 | WR(baseline)=58.0% | WR(smart)=60.0% | Eps=192
[2026-07-21 15:56:47,455] INFO - Step 415: Loss= 3.8389 | PPO=-0.0002 | BC= 0.4552 | bc_lambda=0.181 | WR(baseline)=54.0% | WR(smart)=52.0% | Eps=190
[2026-07-21 15:56:48,387] INFO - Step 420: Loss= 2.9160 | PPO=-0.0008 | BC= 0.4417 | bc_lambda=0.181 | WR(baseline)=44.0% | WR(smart)=46.0% | Eps=192
[2026-07-21 15:56:49,288] INFO - Step 425: Loss= 3.3339 | PPO=-0.0008 | BC= 0.4294 | bc_lambda=0.181 | WR(baseline)=48.0% | WR(smart)=44.0% | Eps=193
[2026-07-21 15:56:50,223] INFO - Step 430: Loss= 3.6276 | PPO=-0.0009 | BC= 0.4185 | bc_lambda=0.181 | WR(baseline)=46.0% | WR(smart)=52.0% | Eps=194
[2026-07-21 15:56:51,138] INFO - Step 435: Loss= 3.5413 | PPO=-0.0011 | BC= 0.4369 | bc_lambda=0.180 | WR(baseline)=40.0% | WR(smart)=32.0% | Eps=191
[2026-07-21 15:56:52,088] INFO - Step 440: Loss= 3.8425 | PPO=-0.0005 | BC= 0.4158 | bc_lambda=0.180 | WR(baseline)=52.0% | WR(smart)=50.0% | Eps=195
[2026-07-21 15:56:53,038] INFO - Step 445: Loss= 4.4112 | PPO=-0.0005 | BC= 0.4401 | bc_lambda=0.180 | WR(baseline)=50.0% | WR(smart)=52.0% | Eps=190
[2026-07-21 15:56:53,979] INFO - Step 450: Loss= 3.6191 | PPO=-0.0008 | BC= 0.4303 | bc_lambda=0.180 | WR(baseline)=38.0% | WR(smart)=56.0% | Eps=194
[2026-07-21 15:56:54,921] INFO - Step 455: Loss= 3.2963 | PPO=-0.0014 | BC= 0.4314 | bc_lambda=0.180 | WR(baseline)=40.0% | WR(smart)=28.0% | Eps=190
[2026-07-21 15:56:55,855] INFO - Step 460: Loss= 3.8043 | PPO=-0.0005 | BC= 0.4361 | bc_lambda=0.179 | WR(baseline)=56.0% | WR(smart)=38.0% | Eps=194
[2026-07-21 15:56:56,789] INFO - Step 465: Loss= 3.3403 | PPO= 0.0002 | BC= 0.4496 | bc_lambda=0.179 | WR(baseline)=46.0% | WR(smart)=44.0% | Eps=192
[2026-07-21 15:56:57,730] INFO - Step 470: Loss= 4.3827 | PPO=-0.0002 | BC= 0.4106 | bc_lambda=0.179 | WR(baseline)=36.0% | WR(smart)=46.0% | Eps=190
[2026-07-21 15:56:58,670] INFO - Step 475: Loss= 3.4611 | PPO=-0.0008 | BC= 0.4344 | bc_lambda=0.179 | WR(baseline)=46.0% | WR(smart)=50.0% | Eps=191
[2026-07-21 15:56:59,611] INFO - Step 480: Loss= 3.4756 | PPO=-0.0004 | BC= 0.4297 | bc_lambda=0.178 | WR(baseline)=64.0% | WR(smart)=60.0% | Eps=190
[2026-07-21 15:57:00,537] INFO - Step 485: Loss= 3.4306 | PPO=-0.0008 | BC= 0.4198 | bc_lambda=0.178 | WR(baseline)=40.0% | WR(smart)=36.0% | Eps=192
[2026-07-21 15:57:01,451] INFO - Step 490: Loss= 3.7967 | PPO=-0.0010 | BC= 0.4367 | bc_lambda=0.178 | WR(baseline)=44.0% | WR(smart)=52.0% | Eps=192
[2026-07-21 15:57:02,370] INFO - Step 495: Loss= 3.5051 | PPO=-0.0002 | BC= 0.4189 | bc_lambda=0.178 | WR(baseline)=50.0% | WR(smart)=34.0% | Eps=191
[2026-07-21 15:57:03,281] INFO - Step 500: Loss= 3.5229 | PPO=-0.0015 | BC= 0.3867 | bc_lambda=0.178 | WR(baseline)=48.0% | WR(smart)=52.0% | Eps=192
[2026-07-21 15:57:04,200] INFO - Step 505: Loss= 3.6375 | PPO= 0.0002 | BC= 0.4583 | bc_lambda=0.177 | WR(baseline)=48.0% | WR(smart)=42.0% | Eps=191
[2026-07-21 15:57:05,101] INFO - Step 510: Loss= 3.1974 | PPO=-0.0007 | BC= 0.4379 | bc_lambda=0.177 | WR(baseline)=46.0% | WR(smart)=46.0% | Eps=195
[2026-07-21 15:57:06,038] INFO - Step 515: Loss= 3.5458 | PPO=-0.0004 | BC= 0.4281 | bc_lambda=0.177 | WR(baseline)=50.0% | WR(smart)=46.0% | Eps=191
[2026-07-21 15:57:06,963] INFO - Step 520: Loss= 3.2789 | PPO=-0.0019 | BC= 0.4231 | bc_lambda=0.177 | WR(baseline)=46.0% | WR(smart)=40.0% | Eps=192
[2026-07-21 15:57:07,903] INFO - Step 525: Loss= 3.4115 | PPO=-0.0013 | BC= 0.4529 | bc_lambda=0.176 | WR(baseline)=42.0% | WR(smart)=40.0% | Eps=193
[2026-07-21 15:57:08,828] INFO - Step 530: Loss= 3.5514 | PPO=-0.0002 | BC= 0.4122 | bc_lambda=0.176 | WR(baseline)=32.0% | WR(smart)=34.0% | Eps=195
[2026-07-21 15:57:09,758] INFO - Step 535: Loss= 3.5406 | PPO=-0.0001 | BC= 0.3867 | bc_lambda=0.176 | WR(baseline)=50.0% | WR(smart)=42.0% | Eps=190
[2026-07-21 15:57:10,688] INFO - Step 540: Loss= 3.7186 | PPO= 0.0004 | BC= 0.4247 | bc_lambda=0.176 | WR(baseline)=46.0% | WR(smart)=40.0% | Eps=191
[2026-07-21 15:57:11,617] INFO - Step 545: Loss= 3.4385 | PPO=-0.0012 | BC= 0.4365 | bc_lambda=0.176 | WR(baseline)=50.0% | WR(smart)=46.0% | Eps=189
[2026-07-21 15:57:12,543] INFO - Step 550: Loss= 3.2191 | PPO=-0.0013 | BC= 0.4119 | bc_lambda=0.175 | WR(baseline)=42.0% | WR(smart)=40.0% | Eps=195
[2026-07-21 15:57:13,449] INFO - Step 555: Loss= 3.7425 | PPO=-0.0010 | BC= 0.4098 | bc_lambda=0.175 | WR(baseline)=54.0% | WR(smart)=50.0% | Eps=191
[2026-07-21 15:57:14,352] INFO - Step 560: Loss= 3.5341 | PPO=-0.0005 | BC= 0.4076 | bc_lambda=0.175 | WR(baseline)=42.0% | WR(smart)=56.0% | Eps=191
[2026-07-21 15:57:15,256] INFO - Step 565: Loss= 3.5357 | PPO=-0.0008 | BC= 0.4011 | bc_lambda=0.175 | WR(baseline)=40.0% | WR(smart)=50.0% | Eps=193
[2026-07-21 15:57:16,162] INFO - Step 570: Loss= 3.4150 | PPO=-0.0012 | BC= 0.4102 | bc_lambda=0.174 | WR(baseline)=46.0% | WR(smart)=40.0% | Eps=191
[2026-07-21 15:57:17,063] INFO - Step 575: Loss= 3.2950 | PPO=-0.0007 | BC= 0.4474 | bc_lambda=0.174 | WR(baseline)=54.0% | WR(smart)=40.0% | Eps=193
[2026-07-21 15:57:17,976] INFO - Step 580: Loss= 3.4836 | PPO=-0.0006 | BC= 0.4102 | bc_lambda=0.174 | WR(baseline)=44.0% | WR(smart)=44.0% | Eps=196
[2026-07-21 15:57:18,891] INFO - Step 585: Loss= 3.5222 | PPO=-0.0003 | BC= 0.4031 | bc_lambda=0.174 | WR(baseline)=48.0% | WR(smart)=44.0% | Eps=197
[2026-07-21 15:57:19,828] INFO - Step 590: Loss= 3.2304 | PPO=-0.0004 | BC= 0.4089 | bc_lambda=0.173 | WR(baseline)=46.0% | WR(smart)=46.0% | Eps=196
[2026-07-21 15:57:20,769] INFO - Step 595: Loss= 3.5675 | PPO=-0.0000 | BC= 0.4036 | bc_lambda=0.173 | WR(baseline)=46.0% | WR(smart)=50.0% | Eps=194
[2026-07-21 15:57:21,710] INFO - Step 600: Loss= 3.6714 | PPO= 0.0002 | BC= 0.4116 | bc_lambda=0.173 | WR(baseline)=66.0% | WR(smart)=52.0% | Eps=193
[2026-07-21 15:57:22,645] INFO - Step 605: Loss= 3.6482 | PPO=-0.0011 | BC= 0.4216 | bc_lambda=0.173 | WR(baseline)=38.0% | WR(smart)=44.0% | Eps=190
[2026-07-21 15:57:23,573] INFO - Step 610: Loss= 3.1231 | PPO=-0.0004 | BC= 0.3837 | bc_lambda=0.173 | WR(baseline)=54.0% | WR(smart)=40.0% | Eps=194
[2026-07-21 15:57:24,493] INFO - Step 615: Loss= 4.0361 | PPO=-0.0005 | BC= 0.4167 | bc_lambda=0.172 | WR(baseline)=44.0% | WR(smart)=42.0% | Eps=190
[2026-07-21 15:57:25,418] INFO - Step 620: Loss= 3.6427 | PPO=-0.0010 | BC= 0.4123 | bc_lambda=0.172 | WR(baseline)=50.0% | WR(smart)=44.0% | Eps=195
[2026-07-21 15:57:26,312] INFO - Step 625: Loss= 3.2415 | PPO=-0.0008 | BC= 0.4612 | bc_lambda=0.172 | WR(baseline)=44.0% | WR(smart)=52.0% | Eps=194
[2026-07-21 15:57:27,206] INFO - Step 630: Loss= 2.9822 | PPO=-0.0006 | BC= 0.4380 | bc_lambda=0.172 | WR(baseline)=46.0% | WR(smart)=38.0% | Eps=194
[2026-07-21 15:57:28,098] INFO - Step 635: Loss= 3.2088 | PPO=-0.0004 | BC= 0.4447 | bc_lambda=0.171 | WR(baseline)=42.0% | WR(smart)=46.0% | Eps=193
[2026-07-21 15:57:29,000] INFO - Step 640: Loss= 3.2177 | PPO= 0.0003 | BC= 0.4140 | bc_lambda=0.171 | WR(baseline)=54.0% | WR(smart)=46.0% | Eps=192
[2026-07-21 15:57:29,901] INFO - Step 645: Loss= 3.6426 | PPO=-0.0009 | BC= 0.3938 | bc_lambda=0.171 | WR(baseline)=52.0% | WR(smart)=58.0% | Eps=190
[2026-07-21 15:57:30,792] INFO - Step 650: Loss= 3.4111 | PPO= 0.0002 | BC= 0.4026 | bc_lambda=0.171 | WR(baseline)=60.0% | WR(smart)=44.0% | Eps=191
[2026-07-21 15:57:31,707] INFO - Step 655: Loss= 3.2768 | PPO= 0.0002 | BC= 0.4130 | bc_lambda=0.171 | WR(baseline)=56.0% | WR(smart)=26.0% | Eps=192
[2026-07-21 15:57:32,638] INFO - Step 660: Loss= 3.3594 | PPO=-0.0005 | BC= 0.4014 | bc_lambda=0.170 | WR(baseline)=44.0% | WR(smart)=46.0% | Eps=193
[2026-07-21 15:57:33,554] INFO - Step 665: Loss= 3.9417 | PPO=-0.0005 | BC= 0.3935 | bc_lambda=0.170 | WR(baseline)=52.0% | WR(smart)=54.0% | Eps=190
[2026-07-21 15:57:34,481] INFO - Step 670: Loss= 3.8079 | PPO=-0.0004 | BC= 0.3981 | bc_lambda=0.170 | WR(baseline)=56.0% | WR(smart)=44.0% | Eps=191
[2026-07-21 15:57:35,383] INFO - Step 675: Loss= 3.5906 | PPO=-0.0011 | BC= 0.4093 | bc_lambda=0.170 | WR(baseline)=56.0% | WR(smart)=46.0% | Eps=193
[2026-07-21 15:57:36,304] INFO - Step 680: Loss= 3.1013 | PPO=-0.0006 | BC= 0.4241 | bc_lambda=0.169 | WR(baseline)=42.0% | WR(smart)=46.0% | Eps=192
[2026-07-21 15:57:37,228] INFO - Step 685: Loss= 3.5151 | PPO=-0.0002 | BC= 0.4133 | bc_lambda=0.169 | WR(baseline)=44.0% | WR(smart)=42.0% | Eps=190
[2026-07-21 15:57:38,128] INFO - Step 690: Loss= 3.6049 | PPO=-0.0006 | BC= 0.4233 | bc_lambda=0.169 | WR(baseline)=50.0% | WR(smart)=54.0% | Eps=193
[2026-07-21 15:57:39,028] INFO - Step 695: Loss= 2.5503 | PPO=-0.0008 | BC= 0.4205 | bc_lambda=0.169 | WR(baseline)=44.0% | WR(smart)=46.0% | Eps=192
[2026-07-21 15:57:39,925] INFO - Step 700: Loss= 3.2238 | PPO=-0.0009 | BC= 0.4003 | bc_lambda=0.169 | WR(baseline)=50.0% | WR(smart)=50.0% | Eps=192
[2026-07-21 15:57:40,835] INFO - Step 705: Loss= 3.7649 | PPO=-0.0015 | BC= 0.3831 | bc_lambda=0.168 | WR(baseline)=48.0% | WR(smart)=42.0% | Eps=189
[2026-07-21 15:57:41,725] INFO - Step 710: Loss= 3.2582 | PPO=-0.0004 | BC= 0.4220 | bc_lambda=0.168 | WR(baseline)=60.0% | WR(smart)=36.0% | Eps=197
[2026-07-21 15:57:42,615] INFO - Step 715: Loss= 3.3143 | PPO=-0.0008 | BC= 0.4114 | bc_lambda=0.168 | WR(baseline)=48.0% | WR(smart)=62.0% | Eps=196
[2026-07-21 15:57:43,509] INFO - Step 720: Loss= 3.3035 | PPO= 0.0006 | BC= 0.4030 | bc_lambda=0.168 | WR(baseline)=48.0% | WR(smart)=46.0% | Eps=193
[2026-07-21 15:57:44,420] INFO - Step 725: Loss= 3.0938 | PPO=-0.0003 | BC= 0.4159 | bc_lambda=0.167 | WR(baseline)=46.0% | WR(smart)=44.0% | Eps=191
[2026-07-21 15:57:45,352] INFO - Step 730: Loss= 2.8776 | PPO=-0.0002 | BC= 0.3962 | bc_lambda=0.167 | WR(baseline)=46.0% | WR(smart)=50.0% | Eps=194
[2026-07-21 15:57:46,267] INFO - Step 735: Loss= 3.1588 | PPO=-0.0007 | BC= 0.4172 | bc_lambda=0.167 | WR(baseline)=36.0% | WR(smart)=42.0% | Eps=191
[2026-07-21 15:57:47,177] INFO - Step 740: Loss= 2.9826 | PPO=-0.0007 | BC= 0.4284 | bc_lambda=0.167 | WR(baseline)=60.0% | WR(smart)=46.0% | Eps=190
[2026-07-21 15:57:48,100] INFO - Step 745: Loss= 3.1099 | PPO=-0.0002 | BC= 0.4179 | bc_lambda=0.167 | WR(baseline)=42.0% | WR(smart)=48.0% | Eps=193
[2026-07-21 15:57:49,006] INFO - Step 750: Loss= 3.3237 | PPO= 0.0001 | BC= 0.4297 | bc_lambda=0.166 | WR(baseline)=52.0% | WR(smart)=36.0% | Eps=191
[2026-07-21 15:57:49,923] INFO - Step 755: Loss= 3.7237 | PPO=-0.0007 | BC= 0.4163 | bc_lambda=0.166 | WR(baseline)=52.0% | WR(smart)=60.0% | Eps=188
[2026-07-21 15:57:50,822] INFO - Step 760: Loss= 2.9976 | PPO=-0.0004 | BC= 0.4061 | bc_lambda=0.166 | WR(baseline)=44.0% | WR(smart)=56.0% | Eps=190
[2026-07-21 15:57:51,728] INFO - Step 765: Loss= 3.5700 | PPO= 0.0001 | BC= 0.4047 | bc_lambda=0.166 | WR(baseline)=42.0% | WR(smart)=36.0% | Eps=192
[2026-07-21 15:57:52,614] INFO - Step 770: Loss= 3.1148 | PPO=-0.0003 | BC= 0.4166 | bc_lambda=0.165 | WR(baseline)=68.0% | WR(smart)=36.0% | Eps=195
[2026-07-21 15:57:53,495] INFO - Step 775: Loss= 3.5092 | PPO=-0.0016 | BC= 0.3789 | bc_lambda=0.165 | WR(baseline)=54.0% | WR(smart)=48.0% | Eps=191
[2026-07-21 15:57:54,396] INFO - Step 780: Loss= 3.7332 | PPO=-0.0009 | BC= 0.4038 | bc_lambda=0.165 | WR(baseline)=44.0% | WR(smart)=56.0% | Eps=194
[2026-07-21 15:57:55,292] INFO - Step 785: Loss= 3.7641 | PPO=-0.0001 | BC= 0.4508 | bc_lambda=0.165 | WR(baseline)=50.0% | WR(smart)=30.0% | Eps=194
[2026-07-21 15:57:56,179] INFO - Step 790: Loss= 3.3135 | PPO=-0.0002 | BC= 0.3977 | bc_lambda=0.164 | WR(baseline)=42.0% | WR(smart)=40.0% | Eps=193
[2026-07-21 15:57:57,083] INFO - Step 795: Loss= 3.3141 | PPO=-0.0011 | BC= 0.4008 | bc_lambda=0.164 | WR(baseline)=48.0% | WR(smart)=60.0% | Eps=192
[2026-07-21 15:57:57,994] INFO - Step 800: Loss= 3.8703 | PPO=-0.0008 | BC= 0.4173 | bc_lambda=0.164 | WR(baseline)=40.0% | WR(smart)=40.0% | Eps=193
[2026-07-21 15:57:58,910] INFO - Step 805: Loss= 3.7464 | PPO=-0.0006 | BC= 0.3882 | bc_lambda=0.164 | WR(baseline)=38.0% | WR(smart)=48.0% | Eps=194
[2026-07-21 15:57:59,807] INFO - Step 810: Loss= 3.5469 | PPO= 0.0001 | BC= 0.3955 | bc_lambda=0.164 | WR(baseline)=60.0% | WR(smart)=38.0% | Eps=196
[2026-07-21 15:58:00,725] INFO - Step 815: Loss= 3.5122 | PPO=-0.0018 | BC= 0.3810 | bc_lambda=0.163 | WR(baseline)=52.0% | WR(smart)=44.0% | Eps=194
[2026-07-21 15:58:01,630] INFO - Step 820: Loss= 3.7967 | PPO= 0.0002 | BC= 0.4111 | bc_lambda=0.163 | WR(baseline)=58.0% | WR(smart)=54.0% | Eps=193
[2026-07-21 15:58:02,540] INFO - Step 825: Loss= 3.1674 | PPO=-0.0001 | BC= 0.4086 | bc_lambda=0.163 | WR(baseline)=42.0% | WR(smart)=52.0% | Eps=192
[2026-07-21 15:58:03,445] INFO - Step 830: Loss= 3.6305 | PPO= 0.0000 | BC= 0.4027 | bc_lambda=0.163 | WR(baseline)=52.0% | WR(smart)=40.0% | Eps=190
[2026-07-21 15:58:04,333] INFO - Step 835: Loss= 3.5342 | PPO=-0.0011 | BC= 0.4321 | bc_lambda=0.162 | WR(baseline)=50.0% | WR(smart)=54.0% | Eps=197
[2026-07-21 15:58:05,219] INFO - Step 840: Loss= 3.3604 | PPO=-0.0005 | BC= 0.4230 | bc_lambda=0.162 | WR(baseline)=46.0% | WR(smart)=32.0% | Eps=196
[2026-07-21 15:58:06,122] INFO - Step 845: Loss= 2.7231 | PPO=-0.0013 | BC= 0.3904 | bc_lambda=0.162 | WR(baseline)=50.0% | WR(smart)=50.0% | Eps=192
[2026-07-21 15:58:07,035] INFO - Step 850: Loss= 3.4718 | PPO=-0.0001 | BC= 0.4002 | bc_lambda=0.162 | WR(baseline)=60.0% | WR(smart)=42.0% | Eps=192
[2026-07-21 15:58:07,920] INFO - Step 855: Loss= 3.4036 | PPO=-0.0004 | BC= 0.3645 | bc_lambda=0.162 | WR(baseline)=40.0% | WR(smart)=42.0% | Eps=193
[2026-07-21 15:58:08,816] INFO - Step 860: Loss= 3.0570 | PPO=-0.0006 | BC= 0.4059 | bc_lambda=0.161 | WR(baseline)=52.0% | WR(smart)=46.0% | Eps=195
[2026-07-21 15:58:09,722] INFO - Step 865: Loss= 3.0330 | PPO=-0.0007 | BC= 0.3844 | bc_lambda=0.161 | WR(baseline)=44.0% | WR(smart)=52.0% | Eps=195
[2026-07-21 15:58:10,639] INFO - Step 870: Loss= 2.9998 | PPO=-0.0004 | BC= 0.3959 | bc_lambda=0.161 | WR(baseline)=46.0% | WR(smart)=44.0% | Eps=193
[2026-07-21 15:58:11,549] INFO - Step 875: Loss= 2.7793 | PPO=-0.0006 | BC= 0.3843 | bc_lambda=0.161 | WR(baseline)=48.0% | WR(smart)=52.0% | Eps=194
[2026-07-21 15:58:12,463] INFO - Step 880: Loss= 3.1681 | PPO= 0.0004 | BC= 0.3726 | bc_lambda=0.160 | WR(baseline)=62.0% | WR(smart)=34.0% | Eps=192
[2026-07-21 15:58:13,355] INFO - Step 885: Loss= 3.2882 | PPO=-0.0009 | BC= 0.4015 | bc_lambda=0.160 | WR(baseline)=40.0% | WR(smart)=44.0% | Eps=188
[2026-07-21 15:58:14,242] INFO - Step 890: Loss= 3.4804 | PPO=-0.0003 | BC= 0.4101 | bc_lambda=0.160 | WR(baseline)=52.0% | WR(smart)=48.0% | Eps=193
[2026-07-21 15:58:15,141] INFO - Step 895: Loss= 3.3471 | PPO=-0.0006 | BC= 0.3588 | bc_lambda=0.160 | WR(baseline)=44.0% | WR(smart)=58.0% | Eps=189
[2026-07-21 15:58:16,051] INFO - Step 900: Loss= 2.9377 | PPO=-0.0001 | BC= 0.3752 | bc_lambda=0.160 | WR(baseline)=44.0% | WR(smart)=46.0% | Eps=191
[2026-07-21 15:58:16,947] INFO - Step 905: Loss= 3.2920 | PPO=-0.0009 | BC= 0.3807 | bc_lambda=0.159 | WR(baseline)=50.0% | WR(smart)=38.0% | Eps=192
[2026-07-21 15:58:17,835] INFO - Step 910: Loss= 3.5521 | PPO=-0.0001 | BC= 0.3775 | bc_lambda=0.159 | WR(baseline)=56.0% | WR(smart)=42.0% | Eps=193
[2026-07-21 15:58:18,720] INFO - Step 915: Loss= 2.9859 | PPO=-0.0009 | BC= 0.3759 | bc_lambda=0.159 | WR(baseline)=62.0% | WR(smart)=42.0% | Eps=192
[2026-07-21 15:58:19,604] INFO - Step 920: Loss= 3.1445 | PPO=-0.0009 | BC= 0.3835 | bc_lambda=0.159 | WR(baseline)=44.0% | WR(smart)=44.0% | Eps=195
[2026-07-21 15:58:20,502] INFO - Step 925: Loss= 2.8748 | PPO=-0.0000 | BC= 0.4075 | bc_lambda=0.158 | WR(baseline)=46.0% | WR(smart)=40.0% | Eps=196
[2026-07-21 15:58:21,398] INFO - Step 930: Loss= 2.8457 | PPO=-0.0015 | BC= 0.3997 | bc_lambda=0.158 | WR(baseline)=38.0% | WR(smart)=50.0% | Eps=194
[2026-07-21 15:58:22,296] INFO - Step 935: Loss= 3.1517 | PPO=-0.0008 | BC= 0.3820 | bc_lambda=0.158 | WR(baseline)=54.0% | WR(smart)=58.0% | Eps=192
[2026-07-21 15:58:23,208] INFO - Step 940: Loss= 3.4156 | PPO=-0.0004 | BC= 0.3636 | bc_lambda=0.158 | WR(baseline)=52.0% | WR(smart)=54.0% | Eps=193
[2026-07-21 15:58:24,114] INFO - Step 945: Loss= 3.3066 | PPO=-0.0002 | BC= 0.4216 | bc_lambda=0.158 | WR(baseline)=42.0% | WR(smart)=36.0% | Eps=197
[2026-07-21 15:58:25,020] INFO - Step 950: Loss= 3.8350 | PPO=-0.0016 | BC= 0.3938 | bc_lambda=0.157 | WR(baseline)=46.0% | WR(smart)=48.0% | Eps=192
[2026-07-21 15:58:25,906] INFO - Step 955: Loss= 2.9944 | PPO=-0.0003 | BC= 0.3765 | bc_lambda=0.157 | WR(baseline)=50.0% | WR(smart)=38.0% | Eps=190
[2026-07-21 15:58:26,801] INFO - Step 960: Loss= 3.0949 | PPO= 0.0006 | BC= 0.3628 | bc_lambda=0.157 | WR(baseline)=56.0% | WR(smart)=50.0% | Eps=191
[2026-07-21 15:58:27,714] INFO - Step 965: Loss= 3.3088 | PPO=-0.0003 | BC= 0.3766 | bc_lambda=0.157 | WR(baseline)=54.0% | WR(smart)=56.0% | Eps=192
[2026-07-21 15:58:28,613] INFO - Step 970: Loss= 2.9572 | PPO=-0.0006 | BC= 0.4012 | bc_lambda=0.156 | WR(baseline)=48.0% | WR(smart)=46.0% | Eps=194
[2026-07-21 15:58:29,505] INFO - Step 975: Loss= 2.9841 | PPO=-0.0004 | BC= 0.3833 | bc_lambda=0.156 | WR(baseline)=38.0% | WR(smart)=44.0% | Eps=193
[2026-07-21 15:58:30,385] INFO - Step 980: Loss= 3.4851 | PPO=-0.0018 | BC= 0.3913 | bc_lambda=0.156 | WR(baseline)=44.0% | WR(smart)=44.0% | Eps=191
[2026-07-21 15:58:31,286] INFO - Step 985: Loss= 3.1143 | PPO=-0.0002 | BC= 0.4029 | bc_lambda=0.156 | WR(baseline)=60.0% | WR(smart)=44.0% | Eps=193
[2026-07-21 15:58:32,174] INFO - Step 990: Loss= 3.1765 | PPO=-0.0008 | BC= 0.3705 | bc_lambda=0.155 | WR(baseline)=54.0% | WR(smart)=48.0% | Eps=194
[2026-07-21 15:58:33,064] INFO - Step 995: Loss= 2.8636 | PPO=-0.0003 | BC= 0.4023 | bc_lambda=0.155 | WR(baseline)=40.0% | WR(smart)=40.0% | Eps=192
[2026-07-21 15:58:33,960] INFO - Step 1000: Loss= 3.2773 | PPO=-0.0007 | BC= 0.3586 | bc_lambda=0.155 | WR(baseline)=62.0% | WR(smart)=50.0% | Eps=194
[2026-07-21 15:58:34,841] INFO - Step 1005: Loss= 2.6865 | PPO=-0.0001 | BC= 0.3520 | bc_lambda=0.155 | WR(baseline)=50.0% | WR(smart)=42.0% | Eps=189
[2026-07-21 15:58:35,746] INFO - Step 1010: Loss= 3.2330 | PPO=-0.0002 | BC= 0.3790 | bc_lambda=0.155 | WR(baseline)=46.0% | WR(smart)=50.0% | Eps=195
[2026-07-21 15:58:36,651] INFO - Step 1015: Loss= 2.6862 | PPO=-0.0011 | BC= 0.3981 | bc_lambda=0.154 | WR(baseline)=50.0% | WR(smart)=48.0% | Eps=197
[2026-07-21 15:58:37,549] INFO - Step 1020: Loss= 3.0439 | PPO=-0.0010 | BC= 0.3994 | bc_lambda=0.154 | WR(baseline)=46.0% | WR(smart)=34.0% | Eps=192
[2026-07-21 15:58:38,449] INFO - Step 1025: Loss= 3.1098 | PPO=-0.0011 | BC= 0.3734 | bc_lambda=0.154 | WR(baseline)=58.0% | WR(smart)=52.0% | Eps=193
[2026-07-21 15:58:39,353] INFO - Step 1030: Loss= 3.3398 | PPO=-0.0003 | BC= 0.3588 | bc_lambda=0.154 | WR(baseline)=48.0% | WR(smart)=42.0% | Eps=189
[2026-07-21 15:58:40,272] INFO - Step 1035: Loss= 3.6152 | PPO=-0.0002 | BC= 0.4046 | bc_lambda=0.153 | WR(baseline)=38.0% | WR(smart)=46.0% | Eps=192
[2026-07-21 15:58:41,176] INFO - Step 1040: Loss= 2.6779 | PPO=-0.0001 | BC= 0.3659 | bc_lambda=0.153 | WR(baseline)=42.0% | WR(smart)=58.0% | Eps=191
[2026-07-21 15:58:42,056] INFO - Step 1045: Loss= 3.1991 | PPO=-0.0005 | BC= 0.3925 | bc_lambda=0.153 | WR(baseline)=56.0% | WR(smart)=50.0% | Eps=194
[2026-07-21 15:58:42,918] INFO - Step 1050: Loss= 3.3258 | PPO=-0.0006 | BC= 0.3819 | bc_lambda=0.153 | WR(baseline)=48.0% | WR(smart)=40.0% | Eps=187
[2026-07-21 15:58:43,798] INFO - Step 1055: Loss= 3.2912 | PPO=-0.0006 | BC= 0.3954 | bc_lambda=0.153 | WR(baseline)=54.0% | WR(smart)=46.0% | Eps=196
[2026-07-21 15:58:44,676] INFO - Step 1060: Loss= 3.3087 | PPO=-0.0006 | BC= 0.3974 | bc_lambda=0.152 | WR(baseline)=50.0% | WR(smart)=60.0% | Eps=193
[2026-07-21 15:58:45,566] INFO - Step 1065: Loss= 3.0435 | PPO=-0.0010 | BC= 0.3894 | bc_lambda=0.152 | WR(baseline)=48.0% | WR(smart)=50.0% | Eps=195
[2026-07-21 15:58:46,432] INFO - Step 1070: Loss= 3.1960 | PPO=-0.0008 | BC= 0.3759 | bc_lambda=0.152 | WR(baseline)=38.0% | WR(smart)=38.0% | Eps=193
[2026-07-21 15:58:47,326] INFO - Step 1075: Loss= 3.4548 | PPO= 0.0000 | BC= 0.3792 | bc_lambda=0.152 | WR(baseline)=48.0% | WR(smart)=36.0% | Eps=190
[2026-07-21 15:58:48,228] INFO - Step 1080: Loss= 3.2391 | PPO=-0.0004 | BC= 0.3740 | bc_lambda=0.151 | WR(baseline)=48.0% | WR(smart)=44.0% | Eps=190
[2026-07-21 15:58:49,125] INFO - Step 1085: Loss= 3.2473 | PPO=-0.0007 | BC= 0.3974 | bc_lambda=0.151 | WR(baseline)=48.0% | WR(smart)=44.0% | Eps=191
[2026-07-21 15:58:50,028] INFO - Step 1090: Loss= 3.2217 | PPO=-0.0022 | BC= 0.3398 | bc_lambda=0.151 | WR(baseline)=50.0% | WR(smart)=40.0% | Eps=193
[2026-07-21 15:58:50,933] INFO - Step 1095: Loss= 2.9518 | PPO=-0.0002 | BC= 0.4179 | bc_lambda=0.151 | WR(baseline)=50.0% | WR(smart)=48.0% | Eps=191
[2026-07-21 15:58:51,822] INFO - Step 1100: Loss= 2.6940 | PPO=-0.0015 | BC= 0.3665 | bc_lambda=0.151 | WR(baseline)=58.0% | WR(smart)=50.0% | Eps=194
[2026-07-21 15:58:52,717] INFO - Step 1105: Loss= 3.2009 | PPO=-0.0004 | BC= 0.3856 | bc_lambda=0.150 | WR(baseline)=46.0% | WR(smart)=38.0% | Eps=191
[2026-07-21 15:58:53,604] INFO - Step 1110: Loss= 2.9133 | PPO=-0.0010 | BC= 0.3810 | bc_lambda=0.150 | WR(baseline)=62.0% | WR(smart)=38.0% | Eps=194
[2026-07-21 15:58:54,520] INFO - Step 1115: Loss= 3.3055 | PPO=-0.0012 | BC= 0.3933 | bc_lambda=0.150 | WR(baseline)=52.0% | WR(smart)=44.0% | Eps=190
[2026-07-21 15:58:55,465] INFO - Step 1120: Loss= 3.4797 | PPO= 0.0002 | BC= 0.3847 | bc_lambda=0.150 | WR(baseline)=56.0% | WR(smart)=60.0% | Eps=193
[2026-07-21 15:58:56,424] INFO - Step 1125: Loss= 3.4925 | PPO=-0.0003 | BC= 0.3686 | bc_lambda=0.149 | WR(baseline)=50.0% | WR(smart)=62.0% | Eps=192
[2026-07-21 15:58:57,311] INFO - Step 1130: Loss= 3.3138 | PPO=-0.0003 | BC= 0.3613 | bc_lambda=0.149 | WR(baseline)=54.0% | WR(smart)=44.0% | Eps=190
[2026-07-21 15:58:58,234] INFO - Step 1135: Loss= 3.1046 | PPO=-0.0005 | BC= 0.3918 | bc_lambda=0.149 | WR(baseline)=40.0% | WR(smart)=54.0% | Eps=192
[2026-07-21 15:58:59,152] INFO - Step 1140: Loss= 3.2378 | PPO=-0.0002 | BC= 0.4097 | bc_lambda=0.149 | WR(baseline)=62.0% | WR(smart)=52.0% | Eps=189
[2026-07-21 15:59:00,118] INFO - Step 1145: Loss= 3.1305 | PPO=-0.0010 | BC= 0.3790 | bc_lambda=0.149 | WR(baseline)=30.0% | WR(smart)=52.0% | Eps=190
[2026-07-21 15:59:01,105] INFO - Step 1150: Loss= 2.8441 | PPO=-0.0005 | BC= 0.3734 | bc_lambda=0.148 | WR(baseline)=54.0% | WR(smart)=46.0% | Eps=198
[2026-07-21 15:59:01,998] INFO - Step 1155: Loss= 2.8222 | PPO=-0.0006 | BC= 0.3872 | bc_lambda=0.148 | WR(baseline)=52.0% | WR(smart)=46.0% | Eps=193
[2026-07-21 15:59:02,961] INFO - Step 1160: Loss= 2.8533 | PPO=-0.0003 | BC= 0.3998 | bc_lambda=0.148 | WR(baseline)=36.0% | WR(smart)=48.0% | Eps=194
[2026-07-21 15:59:03,906] INFO - Step 1165: Loss= 3.3413 | PPO=-0.0014 | BC= 0.3672 | bc_lambda=0.148 | WR(baseline)=54.0% | WR(smart)=46.0% | Eps=187
[2026-07-21 15:59:04,789] INFO - Step 1170: Loss= 3.1391 | PPO=-0.0001 | BC= 0.3838 | bc_lambda=0.147 | WR(baseline)=52.0% | WR(smart)=38.0% | Eps=193
[2026-07-21 15:59:05,649] INFO - Step 1175: Loss= 2.9711 | PPO=-0.0006 | BC= 0.3928 | bc_lambda=0.147 | WR(baseline)=42.0% | WR(smart)=48.0% | Eps=192
[2026-07-21 15:59:06,592] INFO - Step 1180: Loss= 2.8435 | PPO=-0.0005 | BC= 0.4119 | bc_lambda=0.147 | WR(baseline)=46.0% | WR(smart)=48.0% | Eps=189
[2026-07-21 15:59:07,548] INFO - Step 1185: Loss= 3.1945 | PPO=-0.0001 | BC= 0.3558 | bc_lambda=0.147 | WR(baseline)=50.0% | WR(smart)=42.0% | Eps=191
[2026-07-21 15:59:08,450] INFO - Step 1190: Loss= 3.3954 | PPO=-0.0017 | BC= 0.3755 | bc_lambda=0.146 | WR(baseline)=54.0% | WR(smart)=58.0% | Eps=190
[2026-07-21 15:59:09,416] INFO - Step 1195: Loss= 2.9660 | PPO=-0.0007 | BC= 0.4258 | bc_lambda=0.146 | WR(baseline)=48.0% | WR(smart)=44.0% | Eps=191
[2026-07-21 15:59:10,383] INFO - Step 1200: Loss= 3.0254 | PPO=-0.0005 | BC= 0.3876 | bc_lambda=0.146 | WR(baseline)=48.0% | WR(smart)=46.0% | Eps=192
[2026-07-21 15:59:11,338] INFO - Step 1205: Loss= 3.2014 | PPO=-0.0007 | BC= 0.3714 | bc_lambda=0.146 | WR(baseline)=62.0% | WR(smart)=56.0% | Eps=190
[2026-07-21 15:59:12,322] INFO - Step 1210: Loss= 3.2050 | PPO=-0.0001 | BC= 0.4139 | bc_lambda=0.146 | WR(baseline)=48.0% | WR(smart)=40.0% | Eps=191
[2026-07-21 15:59:13,271] INFO - Step 1215: Loss= 3.2998 | PPO=-0.0000 | BC= 0.3894 | bc_lambda=0.145 | WR(baseline)=54.0% | WR(smart)=38.0% | Eps=192
[2026-07-21 15:59:14,221] INFO - Step 1220: Loss= 2.7325 | PPO=-0.0001 | BC= 0.4199 | bc_lambda=0.145 | WR(baseline)=56.0% | WR(smart)=40.0% | Eps=194
[2026-07-21 15:59:15,089] INFO - Step 1225: Loss= 3.3227 | PPO=-0.0003 | BC= 0.3617 | bc_lambda=0.145 | WR(baseline)=32.0% | WR(smart)=62.0% | Eps=190
[2026-07-21 15:59:15,952] INFO - Step 1230: Loss= 2.8137 | PPO=-0.0013 | BC= 0.3878 | bc_lambda=0.145 | WR(baseline)=56.0% | WR(smart)=54.0% | Eps=193
[2026-07-21 15:59:16,819] INFO - Step 1235: Loss= 3.5724 | PPO=-0.0002 | BC= 0.3865 | bc_lambda=0.144 | WR(baseline)=40.0% | WR(smart)=42.0% | Eps=190
[2026-07-21 15:59:17,685] INFO - Step 1240: Loss= 2.9742 | PPO=-0.0008 | BC= 0.3827 | bc_lambda=0.144 | WR(baseline)=52.0% | WR(smart)=54.0% | Eps=189
[2026-07-21 15:59:18,582] INFO - Step 1245: Loss= 3.1824 | PPO= 0.0008 | BC= 0.3739 | bc_lambda=0.144 | WR(baseline)=30.0% | WR(smart)=52.0% | Eps=194
[2026-07-21 15:59:19,454] INFO - Step 1250: Loss= 2.9814 | PPO=-0.0004 | BC= 0.3889 | bc_lambda=0.144 | WR(baseline)=52.0% | WR(smart)=40.0% | Eps=194
[2026-07-21 15:59:20,338] INFO - Step 1255: Loss= 2.6437 | PPO=-0.0021 | BC= 0.4338 | bc_lambda=0.144 | WR(baseline)=44.0% | WR(smart)=52.0% | Eps=194
[2026-07-21 15:59:21,238] INFO - Step 1260: Loss= 3.0525 | PPO=-0.0008 | BC= 0.3605 | bc_lambda=0.143 | WR(baseline)=46.0% | WR(smart)=48.0% | Eps=191
[2026-07-21 15:59:22,145] INFO - Step 1265: Loss= 3.5466 | PPO= 0.0002 | BC= 0.3888 | bc_lambda=0.143 | WR(baseline)=48.0% | WR(smart)=40.0% | Eps=190
[2026-07-21 15:59:23,065] INFO - Step 1270: Loss= 3.1387 | PPO=-0.0002 | BC= 0.3807 | bc_lambda=0.143 | WR(baseline)=54.0% | WR(smart)=42.0% | Eps=194
[2026-07-21 15:59:23,978] INFO - Step 1275: Loss= 3.0011 | PPO=-0.0002 | BC= 0.3727 | bc_lambda=0.143 | WR(baseline)=56.0% | WR(smart)=58.0% | Eps=192
[2026-07-21 15:59:24,856] INFO - Step 1280: Loss= 3.4583 | PPO=-0.0006 | BC= 0.3859 | bc_lambda=0.142 | WR(baseline)=58.0% | WR(smart)=52.0% | Eps=195
[2026-07-21 15:59:25,727] INFO - Step 1285: Loss= 3.1617 | PPO= 0.0002 | BC= 0.3737 | bc_lambda=0.142 | WR(baseline)=54.0% | WR(smart)=48.0% | Eps=192
[2026-07-21 15:59:26,640] INFO - Step 1290: Loss= 2.7777 | PPO=-0.0008 | BC= 0.4066 | bc_lambda=0.142 | WR(baseline)=40.0% | WR(smart)=38.0% | Eps=191
[2026-07-21 15:59:27,535] INFO - Step 1295: Loss= 3.1678 | PPO=-0.0004 | BC= 0.3989 | bc_lambda=0.142 | WR(baseline)=52.0% | WR(smart)=34.0% | Eps=192
[2026-07-21 15:59:28,460] INFO - Step 1300: Loss= 3.1861 | PPO=-0.0007 | BC= 0.3790 | bc_lambda=0.142 | WR(baseline)=46.0% | WR(smart)=54.0% | Eps=190
[2026-07-21 15:59:29,380] INFO - Step 1305: Loss= 3.3272 | PPO=-0.0005 | BC= 0.3827 | bc_lambda=0.141 | WR(baseline)=48.0% | WR(smart)=60.0% | Eps=192
[2026-07-21 15:59:30,294] INFO - Step 1310: Loss= 2.8063 | PPO=-0.0009 | BC= 0.3859 | bc_lambda=0.141 | WR(baseline)=38.0% | WR(smart)=48.0% | Eps=188
[2026-07-21 15:59:31,215] INFO - Step 1315: Loss= 2.8118 | PPO=-0.0009 | BC= 0.3841 | bc_lambda=0.141 | WR(baseline)=36.0% | WR(smart)=44.0% | Eps=188
[2026-07-21 15:59:32,152] INFO - Step 1320: Loss= 2.8667 | PPO=-0.0014 | BC= 0.3775 | bc_lambda=0.141 | WR(baseline)=48.0% | WR(smart)=50.0% | Eps=193
[2026-07-21 15:59:33,085] INFO - Step 1325: Loss= 3.0915 | PPO=-0.0008 | BC= 0.4105 | bc_lambda=0.140 | WR(baseline)=34.0% | WR(smart)=50.0% | Eps=193
[2026-07-21 15:59:33,998] INFO - Step 1330: Loss= 2.5233 | PPO=-0.0001 | BC= 0.4292 | bc_lambda=0.140 | WR(baseline)=42.0% | WR(smart)=40.0% | Eps=192
[2026-07-21 15:59:34,910] INFO - Step 1335: Loss= 2.9834 | PPO=-0.0004 | BC= 0.3725 | bc_lambda=0.140 | WR(baseline)=40.0% | WR(smart)=46.0% | Eps=190
[2026-07-21 15:59:35,819] INFO - Step 1340: Loss= 3.1901 | PPO= 0.0000 | BC= 0.3484 | bc_lambda=0.140 | WR(baseline)=54.0% | WR(smart)=52.0% | Eps=190
[2026-07-21 15:59:36,719] INFO - Step 1345: Loss= 2.9485 | PPO=-0.0005 | BC= 0.3583 | bc_lambda=0.140 | WR(baseline)=46.0% | WR(smart)=54.0% | Eps=189
[2026-07-21 15:59:37,598] INFO - Step 1350: Loss= 3.0048 | PPO=-0.0008 | BC= 0.3633 | bc_lambda=0.139 | WR(baseline)=56.0% | WR(smart)=38.0% | Eps=189
[2026-07-21 15:59:38,501] INFO - Step 1355: Loss= 2.5094 | PPO=-0.0008 | BC= 0.3626 | bc_lambda=0.139 | WR(baseline)=46.0% | WR(smart)=48.0% | Eps=190
[2026-07-21 15:59:39,404] INFO - Step 1360: Loss= 3.1406 | PPO=-0.0017 | BC= 0.3763 | bc_lambda=0.139 | WR(baseline)=48.0% | WR(smart)=38.0% | Eps=193
[2026-07-21 15:59:40,290] INFO - Step 1365: Loss= 3.5914 | PPO= 0.0001 | BC= 0.3776 | bc_lambda=0.139 | WR(baseline)=46.0% | WR(smart)=44.0% | Eps=192
[2026-07-21 15:59:41,211] INFO - Step 1370: Loss= 2.8625 | PPO=-0.0001 | BC= 0.3921 | bc_lambda=0.138 | WR(baseline)=38.0% | WR(smart)=44.0% | Eps=192
[2026-07-21 15:59:42,153] INFO - Step 1375: Loss= 3.1250 | PPO=-0.0003 | BC= 0.3980 | bc_lambda=0.138 | WR(baseline)=38.0% | WR(smart)=52.0% | Eps=190
[2026-07-21 15:59:43,028] INFO - Step 1380: Loss= 2.6291 | PPO=-0.0006 | BC= 0.3749 | bc_lambda=0.138 | WR(baseline)=60.0% | WR(smart)=58.0% | Eps=189
[2026-07-21 15:59:43,929] INFO - Step 1385: Loss= 3.0162 | PPO=-0.0005 | BC= 0.3872 | bc_lambda=0.138 | WR(baseline)=52.0% | WR(smart)=42.0% | Eps=191
[2026-07-21 15:59:44,834] INFO - Step 1390: Loss= 2.7393 | PPO=-0.0009 | BC= 0.3705 | bc_lambda=0.137 | WR(baseline)=44.0% | WR(smart)=44.0% | Eps=195
[2026-07-21 15:59:45,750] INFO - Step 1395: Loss= 2.6692 | PPO=-0.0002 | BC= 0.3854 | bc_lambda=0.137 | WR(baseline)=52.0% | WR(smart)=42.0% | Eps=188
[2026-07-21 15:59:46,628] INFO - Step 1400: Loss= 2.7917 | PPO=-0.0007 | BC= 0.3475 | bc_lambda=0.137 | WR(baseline)=58.0% | WR(smart)=32.0% | Eps=194
[2026-07-21 15:59:47,505] INFO - Step 1405: Loss= 3.7299 | PPO= 0.0001 | BC= 0.3696 | bc_lambda=0.137 | WR(baseline)=50.0% | WR(smart)=44.0% | Eps=191
[2026-07-21 15:59:48,378] INFO - Step 1410: Loss= 3.6297 | PPO=-0.0011 | BC= 0.3712 | bc_lambda=0.137 | WR(baseline)=46.0% | WR(smart)=54.0% | Eps=191
[2026-07-21 15:59:49,252] INFO - Step 1415: Loss= 2.7657 | PPO=-0.0007 | BC= 0.3482 | bc_lambda=0.136 | WR(baseline)=42.0% | WR(smart)=48.0% | Eps=192
[2026-07-21 15:59:50,131] INFO - Step 1420: Loss= 2.8928 | PPO=-0.0017 | BC= 0.3810 | bc_lambda=0.136 | WR(baseline)=42.0% | WR(smart)=50.0% | Eps=189
[2026-07-21 15:59:51,011] INFO - Step 1425: Loss= 2.9239 | PPO=-0.0001 | BC= 0.3950 | bc_lambda=0.136 | WR(baseline)=52.0% | WR(smart)=46.0% | Eps=192
[2026-07-21 15:59:51,901] INFO - Step 1430: Loss= 3.1009 | PPO=-0.0009 | BC= 0.3784 | bc_lambda=0.136 | WR(baseline)=50.0% | WR(smart)=54.0% | Eps=191
[2026-07-21 15:59:52,775] INFO - Step 1435: Loss= 3.1993 | PPO=-0.0004 | BC= 0.4148 | bc_lambda=0.135 | WR(baseline)=46.0% | WR(smart)=40.0% | Eps=190
[2026-07-21 15:59:53,644] INFO - Step 1440: Loss= 3.4482 | PPO=-0.0007 | BC= 0.3948 | bc_lambda=0.135 | WR(baseline)=40.0% | WR(smart)=42.0% | Eps=193
[2026-07-21 15:59:54,527] INFO - Step 1445: Loss= 3.1874 | PPO=-0.0006 | BC= 0.3717 | bc_lambda=0.135 | WR(baseline)=54.0% | WR(smart)=50.0% | Eps=190
[2026-07-21 15:59:55,396] INFO - Step 1450: Loss= 2.6495 | PPO=-0.0011 | BC= 0.3813 | bc_lambda=0.135 | WR(baseline)=42.0% | WR(smart)=44.0% | Eps=193
[2026-07-21 15:59:56,259] INFO - Step 1455: Loss= 2.9854 | PPO=-0.0007 | BC= 0.4011 | bc_lambda=0.135 | WR(baseline)=46.0% | WR(smart)=36.0% | Eps=191
[2026-07-21 15:59:57,114] INFO - Step 1460: Loss= 3.4777 | PPO=-0.0006 | BC= 0.4016 | bc_lambda=0.134 | WR(baseline)=50.0% | WR(smart)=54.0% | Eps=188
[2026-07-21 15:59:57,978] INFO - Step 1465: Loss= 4.1147 | PPO=-0.0014 | BC= 0.3671 | bc_lambda=0.134 | WR(baseline)=42.0% | WR(smart)=44.0% | Eps=188
[2026-07-21 15:59:58,839] INFO - Step 1470: Loss= 2.8440 | PPO=-0.0011 | BC= 0.4002 | bc_lambda=0.134 | WR(baseline)=44.0% | WR(smart)=58.0% | Eps=187
[2026-07-21 15:59:59,703] INFO - Step 1475: Loss= 3.2473 | PPO=-0.0007 | BC= 0.3974 | bc_lambda=0.134 | WR(baseline)=52.0% | WR(smart)=56.0% | Eps=192
[2026-07-21 16:00:00,565] INFO - Step 1480: Loss= 2.7789 | PPO=-0.0003 | BC= 0.3692 | bc_lambda=0.133 | WR(baseline)=34.0% | WR(smart)=36.0% | Eps=191
[2026-07-21 16:00:01,448] INFO - Step 1485: Loss= 2.4560 | PPO=-0.0010 | BC= 0.3654 | bc_lambda=0.133 | WR(baseline)=54.0% | WR(smart)=42.0% | Eps=190
[2026-07-21 16:00:02,323] INFO - Step 1490: Loss= 3.4562 | PPO=-0.0006 | BC= 0.4096 | bc_lambda=0.133 | WR(baseline)=60.0% | WR(smart)=42.0% | Eps=188
[2026-07-21 16:00:03,191] INFO - Step 1495: Loss= 3.1572 | PPO=-0.0004 | BC= 0.4067 | bc_lambda=0.133 | WR(baseline)=54.0% | WR(smart)=38.0% | Eps=193
[2026-07-21 16:00:04,062] INFO - Step 1500: Loss= 2.9886 | PPO=-0.0009 | BC= 0.4060 | bc_lambda=0.133 | WR(baseline)=48.0% | WR(smart)=58.0% | Eps=191
[2026-07-21 16:00:04,917] INFO - Step 1505: Loss= 3.0076 | PPO=-0.0003 | BC= 0.3736 | bc_lambda=0.132 | WR(baseline)=46.0% | WR(smart)=50.0% | Eps=190
[2026-07-21 16:00:05,798] INFO - Step 1510: Loss= 3.2895 | PPO=-0.0006 | BC= 0.3880 | bc_lambda=0.132 | WR(baseline)=50.0% | WR(smart)=62.0% | Eps=193
[2026-07-21 16:00:06,682] INFO - Step 1515: Loss= 3.1415 | PPO=-0.0001 | BC= 0.3501 | bc_lambda=0.132 | WR(baseline)=42.0% | WR(smart)=52.0% | Eps=193
[2026-07-21 16:00:07,568] INFO - Step 1520: Loss= 3.2350 | PPO=-0.0005 | BC= 0.3515 | bc_lambda=0.132 | WR(baseline)=42.0% | WR(smart)=36.0% | Eps=193
[2026-07-21 16:00:08,438] INFO - Step 1525: Loss= 3.0656 | PPO=-0.0005 | BC= 0.4024 | bc_lambda=0.131 | WR(baseline)=40.0% | WR(smart)=46.0% | Eps=191
[2026-07-21 16:00:09,310] INFO - Step 1530: Loss= 2.9165 | PPO=-0.0002 | BC= 0.3975 | bc_lambda=0.131 | WR(baseline)=52.0% | WR(smart)=40.0% | Eps=188
[2026-07-21 16:00:10,160] INFO - Step 1535: Loss= 3.4023 | PPO= 0.0003 | BC= 0.3576 | bc_lambda=0.131 | WR(baseline)=46.0% | WR(smart)=36.0% | Eps=192
[2026-07-21 16:00:11,026] INFO - Step 1540: Loss= 3.3359 | PPO=-0.0004 | BC= 0.4069 | bc_lambda=0.131 | WR(baseline)=40.0% | WR(smart)=58.0% | Eps=189
[2026-07-21 16:00:11,898] INFO - Step 1545: Loss= 2.8986 | PPO=-0.0006 | BC= 0.3742 | bc_lambda=0.131 | WR(baseline)=46.0% | WR(smart)=76.0% | Eps=193
[2026-07-21 16:00:12,800] INFO - Step 1550: Loss= 2.7048 | PPO=-0.0010 | BC= 0.3583 | bc_lambda=0.130 | WR(baseline)=48.0% | WR(smart)=58.0% | Eps=193
[2026-07-21 16:00:13,687] INFO - Step 1555: Loss= 2.7939 | PPO=-0.0002 | BC= 0.3861 | bc_lambda=0.130 | WR(baseline)=58.0% | WR(smart)=42.0% | Eps=195
[2026-07-21 16:00:14,571] INFO - Step 1560: Loss= 2.8269 | PPO=-0.0005 | BC= 0.3866 | bc_lambda=0.130 | WR(baseline)=46.0% | WR(smart)=50.0% | Eps=192
[2026-07-21 16:00:15,466] INFO - Step 1565: Loss= 3.0192 | PPO=-0.0012 | BC= 0.3752 | bc_lambda=0.130 | WR(baseline)=60.0% | WR(smart)=46.0% | Eps=190
[2026-07-21 16:00:16,355] INFO - Step 1570: Loss= 3.2772 | PPO= 0.0002 | BC= 0.3563 | bc_lambda=0.129 | WR(baseline)=54.0% | WR(smart)=46.0% | Eps=192
[2026-07-21 16:00:17,228] INFO - Step 1575: Loss= 3.0437 | PPO=-0.0011 | BC= 0.3600 | bc_lambda=0.129 | WR(baseline)=48.0% | WR(smart)=50.0% | Eps=191
[2026-07-21 16:00:18,110] INFO - Step 1580: Loss= 3.1749 | PPO=-0.0005 | BC= 0.3938 | bc_lambda=0.129 | WR(baseline)=46.0% | WR(smart)=50.0% | Eps=191
[2026-07-21 16:00:18,996] INFO - Step 1585: Loss= 3.0398 | PPO=-0.0011 | BC= 0.3676 | bc_lambda=0.129 | WR(baseline)=62.0% | WR(smart)=48.0% | Eps=190
[2026-07-21 16:00:19,861] INFO - Step 1590: Loss= 2.7953 | PPO=-0.0003 | BC= 0.3563 | bc_lambda=0.128 | WR(baseline)=46.0% | WR(smart)=46.0% | Eps=190
[2026-07-21 16:00:20,740] INFO - Step 1595: Loss= 2.7685 | PPO=-0.0008 | BC= 0.3620 | bc_lambda=0.128 | WR(baseline)=50.0% | WR(smart)=58.0% | Eps=190
[2026-07-21 16:00:21,609] INFO - Step 1600: Loss= 2.4522 | PPO=-0.0006 | BC= 0.3630 | bc_lambda=0.128 | WR(baseline)=48.0% | WR(smart)=50.0% | Eps=191
[2026-07-21 16:00:22,486] INFO - Step 1605: Loss= 2.7708 | PPO=-0.0002 | BC= 0.3333 | bc_lambda=0.128 | WR(baseline)=52.0% | WR(smart)=54.0% | Eps=191
[2026-07-21 16:00:23,355] INFO - Step 1610: Loss= 2.8370 | PPO=-0.0002 | BC= 0.3844 | bc_lambda=0.128 | WR(baseline)=44.0% | WR(smart)=54.0% | Eps=186
[2026-07-21 16:00:24,241] INFO - Step 1615: Loss= 2.8238 | PPO=-0.0003 | BC= 0.3481 | bc_lambda=0.127 | WR(baseline)=46.0% | WR(smart)=56.0% | Eps=187
[2026-07-21 16:00:25,131] INFO - Step 1620: Loss= 3.0301 | PPO=-0.0004 | BC= 0.3988 | bc_lambda=0.127 | WR(baseline)=48.0% | WR(smart)=40.0% | Eps=191
[2026-07-21 16:00:26,001] INFO - Step 1625: Loss= 2.8627 | PPO=-0.0010 | BC= 0.3478 | bc_lambda=0.127 | WR(baseline)=28.0% | WR(smart)=48.0% | Eps=193
[2026-07-21 16:00:26,876] INFO - Step 1630: Loss= 3.1748 | PPO= 0.0002 | BC= 0.3439 | bc_lambda=0.127 | WR(baseline)=48.0% | WR(smart)=56.0% | Eps=189
[2026-07-21 16:00:27,757] INFO - Step 1635: Loss= 3.0039 | PPO=-0.0007 | BC= 0.3605 | bc_lambda=0.126 | WR(baseline)=48.0% | WR(smart)=54.0% | Eps=191
[2026-07-21 16:00:28,632] INFO - Step 1640: Loss= 3.0120 | PPO=-0.0002 | BC= 0.3838 | bc_lambda=0.126 | WR(baseline)=62.0% | WR(smart)=54.0% | Eps=190
[2026-07-21 16:00:29,501] INFO - Step 1645: Loss= 2.9439 | PPO=-0.0016 | BC= 0.3878 | bc_lambda=0.126 | WR(baseline)=48.0% | WR(smart)=38.0% | Eps=192
[2026-07-21 16:00:30,379] INFO - Step 1650: Loss= 2.6070 | PPO=-0.0007 | BC= 0.4302 | bc_lambda=0.126 | WR(baseline)=50.0% | WR(smart)=48.0% | Eps=191
[2026-07-21 16:00:31,289] INFO - Step 1655: Loss= 2.5772 | PPO=-0.0015 | BC= 0.3779 | bc_lambda=0.126 | WR(baseline)=62.0% | WR(smart)=46.0% | Eps=190
[2026-07-21 16:00:32,198] INFO - Step 1660: Loss= 2.7032 | PPO=-0.0007 | BC= 0.4092 | bc_lambda=0.125 | WR(baseline)=44.0% | WR(smart)=48.0% | Eps=192
[2026-07-21 16:00:33,131] INFO - Step 1665: Loss= 2.8581 | PPO=-0.0012 | BC= 0.3893 | bc_lambda=0.125 | WR(baseline)=52.0% | WR(smart)=42.0% | Eps=194
[2026-07-21 16:00:34,023] INFO - Step 1670: Loss= 3.1517 | PPO=-0.0012 | BC= 0.3419 | bc_lambda=0.125 | WR(baseline)=50.0% | WR(smart)=42.0% | Eps=191
[2026-07-21 16:00:34,897] INFO - Step 1675: Loss= 2.6176 | PPO=-0.0007 | BC= 0.4008 | bc_lambda=0.125 | WR(baseline)=52.0% | WR(smart)=46.0% | Eps=190
[2026-07-21 16:00:35,771] INFO - Step 1680: Loss= 2.7416 | PPO=-0.0005 | BC= 0.3640 | bc_lambda=0.124 | WR(baseline)=46.0% | WR(smart)=50.0% | Eps=192
[2026-07-21 16:00:36,731] INFO - Step 1685: Loss= 4.0094 | PPO= 0.0010 | BC= 0.3504 | bc_lambda=0.124 | WR(baseline)=48.0% | WR(smart)=46.0% | Eps=189
[2026-07-21 16:00:37,646] INFO - Step 1690: Loss= 2.6000 | PPO=-0.0006 | BC= 0.3519 | bc_lambda=0.124 | WR(baseline)=54.0% | WR(smart)=50.0% | Eps=190
[2026-07-21 16:00:38,599] INFO - Step 1695: Loss= 2.6732 | PPO=-0.0003 | BC= 0.3689 | bc_lambda=0.124 | WR(baseline)=60.0% | WR(smart)=58.0% | Eps=189
[2026-07-21 16:00:39,552] INFO - Step 1700: Loss= 2.9595 | PPO=-0.0010 | BC= 0.3725 | bc_lambda=0.124 | WR(baseline)=36.0% | WR(smart)=44.0% | Eps=193
[2026-07-21 16:00:40,454] INFO - Step 1705: Loss= 2.9074 | PPO=-0.0007 | BC= 0.3788 | bc_lambda=0.123 | WR(baseline)=42.0% | WR(smart)=54.0% | Eps=195
[2026-07-21 16:00:41,467] INFO - Step 1710: Loss= 3.1384 | PPO=-0.0015 | BC= 0.3438 | bc_lambda=0.123 | WR(baseline)=50.0% | WR(smart)=50.0% | Eps=191
[2026-07-21 16:00:42,376] INFO - Step 1715: Loss= 2.6063 | PPO=-0.0008 | BC= 0.3884 | bc_lambda=0.123 | WR(baseline)=44.0% | WR(smart)=56.0% | Eps=192
[2026-07-21 16:00:43,265] INFO - Step 1720: Loss= 2.7946 | PPO=-0.0006 | BC= 0.3739 | bc_lambda=0.123 | WR(baseline)=60.0% | WR(smart)=36.0% | Eps=187
[2026-07-21 16:00:44,162] INFO - Step 1725: Loss= 2.9203 | PPO=-0.0008 | BC= 0.3835 | bc_lambda=0.122 | WR(baseline)=44.0% | WR(smart)=54.0% | Eps=192
[2026-07-21 16:00:45,058] INFO - Step 1730: Loss= 3.0257 | PPO=-0.0008 | BC= 0.3680 | bc_lambda=0.122 | WR(baseline)=56.0% | WR(smart)=54.0% | Eps=190
[2026-07-21 16:00:45,977] INFO - Step 1735: Loss= 3.0339 | PPO=-0.0009 | BC= 0.3621 | bc_lambda=0.122 | WR(baseline)=68.0% | WR(smart)=48.0% | Eps=191
[2026-07-21 16:00:46,880] INFO - Step 1740: Loss= 3.2226 | PPO=-0.0007 | BC= 0.3699 | bc_lambda=0.122 | WR(baseline)=50.0% | WR(smart)=34.0% | Eps=191
[2026-07-21 16:00:47,767] INFO - Step 1745: Loss= 2.9359 | PPO=-0.0028 | BC= 0.3780 | bc_lambda=0.122 | WR(baseline)=54.0% | WR(smart)=32.0% | Eps=192
[2026-07-21 16:00:48,673] INFO - Step 1750: Loss= 3.2631 | PPO=-0.0010 | BC= 0.3803 | bc_lambda=0.121 | WR(baseline)=40.0% | WR(smart)=54.0% | Eps=193
[2026-07-21 16:00:49,573] INFO - Step 1755: Loss= 2.6489 | PPO=-0.0019 | BC= 0.3394 | bc_lambda=0.121 | WR(baseline)=54.0% | WR(smart)=52.0% | Eps=192
[2026-07-21 16:00:50,443] INFO - Step 1760: Loss= 2.6740 | PPO= 0.0003 | BC= 0.3519 | bc_lambda=0.121 | WR(baseline)=62.0% | WR(smart)=56.0% | Eps=189
[2026-07-21 16:00:51,327] INFO - Step 1765: Loss= 2.9266 | PPO=-0.0002 | BC= 0.3802 | bc_lambda=0.121 | WR(baseline)=54.0% | WR(smart)=58.0% | Eps=190
[2026-07-21 16:00:52,182] INFO - Step 1770: Loss= 3.2774 | PPO=-0.0010 | BC= 0.3509 | bc_lambda=0.120 | WR(baseline)=58.0% | WR(smart)=46.0% | Eps=191
[2026-07-21 16:00:53,053] INFO - Step 1775: Loss= 3.3410 | PPO=-0.0005 | BC= 0.3241 | bc_lambda=0.120 | WR(baseline)=48.0% | WR(smart)=54.0% | Eps=191
[2026-07-21 16:00:53,929] INFO - Step 1780: Loss= 2.8751 | PPO=-0.0010 | BC= 0.3710 | bc_lambda=0.120 | WR(baseline)=56.0% | WR(smart)=46.0% | Eps=191
[2026-07-21 16:00:54,781] INFO - Step 1785: Loss= 3.4265 | PPO= 0.0002 | BC= 0.3772 | bc_lambda=0.120 | WR(baseline)=44.0% | WR(smart)=38.0% | Eps=192
[2026-07-21 16:00:55,654] INFO - Step 1790: Loss= 2.4622 | PPO=-0.0014 | BC= 0.3523 | bc_lambda=0.119 | WR(baseline)=44.0% | WR(smart)=58.0% | Eps=191
[2026-07-21 16:00:56,517] INFO - Step 1795: Loss= 2.7960 | PPO= 0.0005 | BC= 0.3420 | bc_lambda=0.119 | WR(baseline)=62.0% | WR(smart)=42.0% | Eps=192
[2026-07-21 16:00:57,377] INFO - Step 1800: Loss= 2.8571 | PPO=-0.0008 | BC= 0.3470 | bc_lambda=0.119 | WR(baseline)=48.0% | WR(smart)=54.0% | Eps=191
[2026-07-21 16:00:58,257] INFO - Step 1805: Loss= 2.3255 | PPO=-0.0001 | BC= 0.3758 | bc_lambda=0.119 | WR(baseline)=46.0% | WR(smart)=50.0% | Eps=186
[2026-07-21 16:00:59,120] INFO - Step 1810: Loss= 2.5254 | PPO=-0.0012 | BC= 0.3867 | bc_lambda=0.119 | WR(baseline)=54.0% | WR(smart)=38.0% | Eps=195
[2026-07-21 16:00:59,983] INFO - Step 1815: Loss= 3.0871 | PPO= 0.0006 | BC= 0.3851 | bc_lambda=0.118 | WR(baseline)=40.0% | WR(smart)=40.0% | Eps=191
[2026-07-21 16:01:00,857] INFO - Step 1820: Loss= 2.9577 | PPO=-0.0011 | BC= 0.3836 | bc_lambda=0.118 | WR(baseline)=56.0% | WR(smart)=48.0% | Eps=193
[2026-07-21 16:01:01,722] INFO - Step 1825: Loss= 2.8618 | PPO=-0.0010 | BC= 0.3618 | bc_lambda=0.118 | WR(baseline)=54.0% | WR(smart)=42.0% | Eps=195
[2026-07-21 16:01:02,584] INFO - Step 1830: Loss= 2.9820 | PPO=-0.0002 | BC= 0.3731 | bc_lambda=0.118 | WR(baseline)=58.0% | WR(smart)=56.0% | Eps=191
[2026-07-21 16:01:03,451] INFO - Step 1835: Loss= 2.9933 | PPO=-0.0001 | BC= 0.3608 | bc_lambda=0.117 | WR(baseline)=56.0% | WR(smart)=48.0% | Eps=190
[2026-07-21 16:01:04,316] INFO - Step 1840: Loss= 2.7296 | PPO= 0.0006 | BC= 0.3730 | bc_lambda=0.117 | WR(baseline)=50.0% | WR(smart)=38.0% | Eps=186
[2026-07-21 16:01:05,194] INFO - Step 1845: Loss= 2.5168 | PPO=-0.0009 | BC= 0.3774 | bc_lambda=0.117 | WR(baseline)=52.0% | WR(smart)=50.0% | Eps=195
[2026-07-21 16:01:06,059] INFO - Step 1850: Loss= 3.3132 | PPO=-0.0008 | BC= 0.4054 | bc_lambda=0.117 | WR(baseline)=70.0% | WR(smart)=52.0% | Eps=191
[2026-07-21 16:01:06,939] INFO - Step 1855: Loss= 2.6377 | PPO=-0.0002 | BC= 0.3893 | bc_lambda=0.117 | WR(baseline)=60.0% | WR(smart)=40.0% | Eps=191
[2026-07-21 16:01:07,824] INFO - Step 1860: Loss= 2.8372 | PPO=-0.0006 | BC= 0.3683 | bc_lambda=0.116 | WR(baseline)=54.0% | WR(smart)=46.0% | Eps=192
[2026-07-21 16:01:08,684] INFO - Step 1865: Loss= 2.8232 | PPO=-0.0013 | BC= 0.3608 | bc_lambda=0.116 | WR(baseline)=50.0% | WR(smart)=46.0% | Eps=188
[2026-07-21 16:01:09,552] INFO - Step 1870: Loss= 2.4782 | PPO=-0.0003 | BC= 0.3804 | bc_lambda=0.116 | WR(baseline)=54.0% | WR(smart)=36.0% | Eps=189
[2026-07-21 16:01:10,427] INFO - Step 1875: Loss= 3.2739 | PPO=-0.0007 | BC= 0.3999 | bc_lambda=0.116 | WR(baseline)=62.0% | WR(smart)=40.0% | Eps=190
[2026-07-21 16:01:11,289] INFO - Step 1880: Loss= 3.1161 | PPO= 0.0001 | BC= 0.3918 | bc_lambda=0.115 | WR(baseline)=44.0% | WR(smart)=50.0% | Eps=191
[2026-07-21 16:01:12,158] INFO - Step 1885: Loss= 2.9131 | PPO=-0.0013 | BC= 0.3888 | bc_lambda=0.115 | WR(baseline)=62.0% | WR(smart)=46.0% | Eps=190
[2026-07-21 16:01:13,025] INFO - Step 1890: Loss= 2.9803 | PPO=-0.0005 | BC= 0.3831 | bc_lambda=0.115 | WR(baseline)=48.0% | WR(smart)=50.0% | Eps=192
[2026-07-21 16:01:13,887] INFO - Step 1895: Loss= 2.8790 | PPO=-0.0000 | BC= 0.4029 | bc_lambda=0.115 | WR(baseline)=54.0% | WR(smart)=44.0% | Eps=190
[2026-07-21 16:01:14,757] INFO - Step 1900: Loss= 2.9345 | PPO=-0.0006 | BC= 0.3657 | bc_lambda=0.115 | WR(baseline)=50.0% | WR(smart)=52.0% | Eps=190
[2026-07-21 16:01:15,631] INFO - Step 1905: Loss= 2.7758 | PPO=-0.0008 | BC= 0.3691 | bc_lambda=0.114 | WR(baseline)=50.0% | WR(smart)=46.0% | Eps=190
[2026-07-21 16:01:16,505] INFO - Step 1910: Loss= 2.7800 | PPO=-0.0001 | BC= 0.3775 | bc_lambda=0.114 | WR(baseline)=54.0% | WR(smart)=38.0% | Eps=191
[2026-07-21 16:01:17,375] INFO - Step 1915: Loss= 3.1817 | PPO=-0.0005 | BC= 0.3836 | bc_lambda=0.114 | WR(baseline)=46.0% | WR(smart)=42.0% | Eps=193
[2026-07-21 16:01:18,242] INFO - Step 1920: Loss= 2.6145 | PPO=-0.0013 | BC= 0.3763 | bc_lambda=0.114 | WR(baseline)=60.0% | WR(smart)=42.0% | Eps=188
[2026-07-21 16:01:19,118] INFO - Step 1925: Loss= 2.9814 | PPO=-0.0015 | BC= 0.3287 | bc_lambda=0.113 | WR(baseline)=52.0% | WR(smart)=56.0% | Eps=193
[2026-07-21 16:01:19,994] INFO - Step 1930: Loss= 2.9013 | PPO=-0.0001 | BC= 0.3755 | bc_lambda=0.113 | WR(baseline)=48.0% | WR(smart)=44.0% | Eps=190
[2026-07-21 16:01:20,867] INFO - Step 1935: Loss= 2.7351 | PPO=-0.0008 | BC= 0.3462 | bc_lambda=0.113 | WR(baseline)=60.0% | WR(smart)=48.0% | Eps=191
[2026-07-21 16:01:21,745] INFO - Step 1940: Loss= 2.6930 | PPO=-0.0005 | BC= 0.3538 | bc_lambda=0.113 | WR(baseline)=54.0% | WR(smart)=56.0% | Eps=190
[2026-07-21 16:01:22,619] INFO - Step 1945: Loss= 3.0718 | PPO= 0.0000 | BC= 0.3430 | bc_lambda=0.112 | WR(baseline)=54.0% | WR(smart)=48.0% | Eps=189
[2026-07-21 16:01:23,479] INFO - Step 1950: Loss= 3.6674 | PPO=-0.0013 | BC= 0.3556 | bc_lambda=0.112 | WR(baseline)=46.0% | WR(smart)=42.0% | Eps=187
[2026-07-21 16:01:24,352] INFO - Step 1955: Loss= 3.0970 | PPO=-0.0008 | BC= 0.3994 | bc_lambda=0.112 | WR(baseline)=64.0% | WR(smart)=48.0% | Eps=191
[2026-07-21 16:01:25,230] INFO - Step 1960: Loss= 2.3667 | PPO=-0.0008 | BC= 0.3875 | bc_lambda=0.112 | WR(baseline)=58.0% | WR(smart)=48.0% | Eps=190
[2026-07-21 16:01:26,095] INFO - Step 1965: Loss= 2.6596 | PPO=-0.0005 | BC= 0.4065 | bc_lambda=0.112 | WR(baseline)=38.0% | WR(smart)=40.0% | Eps=189
[2026-07-21 16:01:26,964] INFO - Step 1970: Loss= 3.4710 | PPO=-0.0009 | BC= 0.3826 | bc_lambda=0.111 | WR(baseline)=42.0% | WR(smart)=52.0% | Eps=190
[2026-07-21 16:01:27,835] INFO - Step 1975: Loss= 3.0069 | PPO=-0.0005 | BC= 0.3678 | bc_lambda=0.111 | WR(baseline)=46.0% | WR(smart)=40.0% | Eps=186
[2026-07-21 16:01:28,698] INFO - Step 1980: Loss= 2.5974 | PPO=-0.0010 | BC= 0.3834 | bc_lambda=0.111 | WR(baseline)=46.0% | WR(smart)=44.0% | Eps=190
[2026-07-21 16:01:29,558] INFO - Step 1985: Loss= 2.8111 | PPO=-0.0015 | BC= 0.3837 | bc_lambda=0.111 | WR(baseline)=46.0% | WR(smart)=56.0% | Eps=190
[2026-07-21 16:01:30,433] INFO - Step 1990: Loss= 2.8134 | PPO=-0.0003 | BC= 0.3454 | bc_lambda=0.110 | WR(baseline)=42.0% | WR(smart)=32.0% | Eps=191
[2026-07-21 16:01:31,310] INFO - Step 1995: Loss= 2.4448 | PPO=-0.0008 | BC= 0.3791 | bc_lambda=0.110 | WR(baseline)=54.0% | WR(smart)=50.0% | Eps=190
[2026-07-21 16:01:32,167] INFO - Step 2000: Loss= 2.9964 | PPO=-0.0009 | BC= 0.3782 | bc_lambda=0.110 | WR(baseline)=48.0% | WR(smart)=46.0% | Eps=192
[2026-07-21 16:01:33,032] INFO - Step 2005: Loss= 2.6106 | PPO=-0.0002 | BC= 0.3578 | bc_lambda=0.110 | WR(baseline)=50.0% | WR(smart)=44.0% | Eps=191
[2026-07-21 16:01:33,907] INFO - Step 2010: Loss= 3.2261 | PPO= 0.0001 | BC= 0.3667 | bc_lambda=0.110 | WR(baseline)=56.0% | WR(smart)=48.0% | Eps=194
[2026-07-21 16:01:34,783] INFO - Step 2015: Loss= 3.3156 | PPO=-0.0009 | BC= 0.3574 | bc_lambda=0.109 | WR(baseline)=50.0% | WR(smart)=60.0% | Eps=187
[2026-07-21 16:01:35,644] INFO - Step 2020: Loss= 2.9720 | PPO=-0.0018 | BC= 0.3780 | bc_lambda=0.109 | WR(baseline)=40.0% | WR(smart)=42.0% | Eps=191
[2026-07-21 16:01:36,509] INFO - Step 2025: Loss= 2.5721 | PPO=-0.0007 | BC= 0.4182 | bc_lambda=0.109 | WR(baseline)=50.0% | WR(smart)=50.0% | Eps=191
[2026-07-21 16:01:37,385] INFO - Step 2030: Loss= 3.0426 | PPO=-0.0001 | BC= 0.3766 | bc_lambda=0.109 | WR(baseline)=50.0% | WR(smart)=50.0% | Eps=189
[2026-07-21 16:01:38,242] INFO - Step 2035: Loss= 3.0994 | PPO=-0.0007 | BC= 0.3862 | bc_lambda=0.108 | WR(baseline)=52.0% | WR(smart)=46.0% | Eps=190
[2026-07-21 16:01:39,119] INFO - Step 2040: Loss= 2.8602 | PPO=-0.0006 | BC= 0.3811 | bc_lambda=0.108 | WR(baseline)=54.0% | WR(smart)=58.0% | Eps=192
[2026-07-21 16:01:39,973] INFO - Step 2045: Loss= 2.7478 | PPO=-0.0003 | BC= 0.3743 | bc_lambda=0.108 | WR(baseline)=44.0% | WR(smart)=52.0% | Eps=189
[2026-07-21 16:01:40,832] INFO - Step 2050: Loss= 2.6395 | PPO=-0.0001 | BC= 0.3914 | bc_lambda=0.108 | WR(baseline)=56.0% | WR(smart)=42.0% | Eps=194
[2026-07-21 16:01:41,696] INFO - Step 2055: Loss= 2.8610 | PPO=-0.0004 | BC= 0.4054 | bc_lambda=0.108 | WR(baseline)=58.0% | WR(smart)=52.0% | Eps=192
[2026-07-21 16:01:42,570] INFO - Step 2060: Loss= 3.0905 | PPO= 0.0005 | BC= 0.3780 | bc_lambda=0.107 | WR(baseline)=60.0% | WR(smart)=34.0% | Eps=190
[2026-07-21 16:01:43,425] INFO - Step 2065: Loss= 2.4524 | PPO=-0.0007 | BC= 0.3946 | bc_lambda=0.107 | WR(baseline)=46.0% | WR(smart)=50.0% | Eps=189
[2026-07-21 16:01:44,301] INFO - Step 2070: Loss= 2.6249 | PPO=-0.0014 | BC= 0.3924 | bc_lambda=0.107 | WR(baseline)=46.0% | WR(smart)=44.0% | Eps=190
[2026-07-21 16:01:45,189] INFO - Step 2075: Loss= 2.8266 | PPO=-0.0006 | BC= 0.3912 | bc_lambda=0.107 | WR(baseline)=64.0% | WR(smart)=48.0% | Eps=192
[2026-07-21 16:01:46,046] INFO - Step 2080: Loss= 2.4150 | PPO=-0.0015 | BC= 0.3449 | bc_lambda=0.106 | WR(baseline)=60.0% | WR(smart)=44.0% | Eps=191
[2026-07-21 16:01:46,907] INFO - Step 2085: Loss= 2.5948 | PPO=-0.0004 | BC= 0.3432 | bc_lambda=0.106 | WR(baseline)=54.0% | WR(smart)=56.0% | Eps=187
[2026-07-21 16:01:47,782] INFO - Step 2090: Loss= 2.5824 | PPO=-0.0011 | BC= 0.3938 | bc_lambda=0.106 | WR(baseline)=42.0% | WR(smart)=30.0% | Eps=195
[2026-07-21 16:01:48,642] INFO - Step 2095: Loss= 2.7454 | PPO=-0.0008 | BC= 0.3987 | bc_lambda=0.106 | WR(baseline)=52.0% | WR(smart)=50.0% | Eps=191
[2026-07-21 16:01:49,505] INFO - Step 2100: Loss= 3.0243 | PPO=-0.0007 | BC= 0.3633 | bc_lambda=0.106 | WR(baseline)=46.0% | WR(smart)=56.0% | Eps=192
[2026-07-21 16:01:50,363] INFO - Step 2105: Loss= 3.3687 | PPO=-0.0004 | BC= 0.3592 | bc_lambda=0.105 | WR(baseline)=60.0% | WR(smart)=50.0% | Eps=192
[2026-07-21 16:01:51,229] INFO - Step 2110: Loss= 2.9899 | PPO=-0.0011 | BC= 0.3689 | bc_lambda=0.105 | WR(baseline)=44.0% | WR(smart)=56.0% | Eps=190
[2026-07-21 16:01:52,093] INFO - Step 2115: Loss= 3.0148 | PPO=-0.0002 | BC= 0.3752 | bc_lambda=0.105 | WR(baseline)=50.0% | WR(smart)=44.0% | Eps=192
[2026-07-21 16:01:52,960] INFO - Step 2120: Loss= 2.6913 | PPO=-0.0014 | BC= 0.3807 | bc_lambda=0.105 | WR(baseline)=48.0% | WR(smart)=56.0% | Eps=189
[2026-07-21 16:01:53,847] INFO - Step 2125: Loss= 2.7207 | PPO=-0.0001 | BC= 0.3894 | bc_lambda=0.104 | WR(baseline)=44.0% | WR(smart)=44.0% | Eps=192
[2026-07-21 16:01:54,710] INFO - Step 2130: Loss= 2.6716 | PPO=-0.0003 | BC= 0.3609 | bc_lambda=0.104 | WR(baseline)=56.0% | WR(smart)=64.0% | Eps=190
[2026-07-21 16:01:55,578] INFO - Step 2135: Loss= 3.1587 | PPO= 0.0000 | BC= 0.3935 | bc_lambda=0.104 | WR(baseline)=58.0% | WR(smart)=36.0% | Eps=189
[2026-07-21 16:01:56,442] INFO - Step 2140: Loss= 2.5005 | PPO=-0.0014 | BC= 0.3818 | bc_lambda=0.104 | WR(baseline)=54.0% | WR(smart)=40.0% | Eps=192
[2026-07-21 16:01:57,304] INFO - Step 2145: Loss= 3.0373 | PPO=-0.0005 | BC= 0.3864 | bc_lambda=0.103 | WR(baseline)=44.0% | WR(smart)=46.0% | Eps=192
[2026-07-21 16:01:58,228] INFO - Step 2150: Loss= 3.2004 | PPO=-0.0005 | BC= 0.3514 | bc_lambda=0.103 | WR(baseline)=54.0% | WR(smart)=58.0% | Eps=189
[2026-07-21 16:01:59,183] INFO - Step 2155: Loss= 2.6170 | PPO=-0.0004 | BC= 0.3892 | bc_lambda=0.103 | WR(baseline)=46.0% | WR(smart)=32.0% | Eps=188
[2026-07-21 16:02:00,068] INFO - Step 2160: Loss= 3.0442 | PPO=-0.0002 | BC= 0.3724 | bc_lambda=0.103 | WR(baseline)=62.0% | WR(smart)=38.0% | Eps=190
[2026-07-21 16:02:01,017] INFO - Step 2165: Loss= 2.4973 | PPO=-0.0012 | BC= 0.3820 | bc_lambda=0.103 | WR(baseline)=50.0% | WR(smart)=62.0% | Eps=187
[2026-07-21 16:02:01,948] INFO - Step 2170: Loss= 2.5124 | PPO=-0.0009 | BC= 0.3758 | bc_lambda=0.102 | WR(baseline)=60.0% | WR(smart)=48.0% | Eps=190
[2026-07-21 16:02:02,942] INFO - Step 2175: Loss= 2.8379 | PPO=-0.0007 | BC= 0.3992 | bc_lambda=0.102 | WR(baseline)=40.0% | WR(smart)=40.0% | Eps=193
[2026-07-21 16:02:03,833] INFO - Step 2180: Loss= 2.6394 | PPO=-0.0009 | BC= 0.3689 | bc_lambda=0.102 | WR(baseline)=62.0% | WR(smart)=58.0% | Eps=191
[2026-07-21 16:02:04,738] INFO - Step 2185: Loss= 2.8752 | PPO=-0.0008 | BC= 0.3800 | bc_lambda=0.102 | WR(baseline)=68.0% | WR(smart)=48.0% | Eps=184
[2026-07-21 16:02:05,676] INFO - Step 2190: Loss= 2.4836 | PPO=-0.0017 | BC= 0.3580 | bc_lambda=0.101 | WR(baseline)=42.0% | WR(smart)=64.0% | Eps=190
[2026-07-21 16:02:06,627] INFO - Step 2195: Loss= 2.6311 | PPO=-0.0005 | BC= 0.3729 | bc_lambda=0.101 | WR(baseline)=48.0% | WR(smart)=46.0% | Eps=190
[2026-07-21 16:02:07,568] INFO - Step 2200: Loss= 2.5809 | PPO=-0.0005 | BC= 0.3925 | bc_lambda=0.101 | WR(baseline)=46.0% | WR(smart)=50.0% | Eps=189
[2026-07-21 16:02:08,502] INFO - Step 2205: Loss= 2.8049 | PPO=-0.0014 | BC= 0.3517 | bc_lambda=0.101 | WR(baseline)=34.0% | WR(smart)=56.0% | Eps=192
[2026-07-21 16:02:09,441] INFO - Step 2210: Loss= 3.0816 | PPO=-0.0012 | BC= 0.3970 | bc_lambda=0.101 | WR(baseline)=54.0% | WR(smart)=44.0% | Eps=190
[2026-07-21 16:02:10,382] INFO - Step 2215: Loss= 2.6883 | PPO=-0.0009 | BC= 0.3838 | bc_lambda=0.100 | WR(baseline)=40.0% | WR(smart)=50.0% | Eps=190
[2026-07-21 16:02:11,339] INFO - Step 2220: Loss= 2.6815 | PPO=-0.0017 | BC= 0.3874 | bc_lambda=0.100 | WR(baseline)=50.0% | WR(smart)=32.0% | Eps=187
[2026-07-21 16:02:12,339] INFO - Step 2225: Loss= 2.5645 | PPO=-0.0001 | BC= 0.3941 | bc_lambda=0.100 | WR(baseline)=40.0% | WR(smart)=50.0% | Eps=193
[2026-07-21 16:02:13,257] INFO - Step 2230: Loss= 2.6053 | PPO=-0.0006 | BC= 0.3933 | bc_lambda=0.100 | WR(baseline)=60.0% | WR(smart)=52.0% | Eps=191
[2026-07-21 16:02:14,154] INFO - Step 2235: Loss= 2.5902 | PPO= 0.0001 | BC= 0.3548 | bc_lambda=0.099 | WR(baseline)=58.0% | WR(smart)=40.0% | Eps=188
[2026-07-21 16:02:15,019] INFO - Step 2240: Loss= 2.9668 | PPO= 0.0001 | BC= 0.3760 | bc_lambda=0.099 | WR(baseline)=52.0% | WR(smart)=58.0% | Eps=191
[2026-07-21 16:02:15,890] INFO - Step 2245: Loss= 2.9922 | PPO=-0.0006 | BC= 0.3513 | bc_lambda=0.099 | WR(baseline)=56.0% | WR(smart)=56.0% | Eps=187
[2026-07-21 16:02:16,751] INFO - Step 2250: Loss= 2.8538 | PPO=-0.0013 | BC= 0.3718 | bc_lambda=0.099 | WR(baseline)=54.0% | WR(smart)=58.0% | Eps=189
[2026-07-21 16:02:17,615] INFO - Step 2255: Loss= 2.8479 | PPO=-0.0003 | BC= 0.3599 | bc_lambda=0.099 | WR(baseline)=58.0% | WR(smart)=60.0% | Eps=188
[2026-07-21 16:02:18,498] INFO - Step 2260: Loss= 2.5153 | PPO=-0.0010 | BC= 0.3762 | bc_lambda=0.098 | WR(baseline)=58.0% | WR(smart)=50.0% | Eps=188
[2026-07-21 16:02:19,364] INFO - Step 2265: Loss= 2.6736 | PPO= 0.0001 | BC= 0.3879 | bc_lambda=0.098 | WR(baseline)=42.0% | WR(smart)=42.0% | Eps=190
[2026-07-21 16:02:20,220] INFO - Step 2270: Loss= 3.2486 | PPO=-0.0007 | BC= 0.3941 | bc_lambda=0.098 | WR(baseline)=50.0% | WR(smart)=56.0% | Eps=190
[2026-07-21 16:02:21,075] INFO - Step 2275: Loss= 2.4676 | PPO=-0.0008 | BC= 0.3883 | bc_lambda=0.098 | WR(baseline)=54.0% | WR(smart)=40.0% | Eps=186
[2026-07-21 16:02:21,938] INFO - Step 2280: Loss= 2.9912 | PPO=-0.0007 | BC= 0.3924 | bc_lambda=0.097 | WR(baseline)=56.0% | WR(smart)=58.0% | Eps=190
[2026-07-21 16:02:22,800] INFO - Step 2285: Loss= 3.1602 | PPO=-0.0011 | BC= 0.3780 | bc_lambda=0.097 | WR(baseline)=50.0% | WR(smart)=50.0% | Eps=187
[2026-07-21 16:02:23,655] INFO - Step 2290: Loss= 2.5845 | PPO=-0.0009 | BC= 0.3870 | bc_lambda=0.097 | WR(baseline)=52.0% | WR(smart)=44.0% | Eps=191
[2026-07-21 16:02:24,510] INFO - Step 2295: Loss= 2.7900 | PPO=-0.0006 | BC= 0.3828 | bc_lambda=0.097 | WR(baseline)=54.0% | WR(smart)=56.0% | Eps=189
[2026-07-21 16:02:25,369] INFO - Step 2300: Loss= 2.5058 | PPO=-0.0010 | BC= 0.3878 | bc_lambda=0.097 | WR(baseline)=62.0% | WR(smart)=46.0% | Eps=189
[2026-07-21 16:02:26,238] INFO - Step 2305: Loss= 2.7366 | PPO= 0.0002 | BC= 0.3709 | bc_lambda=0.096 | WR(baseline)=50.0% | WR(smart)=52.0% | Eps=187
[2026-07-21 16:02:27,102] INFO - Step 2310: Loss= 3.0571 | PPO=-0.0011 | BC= 0.3887 | bc_lambda=0.096 | WR(baseline)=48.0% | WR(smart)=50.0% | Eps=189
[2026-07-21 16:02:27,972] INFO - Step 2315: Loss= 3.2103 | PPO=-0.0007 | BC= 0.4110 | bc_lambda=0.096 | WR(baseline)=58.0% | WR(smart)=56.0% | Eps=187
[2026-07-21 16:02:28,839] INFO - Step 2320: Loss= 2.6262 | PPO=-0.0003 | BC= 0.3829 | bc_lambda=0.096 | WR(baseline)=60.0% | WR(smart)=52.0% | Eps=187
[2026-07-21 16:02:29,702] INFO - Step 2325: Loss= 2.5170 | PPO=-0.0009 | BC= 0.3819 | bc_lambda=0.095 | WR(baseline)=50.0% | WR(smart)=40.0% | Eps=190
[2026-07-21 16:02:30,566] INFO - Step 2330: Loss= 3.0051 | PPO=-0.0004 | BC= 0.3684 | bc_lambda=0.095 | WR(baseline)=48.0% | WR(smart)=52.0% | Eps=188
[2026-07-21 16:02:31,440] INFO - Step 2335: Loss= 3.0306 | PPO=-0.0007 | BC= 0.3631 | bc_lambda=0.095 | WR(baseline)=58.0% | WR(smart)=50.0% | Eps=190
[2026-07-21 16:02:32,300] INFO - Step 2340: Loss= 2.9384 | PPO=-0.0003 | BC= 0.3815 | bc_lambda=0.095 | WR(baseline)=46.0% | WR(smart)=58.0% | Eps=188
[2026-07-21 16:02:33,179] INFO - Step 2345: Loss= 2.9332 | PPO=-0.0012 | BC= 0.4023 | bc_lambda=0.094 | WR(baseline)=38.0% | WR(smart)=56.0% | Eps=187
[2026-07-21 16:02:34,039] INFO - Step 2350: Loss= 3.0942 | PPO= 0.0003 | BC= 0.3590 | bc_lambda=0.094 | WR(baseline)=48.0% | WR(smart)=44.0% | Eps=188
[2026-07-21 16:02:34,907] INFO - Step 2355: Loss= 2.9689 | PPO=-0.0010 | BC= 0.3982 | bc_lambda=0.094 | WR(baseline)=46.0% | WR(smart)=60.0% | Eps=188
[2026-07-21 16:02:35,781] INFO - Step 2360: Loss= 2.8423 | PPO= 0.0001 | BC= 0.4077 | bc_lambda=0.094 | WR(baseline)=50.0% | WR(smart)=40.0% | Eps=188
[2026-07-21 16:02:36,649] INFO - Step 2365: Loss= 2.9322 | PPO=-0.0012 | BC= 0.3667 | bc_lambda=0.094 | WR(baseline)=54.0% | WR(smart)=40.0% | Eps=189
[2026-07-21 16:02:37,519] INFO - Step 2370: Loss= 2.8268 | PPO=-0.0001 | BC= 0.3781 | bc_lambda=0.093 | WR(baseline)=60.0% | WR(smart)=54.0% | Eps=188
[2026-07-21 16:02:38,375] INFO - Step 2375: Loss= 3.0285 | PPO=-0.0010 | BC= 0.3634 | bc_lambda=0.093 | WR(baseline)=44.0% | WR(smart)=48.0% | Eps=188
[2026-07-21 16:02:39,237] INFO - Step 2380: Loss= 3.0217 | PPO=-0.0009 | BC= 0.4044 | bc_lambda=0.093 | WR(baseline)=40.0% | WR(smart)=50.0% | Eps=187
[2026-07-21 16:02:40,096] INFO - Step 2385: Loss= 3.1082 | PPO=-0.0009 | BC= 0.3787 | bc_lambda=0.093 | WR(baseline)=58.0% | WR(smart)=52.0% | Eps=188
[2026-07-21 16:02:40,979] INFO - Step 2390: Loss= 2.7988 | PPO=-0.0007 | BC= 0.3830 | bc_lambda=0.092 | WR(baseline)=52.0% | WR(smart)=60.0% | Eps=189
[2026-07-21 16:02:41,845] INFO - Step 2395: Loss= 2.7132 | PPO=-0.0003 | BC= 0.3950 | bc_lambda=0.092 | WR(baseline)=48.0% | WR(smart)=64.0% | Eps=191
[2026-07-21 16:02:42,719] INFO - Step 2400: Loss= 2.9721 | PPO=-0.0006 | BC= 0.3973 | bc_lambda=0.092 | WR(baseline)=42.0% | WR(smart)=56.0% | Eps=189
[2026-07-21 16:02:43,586] INFO - Step 2405: Loss= 2.3651 | PPO=-0.0001 | BC= 0.4058 | bc_lambda=0.092 | WR(baseline)=60.0% | WR(smart)=48.0% | Eps=189
[2026-07-21 16:02:44,454] INFO - Step 2410: Loss= 2.4758 | PPO=-0.0007 | BC= 0.3996 | bc_lambda=0.092 | WR(baseline)=48.0% | WR(smart)=50.0% | Eps=188
[2026-07-21 16:02:45,326] INFO - Step 2415: Loss= 2.5094 | PPO=-0.0007 | BC= 0.3987 | bc_lambda=0.091 | WR(baseline)=54.0% | WR(smart)=50.0% | Eps=189
[2026-07-21 16:02:46,207] INFO - Step 2420: Loss= 2.9445 | PPO= 0.0005 | BC= 0.3568 | bc_lambda=0.091 | WR(baseline)=56.0% | WR(smart)=50.0% | Eps=188
[2026-07-21 16:02:47,065] INFO - Step 2425: Loss= 2.9691 | PPO=-0.0007 | BC= 0.3704 | bc_lambda=0.091 | WR(baseline)=50.0% | WR(smart)=48.0% | Eps=189
[2026-07-21 16:02:47,940] INFO - Step 2430: Loss= 2.8645 | PPO=-0.0004 | BC= 0.4128 | bc_lambda=0.091 | WR(baseline)=50.0% | WR(smart)=44.0% | Eps=188
[2026-07-21 16:02:48,802] INFO - Step 2435: Loss= 2.8535 | PPO=-0.0006 | BC= 0.3904 | bc_lambda=0.090 | WR(baseline)=54.0% | WR(smart)=50.0% | Eps=186
[2026-07-21 16:02:49,674] INFO - Step 2440: Loss= 2.8406 | PPO=-0.0012 | BC= 0.3929 | bc_lambda=0.090 | WR(baseline)=48.0% | WR(smart)=48.0% | Eps=187
[2026-07-21 16:02:50,535] INFO - Step 2445: Loss= 2.6494 | PPO=-0.0011 | BC= 0.3922 | bc_lambda=0.090 | WR(baseline)=58.0% | WR(smart)=44.0% | Eps=188
[2026-07-21 16:02:51,400] INFO - Step 2450: Loss= 2.5712 | PPO=-0.0005 | BC= 0.3886 | bc_lambda=0.090 | WR(baseline)=40.0% | WR(smart)=42.0% | Eps=189
[2026-07-21 16:02:52,274] INFO - Step 2455: Loss= 2.5063 | PPO=-0.0004 | BC= 0.4142 | bc_lambda=0.090 | WR(baseline)=44.0% | WR(smart)=40.0% | Eps=187
[2026-07-21 16:02:53,146] INFO - Step 2460: Loss= 2.9600 | PPO= 0.0002 | BC= 0.4152 | bc_lambda=0.089 | WR(baseline)=54.0% | WR(smart)=50.0% | Eps=188
[2026-07-21 16:02:54,010] INFO - Step 2465: Loss= 2.5830 | PPO=-0.0011 | BC= 0.4136 | bc_lambda=0.089 | WR(baseline)=64.0% | WR(smart)=52.0% | Eps=188
[2026-07-21 16:02:54,879] INFO - Step 2470: Loss= 2.7898 | PPO=-0.0022 | BC= 0.4064 | bc_lambda=0.089 | WR(baseline)=50.0% | WR(smart)=62.0% | Eps=188
[2026-07-21 16:02:55,746] INFO - Step 2475: Loss= 2.7193 | PPO=-0.0008 | BC= 0.4395 | bc_lambda=0.089 | WR(baseline)=54.0% | WR(smart)=58.0% | Eps=185
[2026-07-21 16:02:56,603] INFO - Step 2480: Loss= 2.4757 | PPO=-0.0013 | BC= 0.4249 | bc_lambda=0.088 | WR(baseline)=56.0% | WR(smart)=46.0% | Eps=189
[2026-07-21 16:02:57,477] INFO - Step 2485: Loss= 2.8318 | PPO=-0.0003 | BC= 0.4043 | bc_lambda=0.088 | WR(baseline)=62.0% | WR(smart)=40.0% | Eps=188
[2026-07-21 16:02:58,351] INFO - Step 2490: Loss= 2.7217 | PPO=-0.0006 | BC= 0.4049 | bc_lambda=0.088 | WR(baseline)=52.0% | WR(smart)=58.0% | Eps=187
[2026-07-21 16:02:59,216] INFO - Step 2495: Loss= 2.8948 | PPO=-0.0009 | BC= 0.4175 | bc_lambda=0.088 | WR(baseline)=56.0% | WR(smart)=56.0% | Eps=188
[2026-07-21 16:03:00,105] INFO - Step 2500: Loss= 2.1655 | PPO=-0.0012 | BC= 0.4338 | bc_lambda=0.088 | WR(baseline)=58.0% | WR(smart)=54.0% | Eps=186
[2026-07-21 16:03:00,979] INFO - Step 2505: Loss= 2.8572 | PPO=-0.0012 | BC= 0.4085 | bc_lambda=0.087 | WR(baseline)=46.0% | WR(smart)=48.0% | Eps=188
[2026-07-21 16:03:01,857] INFO - Step 2510: Loss= 3.0046 | PPO=-0.0012 | BC= 0.4117 | bc_lambda=0.087 | WR(baseline)=58.0% | WR(smart)=52.0% | Eps=190
[2026-07-21 16:03:02,722] INFO - Step 2515: Loss= 3.1327 | PPO=-0.0014 | BC= 0.3946 | bc_lambda=0.087 | WR(baseline)=60.0% | WR(smart)=54.0% | Eps=186
[2026-07-21 16:03:03,581] INFO - Step 2520: Loss= 2.4720 | PPO=-0.0019 | BC= 0.4405 | bc_lambda=0.087 | WR(baseline)=58.0% | WR(smart)=50.0% | Eps=189
[2026-07-21 16:03:04,440] INFO - Step 2525: Loss= 2.7092 | PPO=-0.0022 | BC= 0.4006 | bc_lambda=0.086 | WR(baseline)=46.0% | WR(smart)=56.0% | Eps=184
[2026-07-21 16:03:05,306] INFO - Step 2530: Loss= 2.3756 | PPO=-0.0008 | BC= 0.4267 | bc_lambda=0.086 | WR(baseline)=44.0% | WR(smart)=46.0% | Eps=190
[2026-07-21 16:03:06,173] INFO - Step 2535: Loss= 3.0368 | PPO=-0.0018 | BC= 0.4422 | bc_lambda=0.086 | WR(baseline)=54.0% | WR(smart)=56.0% | Eps=187
[2026-07-21 16:03:07,033] INFO - Step 2540: Loss= 2.6207 | PPO=-0.0006 | BC= 0.4353 | bc_lambda=0.086 | WR(baseline)=58.0% | WR(smart)=66.0% | Eps=193
[2026-07-21 16:03:07,892] INFO - Step 2545: Loss= 2.1264 | PPO=-0.0017 | BC= 0.4150 | bc_lambda=0.085 | WR(baseline)=52.0% | WR(smart)=54.0% | Eps=187
[2026-07-21 16:03:08,744] INFO - Step 2550: Loss= 2.8275 | PPO=-0.0005 | BC= 0.3909 | bc_lambda=0.085 | WR(baseline)=48.0% | WR(smart)=54.0% | Eps=189
[2026-07-21 16:03:09,631] INFO - Step 2555: Loss= 2.8280 | PPO=-0.0015 | BC= 0.4624 | bc_lambda=0.085 | WR(baseline)=46.0% | WR(smart)=52.0% | Eps=187
[2026-07-21 16:03:10,508] INFO - Step 2560: Loss= 2.8121 | PPO=-0.0007 | BC= 0.4711 | bc_lambda=0.085 | WR(baseline)=52.0% | WR(smart)=56.0% | Eps=188
[2026-07-21 16:03:11,372] INFO - Step 2565: Loss= 2.8597 | PPO=-0.0005 | BC= 0.4186 | bc_lambda=0.085 | WR(baseline)=54.0% | WR(smart)=54.0% | Eps=189
[2026-07-21 16:03:12,247] INFO - Step 2570: Loss= 2.6802 | PPO=-0.0004 | BC= 0.4379 | bc_lambda=0.084 | WR(baseline)=48.0% | WR(smart)=54.0% | Eps=187
[2026-07-21 16:03:13,103] INFO - Step 2575: Loss= 2.6059 | PPO=-0.0027 | BC= 0.4307 | bc_lambda=0.084 | WR(baseline)=60.0% | WR(smart)=58.0% | Eps=188
[2026-07-21 16:03:13,965] INFO - Step 2580: Loss= 2.0982 | PPO=-0.0003 | BC= 0.4069 | bc_lambda=0.084 | WR(baseline)=52.0% | WR(smart)=56.0% | Eps=188
[2026-07-21 16:03:14,817] INFO - Step 2585: Loss= 2.8497 | PPO=-0.0012 | BC= 0.4143 | bc_lambda=0.084 | WR(baseline)=48.0% | WR(smart)=44.0% | Eps=186
[2026-07-21 16:03:15,685] INFO - Step 2590: Loss= 2.8105 | PPO=-0.0016 | BC= 0.3695 | bc_lambda=0.083 | WR(baseline)=44.0% | WR(smart)=40.0% | Eps=186
[2026-07-21 16:03:16,544] INFO - Step 2595: Loss= 2.3494 | PPO=-0.0009 | BC= 0.4031 | bc_lambda=0.083 | WR(baseline)=52.0% | WR(smart)=52.0% | Eps=190
[2026-07-21 16:03:17,409] INFO - Step 2600: Loss= 2.4896 | PPO=-0.0005 | BC= 0.3784 | bc_lambda=0.083 | WR(baseline)=68.0% | WR(smart)=46.0% | Eps=186
[2026-07-21 16:03:18,262] INFO - Step 2605: Loss= 2.3143 | PPO=-0.0005 | BC= 0.3932 | bc_lambda=0.083 | WR(baseline)=52.0% | WR(smart)=48.0% | Eps=188
[2026-07-21 16:03:19,123] INFO - Step 2610: Loss= 3.3126 | PPO=-0.0003 | BC= 0.3601 | bc_lambda=0.083 | WR(baseline)=44.0% | WR(smart)=60.0% | Eps=186
[2026-07-21 16:03:19,977] INFO - Step 2615: Loss= 2.7787 | PPO=-0.0015 | BC= 0.4548 | bc_lambda=0.082 | WR(baseline)=36.0% | WR(smart)=56.0% | Eps=191
[2026-07-21 16:03:20,841] INFO - Step 2620: Loss= 2.3591 | PPO=-0.0009 | BC= 0.4201 | bc_lambda=0.082 | WR(baseline)=52.0% | WR(smart)=58.0% | Eps=190
[2026-07-21 16:03:21,705] INFO - Step 2625: Loss= 2.5467 | PPO=-0.0006 | BC= 0.4294 | bc_lambda=0.082 | WR(baseline)=46.0% | WR(smart)=46.0% | Eps=186
[2026-07-21 16:03:22,580] INFO - Step 2630: Loss= 2.4041 | PPO=-0.0014 | BC= 0.4000 | bc_lambda=0.082 | WR(baseline)=56.0% | WR(smart)=52.0% | Eps=187
[2026-07-21 16:03:23,448] INFO - Step 2635: Loss= 3.1759 | PPO=-0.0004 | BC= 0.4303 | bc_lambda=0.081 | WR(baseline)=52.0% | WR(smart)=52.0% | Eps=187
[2026-07-21 16:03:24,319] INFO - Step 2640: Loss= 2.3561 | PPO= 0.0000 | BC= 0.3641 | bc_lambda=0.081 | WR(baseline)=50.0% | WR(smart)=60.0% | Eps=185
[2026-07-21 16:03:25,191] INFO - Step 2645: Loss= 2.4661 | PPO=-0.0007 | BC= 0.4318 | bc_lambda=0.081 | WR(baseline)=52.0% | WR(smart)=36.0% | Eps=183
[2026-07-21 16:03:26,057] INFO - Step 2650: Loss= 2.6268 | PPO=-0.0010 | BC= 0.4212 | bc_lambda=0.081 | WR(baseline)=44.0% | WR(smart)=36.0% | Eps=187
[2026-07-21 16:03:26,932] INFO - Step 2655: Loss= 2.8475 | PPO=-0.0002 | BC= 0.4471 | bc_lambda=0.081 | WR(baseline)=56.0% | WR(smart)=56.0% | Eps=191
[2026-07-21 16:03:27,782] INFO - Step 2660: Loss= 2.3295 | PPO=-0.0007 | BC= 0.4222 | bc_lambda=0.080 | WR(baseline)=56.0% | WR(smart)=52.0% | Eps=185
[2026-07-21 16:03:28,641] INFO - Step 2665: Loss= 2.5454 | PPO=-0.0004 | BC= 0.4350 | bc_lambda=0.080 | WR(baseline)=66.0% | WR(smart)=52.0% | Eps=189
[2026-07-21 16:03:29,497] INFO - Step 2670: Loss= 2.3708 | PPO=-0.0006 | BC= 0.4025 | bc_lambda=0.080 | WR(baseline)=48.0% | WR(smart)=46.0% | Eps=185
[2026-07-21 16:03:30,360] INFO - Step 2675: Loss= 2.9890 | PPO=-0.0012 | BC= 0.4290 | bc_lambda=0.080 | WR(baseline)=50.0% | WR(smart)=44.0% | Eps=190
[2026-07-21 16:03:31,223] INFO - Step 2680: Loss= 2.4623 | PPO=-0.0005 | BC= 0.4343 | bc_lambda=0.079 | WR(baseline)=54.0% | WR(smart)=52.0% | Eps=186
[2026-07-21 16:03:32,099] INFO - Step 2685: Loss= 2.6574 | PPO=-0.0004 | BC= 0.4056 | bc_lambda=0.079 | WR(baseline)=74.0% | WR(smart)=56.0% | Eps=189
[2026-07-21 16:03:32,970] INFO - Step 2690: Loss= 2.8905 | PPO=-0.0002 | BC= 0.4627 | bc_lambda=0.079 | WR(baseline)=42.0% | WR(smart)=56.0% | Eps=187
[2026-07-21 16:03:33,853] INFO - Step 2695: Loss= 3.0302 | PPO=-0.0011 | BC= 0.4667 | bc_lambda=0.079 | WR(baseline)=58.0% | WR(smart)=48.0% | Eps=187
[2026-07-21 16:03:34,748] INFO - Step 2700: Loss= 2.4865 | PPO=-0.0011 | BC= 0.4259 | bc_lambda=0.079 | WR(baseline)=66.0% | WR(smart)=52.0% | Eps=190
[2026-07-21 16:03:35,614] INFO - Step 2705: Loss= 2.7718 | PPO=-0.0010 | BC= 0.4198 | bc_lambda=0.078 | WR(baseline)=46.0% | WR(smart)=50.0% | Eps=187
[2026-07-21 16:03:36,485] INFO - Step 2710: Loss= 2.4446 | PPO=-0.0007 | BC= 0.4465 | bc_lambda=0.078 | WR(baseline)=62.0% | WR(smart)=52.0% | Eps=192
[2026-07-21 16:03:37,357] INFO - Step 2715: Loss= 2.5465 | PPO=-0.0012 | BC= 0.4402 | bc_lambda=0.078 | WR(baseline)=64.0% | WR(smart)=52.0% | Eps=187
[2026-07-21 16:03:38,219] INFO - Step 2720: Loss= 2.4599 | PPO=-0.0005 | BC= 0.4120 | bc_lambda=0.078 | WR(baseline)=64.0% | WR(smart)=36.0% | Eps=188
[2026-07-21 16:03:39,088] INFO - Step 2725: Loss= 2.5654 | PPO=-0.0007 | BC= 0.4436 | bc_lambda=0.077 | WR(baseline)=58.0% | WR(smart)=52.0% | Eps=186
[2026-07-21 16:03:39,955] INFO - Step 2730: Loss= 2.1539 | PPO=-0.0007 | BC= 0.4552 | bc_lambda=0.077 | WR(baseline)=58.0% | WR(smart)=56.0% | Eps=187
[2026-07-21 16:03:40,812] INFO - Step 2735: Loss= 2.9351 | PPO=-0.0013 | BC= 0.4210 | bc_lambda=0.077 | WR(baseline)=56.0% | WR(smart)=52.0% | Eps=188
[2026-07-21 16:03:41,688] INFO - Step 2740: Loss= 2.8708 | PPO= 0.0003 | BC= 0.4204 | bc_lambda=0.077 | WR(baseline)=60.0% | WR(smart)=52.0% | Eps=184
[2026-07-21 16:03:42,563] INFO - Step 2745: Loss= 2.5875 | PPO=-0.0020 | BC= 0.4302 | bc_lambda=0.076 | WR(baseline)=58.0% | WR(smart)=66.0% | Eps=187
[2026-07-21 16:03:43,440] INFO - Step 2750: Loss= 2.2573 | PPO=-0.0006 | BC= 0.4283 | bc_lambda=0.076 | WR(baseline)=60.0% | WR(smart)=54.0% | Eps=190
[2026-07-21 16:03:44,313] INFO - Step 2755: Loss= 3.0533 | PPO=-0.0001 | BC= 0.4366 | bc_lambda=0.076 | WR(baseline)=50.0% | WR(smart)=62.0% | Eps=189
[2026-07-21 16:03:45,173] INFO - Step 2760: Loss= 2.7225 | PPO=-0.0008 | BC= 0.4236 | bc_lambda=0.076 | WR(baseline)=54.0% | WR(smart)=58.0% | Eps=186
[2026-07-21 16:03:46,033] INFO - Step 2765: Loss= 2.2290 | PPO=-0.0011 | BC= 0.4638 | bc_lambda=0.076 | WR(baseline)=46.0% | WR(smart)=48.0% | Eps=185
[2026-07-21 16:03:46,901] INFO - Step 2770: Loss= 2.7469 | PPO=-0.0006 | BC= 0.4133 | bc_lambda=0.075 | WR(baseline)=58.0% | WR(smart)=60.0% | Eps=184
[2026-07-21 16:03:47,761] INFO - Step 2775: Loss= 2.2247 | PPO=-0.0005 | BC= 0.4555 | bc_lambda=0.075 | WR(baseline)=58.0% | WR(smart)=68.0% | Eps=185
[2026-07-21 16:03:48,625] INFO - Step 2780: Loss= 2.2792 | PPO=-0.0024 | BC= 0.4304 | bc_lambda=0.075 | WR(baseline)=58.0% | WR(smart)=64.0% | Eps=185
[2026-07-21 16:03:49,496] INFO - Step 2785: Loss= 2.8525 | PPO=-0.0002 | BC= 0.4618 | bc_lambda=0.075 | WR(baseline)=60.0% | WR(smart)=54.0% | Eps=190
[2026-07-21 16:03:50,351] INFO - Step 2790: Loss= 2.2464 | PPO=-0.0014 | BC= 0.4376 | bc_lambda=0.074 | WR(baseline)=40.0% | WR(smart)=64.0% | Eps=187
[2026-07-21 16:03:51,204] INFO - Step 2795: Loss= 2.3333 | PPO=-0.0009 | BC= 0.4655 | bc_lambda=0.074 | WR(baseline)=54.0% | WR(smart)=68.0% | Eps=187
[2026-07-21 16:03:52,063] INFO - Step 2800: Loss= 2.2386 | PPO=-0.0019 | BC= 0.4547 | bc_lambda=0.074 | WR(baseline)=38.0% | WR(smart)=52.0% | Eps=190
[2026-07-21 16:03:52,923] INFO - Step 2805: Loss= 2.6960 | PPO=-0.0002 | BC= 0.4397 | bc_lambda=0.074 | WR(baseline)=56.0% | WR(smart)=68.0% | Eps=188
[2026-07-21 16:03:53,789] INFO - Step 2810: Loss= 3.0365 | PPO=-0.0016 | BC= 0.4373 | bc_lambda=0.074 | WR(baseline)=50.0% | WR(smart)=58.0% | Eps=185
[2026-07-21 16:03:54,644] INFO - Step 2815: Loss= 2.6242 | PPO=-0.0009 | BC= 0.4297 | bc_lambda=0.073 | WR(baseline)=52.0% | WR(smart)=42.0% | Eps=188
[2026-07-21 16:03:55,513] INFO - Step 2820: Loss= 3.0458 | PPO=-0.0016 | BC= 0.4025 | bc_lambda=0.073 | WR(baseline)=60.0% | WR(smart)=52.0% | Eps=186
[2026-07-21 16:03:56,397] INFO - Step 2825: Loss= 2.0367 | PPO=-0.0010 | BC= 0.4005 | bc_lambda=0.073 | WR(baseline)=44.0% | WR(smart)=60.0% | Eps=185
[2026-07-21 16:03:57,271] INFO - Step 2830: Loss= 2.6621 | PPO=-0.0010 | BC= 0.4239 | bc_lambda=0.073 | WR(baseline)=52.0% | WR(smart)=46.0% | Eps=184
[2026-07-21 16:03:58,153] INFO - Step 2835: Loss= 2.5601 | PPO=-0.0005 | BC= 0.4390 | bc_lambda=0.072 | WR(baseline)=52.0% | WR(smart)=50.0% | Eps=186
[2026-07-21 16:03:59,023] INFO - Step 2840: Loss= 2.9708 | PPO=-0.0004 | BC= 0.4230 | bc_lambda=0.072 | WR(baseline)=58.0% | WR(smart)=54.0% | Eps=185
[2026-07-21 16:03:59,889] INFO - Step 2845: Loss= 2.4286 | PPO=-0.0013 | BC= 0.4316 | bc_lambda=0.072 | WR(baseline)=62.0% | WR(smart)=54.0% | Eps=187
[2026-07-21 16:04:00,759] INFO - Step 2850: Loss= 2.4402 | PPO=-0.0013 | BC= 0.4249 | bc_lambda=0.072 | WR(baseline)=60.0% | WR(smart)=58.0% | Eps=188
[2026-07-21 16:04:01,624] INFO - Step 2855: Loss= 2.5583 | PPO=-0.0003 | BC= 0.3973 | bc_lambda=0.072 | WR(baseline)=56.0% | WR(smart)=56.0% | Eps=186
[2026-07-21 16:04:02,490] INFO - Step 2860: Loss= 2.4673 | PPO=-0.0003 | BC= 0.4404 | bc_lambda=0.071 | WR(baseline)=46.0% | WR(smart)=54.0% | Eps=188
[2026-07-21 16:04:03,357] INFO - Step 2865: Loss= 2.5640 | PPO=-0.0010 | BC= 0.4560 | bc_lambda=0.071 | WR(baseline)=42.0% | WR(smart)=48.0% | Eps=184
[2026-07-21 16:04:04,220] INFO - Step 2870: Loss= 2.5804 | PPO=-0.0025 | BC= 0.4435 | bc_lambda=0.071 | WR(baseline)=42.0% | WR(smart)=56.0% | Eps=187
[2026-07-21 16:04:05,091] INFO - Step 2875: Loss= 2.6363 | PPO=-0.0010 | BC= 0.4032 | bc_lambda=0.071 | WR(baseline)=50.0% | WR(smart)=46.0% | Eps=186
[2026-07-21 16:04:05,946] INFO - Step 2880: Loss= 2.4835 | PPO=-0.0013 | BC= 0.4237 | bc_lambda=0.070 | WR(baseline)=44.0% | WR(smart)=54.0% | Eps=185
[2026-07-21 16:04:06,814] INFO - Step 2885: Loss= 2.6881 | PPO=-0.0002 | BC= 0.4279 | bc_lambda=0.070 | WR(baseline)=44.0% | WR(smart)=56.0% | Eps=186
[2026-07-21 16:04:07,688] INFO - Step 2890: Loss= 2.5407 | PPO=-0.0007 | BC= 0.4369 | bc_lambda=0.070 | WR(baseline)=54.0% | WR(smart)=64.0% | Eps=186
[2026-07-21 16:04:08,555] INFO - Step 2895: Loss= 2.3459 | PPO=-0.0004 | BC= 0.4385 | bc_lambda=0.070 | WR(baseline)=42.0% | WR(smart)=56.0% | Eps=186
[2026-07-21 16:04:09,414] INFO - Step 2900: Loss= 2.8561 | PPO=-0.0012 | BC= 0.4132 | bc_lambda=0.070 | WR(baseline)=40.0% | WR(smart)=54.0% | Eps=184
[2026-07-21 16:04:10,293] INFO - Step 2905: Loss= 2.8155 | PPO=-0.0001 | BC= 0.4342 | bc_lambda=0.069 | WR(baseline)=50.0% | WR(smart)=58.0% | Eps=186
[2026-07-21 16:04:11,160] INFO - Step 2910: Loss= 2.7936 | PPO=-0.0004 | BC= 0.4294 | bc_lambda=0.069 | WR(baseline)=52.0% | WR(smart)=60.0% | Eps=187
[2026-07-21 16:04:12,027] INFO - Step 2915: Loss= 2.3597 | PPO=-0.0006 | BC= 0.4487 | bc_lambda=0.069 | WR(baseline)=64.0% | WR(smart)=60.0% | Eps=185
[2026-07-21 16:04:12,904] INFO - Step 2920: Loss= 2.3403 | PPO=-0.0006 | BC= 0.4475 | bc_lambda=0.069 | WR(baseline)=50.0% | WR(smart)=60.0% | Eps=184
[2026-07-21 16:04:13,759] INFO - Step 2925: Loss= 2.6610 | PPO=-0.0017 | BC= 0.4547 | bc_lambda=0.068 | WR(baseline)=48.0% | WR(smart)=62.0% | Eps=186
[2026-07-21 16:04:14,619] INFO - Step 2930: Loss= 3.2074 | PPO=-0.0005 | BC= 0.4048 | bc_lambda=0.068 | WR(baseline)=62.0% | WR(smart)=46.0% | Eps=186
[2026-07-21 16:04:15,488] INFO - Step 2935: Loss= 2.2219 | PPO=-0.0004 | BC= 0.4068 | bc_lambda=0.068 | WR(baseline)=50.0% | WR(smart)=58.0% | Eps=186
[2026-07-21 16:04:16,342] INFO - Step 2940: Loss= 2.5085 | PPO=-0.0004 | BC= 0.4259 | bc_lambda=0.068 | WR(baseline)=54.0% | WR(smart)=50.0% | Eps=187
[2026-07-21 16:04:17,215] INFO - Step 2945: Loss= 2.7808 | PPO=-0.0007 | BC= 0.4224 | bc_lambda=0.067 | WR(baseline)=44.0% | WR(smart)=42.0% | Eps=188
[2026-07-21 16:04:18,081] INFO - Step 2950: Loss= 2.4581 | PPO=-0.0012 | BC= 0.4547 | bc_lambda=0.067 | WR(baseline)=62.0% | WR(smart)=56.0% | Eps=183
[2026-07-21 16:04:18,945] INFO - Step 2955: Loss= 2.7063 | PPO=-0.0005 | BC= 0.5276 | bc_lambda=0.067 | WR(baseline)=52.0% | WR(smart)=50.0% | Eps=186
[2026-07-21 16:04:19,819] INFO - Step 2960: Loss= 2.6595 | PPO=-0.0008 | BC= 0.4489 | bc_lambda=0.067 | WR(baseline)=54.0% | WR(smart)=50.0% | Eps=187
[2026-07-21 16:04:20,677] INFO - Step 2965: Loss= 2.4641 | PPO=-0.0006 | BC= 0.4327 | bc_lambda=0.067 | WR(baseline)=72.0% | WR(smart)=46.0% | Eps=183
[2026-07-21 16:04:21,546] INFO - Step 2970: Loss= 2.3889 | PPO=-0.0008 | BC= 0.4493 | bc_lambda=0.066 | WR(baseline)=36.0% | WR(smart)=60.0% | Eps=183
[2026-07-21 16:04:22,426] INFO - Step 2975: Loss= 2.6241 | PPO=-0.0007 | BC= 0.4529 | bc_lambda=0.066 | WR(baseline)=64.0% | WR(smart)=50.0% | Eps=185
[2026-07-21 16:04:23,293] INFO - Step 2980: Loss= 2.1798 | PPO=-0.0001 | BC= 0.4450 | bc_lambda=0.066 | WR(baseline)=62.0% | WR(smart)=66.0% | Eps=187
[2026-07-21 16:04:24,167] INFO - Step 2985: Loss= 2.5468 | PPO=-0.0009 | BC= 0.4521 | bc_lambda=0.066 | WR(baseline)=38.0% | WR(smart)=54.0% | Eps=185
[2026-07-21 16:04:25,028] INFO - Step 2990: Loss= 2.3110 | PPO=-0.0015 | BC= 0.5298 | bc_lambda=0.065 | WR(baseline)=52.0% | WR(smart)=48.0% | Eps=185
[2026-07-21 16:04:25,885] INFO - Step 2995: Loss= 2.4688 | PPO=-0.0008 | BC= 0.5040 | bc_lambda=0.065 | WR(baseline)=46.0% | WR(smart)=56.0% | Eps=186
[2026-07-21 16:04:26,749] INFO - Step 3000: Loss= 2.5436 | PPO=-0.0006 | BC= 0.4869 | bc_lambda=0.065 | WR(baseline)=62.0% | WR(smart)=56.0% | Eps=183
[2026-07-21 16:04:27,629] INFO - Step 3005: Loss= 2.4837 | PPO=-0.0016 | BC= 0.4285 | bc_lambda=0.065 | WR(baseline)=42.0% | WR(smart)=50.0% | Eps=185
[2026-07-21 16:04:28,501] INFO - Step 3010: Loss= 2.2697 | PPO=-0.0013 | BC= 0.4266 | bc_lambda=0.065 | WR(baseline)=54.0% | WR(smart)=64.0% | Eps=185
[2026-07-21 16:04:29,353] INFO - Step 3015: Loss= 2.4904 | PPO=-0.0001 | BC= 0.4161 | bc_lambda=0.064 | WR(baseline)=54.0% | WR(smart)=52.0% | Eps=188
[2026-07-21 16:04:30,229] INFO - Step 3020: Loss= 2.4563 | PPO=-0.0012 | BC= 0.4672 | bc_lambda=0.064 | WR(baseline)=54.0% | WR(smart)=48.0% | Eps=183
[2026-07-21 16:04:31,092] INFO - Step 3025: Loss= 2.8135 | PPO=-0.0011 | BC= 0.4756 | bc_lambda=0.064 | WR(baseline)=54.0% | WR(smart)=48.0% | Eps=185
[2026-07-21 16:04:31,967] INFO - Step 3030: Loss= 2.3660 | PPO=-0.0017 | BC= 0.4730 | bc_lambda=0.064 | WR(baseline)=50.0% | WR(smart)=64.0% | Eps=188
[2026-07-21 16:04:32,828] INFO - Step 3035: Loss= 2.2839 | PPO=-0.0006 | BC= 0.4381 | bc_lambda=0.063 | WR(baseline)=48.0% | WR(smart)=38.0% | Eps=184
[2026-07-21 16:04:33,686] INFO - Step 3040: Loss= 2.4613 | PPO=-0.0006 | BC= 0.4945 | bc_lambda=0.063 | WR(baseline)=50.0% | WR(smart)=52.0% | Eps=186
[2026-07-21 16:04:34,551] INFO - Step 3045: Loss= 2.1371 | PPO=-0.0009 | BC= 0.4523 | bc_lambda=0.063 | WR(baseline)=68.0% | WR(smart)=42.0% | Eps=187
[2026-07-21 16:04:35,399] INFO - Step 3050: Loss= 2.3922 | PPO=-0.0004 | BC= 0.4533 | bc_lambda=0.063 | WR(baseline)=60.0% | WR(smart)=64.0% | Eps=185
[2026-07-21 16:04:36,258] INFO - Step 3055: Loss= 2.0623 | PPO=-0.0009 | BC= 0.4525 | bc_lambda=0.063 | WR(baseline)=52.0% | WR(smart)=56.0% | Eps=187
[2026-07-21 16:04:37,119] INFO - Step 3060: Loss= 2.7270 | PPO=-0.0016 | BC= 0.4169 | bc_lambda=0.062 | WR(baseline)=44.0% | WR(smart)=56.0% | Eps=185
[2026-07-21 16:04:37,982] INFO - Step 3065: Loss= 1.9864 | PPO=-0.0009 | BC= 0.4252 | bc_lambda=0.062 | WR(baseline)=60.0% | WR(smart)=54.0% | Eps=187
[2026-07-21 16:04:38,847] INFO - Step 3070: Loss= 2.5317 | PPO=-0.0007 | BC= 0.4533 | bc_lambda=0.062 | WR(baseline)=54.0% | WR(smart)=42.0% | Eps=185
[2026-07-21 16:04:39,705] INFO - Step 3075: Loss= 2.5075 | PPO=-0.0010 | BC= 0.4705 | bc_lambda=0.062 | WR(baseline)=60.0% | WR(smart)=52.0% | Eps=186
[2026-07-21 16:04:40,565] INFO - Step 3080: Loss= 2.7927 | PPO=-0.0024 | BC= 0.4808 | bc_lambda=0.061 | WR(baseline)=58.0% | WR(smart)=56.0% | Eps=184
[2026-07-21 16:04:41,444] INFO - Step 3085: Loss= 2.6105 | PPO=-0.0004 | BC= 0.4643 | bc_lambda=0.061 | WR(baseline)=50.0% | WR(smart)=52.0% | Eps=187
[2026-07-21 16:04:42,314] INFO - Step 3090: Loss= 2.4318 | PPO=-0.0018 | BC= 0.4251 | bc_lambda=0.061 | WR(baseline)=56.0% | WR(smart)=52.0% | Eps=186
[2026-07-21 16:04:43,193] INFO - Step 3095: Loss= 2.6702 | PPO=-0.0016 | BC= 0.4317 | bc_lambda=0.061 | WR(baseline)=54.0% | WR(smart)=52.0% | Eps=187
[2026-07-21 16:04:44,069] INFO - Step 3100: Loss= 2.3537 | PPO=-0.0002 | BC= 0.4426 | bc_lambda=0.061 | WR(baseline)=54.0% | WR(smart)=54.0% | Eps=186
[2026-07-21 16:04:44,937] INFO - Step 3105: Loss= 2.6213 | PPO=-0.0013 | BC= 0.4419 | bc_lambda=0.060 | WR(baseline)=62.0% | WR(smart)=66.0% | Eps=185
[2026-07-21 16:04:45,807] INFO - Step 3110: Loss= 1.8493 | PPO=-0.0003 | BC= 0.4264 | bc_lambda=0.060 | WR(baseline)=50.0% | WR(smart)=50.0% | Eps=188
[2026-07-21 16:04:46,678] INFO - Step 3115: Loss= 2.7630 | PPO=-0.0003 | BC= 0.4668 | bc_lambda=0.060 | WR(baseline)=54.0% | WR(smart)=58.0% | Eps=187
[2026-07-21 16:04:47,549] INFO - Step 3120: Loss= 2.5328 | PPO=-0.0014 | BC= 0.4431 | bc_lambda=0.060 | WR(baseline)=48.0% | WR(smart)=64.0% | Eps=186
[2026-07-21 16:04:48,403] INFO - Step 3125: Loss= 2.5682 | PPO=-0.0008 | BC= 0.4840 | bc_lambda=0.059 | WR(baseline)=50.0% | WR(smart)=44.0% | Eps=186
[2026-07-21 16:04:49,254] INFO - Step 3130: Loss= 2.7130 | PPO=-0.0010 | BC= 0.5404 | bc_lambda=0.059 | WR(baseline)=62.0% | WR(smart)=56.0% | Eps=186
[2026-07-21 16:04:50,114] INFO - Step 3135: Loss= 2.4750 | PPO=-0.0008 | BC= 0.5016 | bc_lambda=0.059 | WR(baseline)=50.0% | WR(smart)=54.0% | Eps=183
[2026-07-21 16:04:50,977] INFO - Step 3140: Loss= 2.7076 | PPO=-0.0002 | BC= 0.4746 | bc_lambda=0.059 | WR(baseline)=54.0% | WR(smart)=66.0% | Eps=186
[2026-07-21 16:04:51,850] INFO - Step 3145: Loss= 2.3560 | PPO=-0.0007 | BC= 0.4897 | bc_lambda=0.058 | WR(baseline)=36.0% | WR(smart)=46.0% | Eps=184
[2026-07-21 16:04:52,715] INFO - Step 3150: Loss= 2.4121 | PPO=-0.0007 | BC= 0.4883 | bc_lambda=0.058 | WR(baseline)=54.0% | WR(smart)=42.0% | Eps=186
[2026-07-21 16:04:53,587] INFO - Step 3155: Loss= 2.7061 | PPO=-0.0014 | BC= 0.5027 | bc_lambda=0.058 | WR(baseline)=58.0% | WR(smart)=54.0% | Eps=184
[2026-07-21 16:04:54,466] INFO - Step 3160: Loss= 2.5687 | PPO=-0.0015 | BC= 0.4796 | bc_lambda=0.058 | WR(baseline)=70.0% | WR(smart)=54.0% | Eps=186
[2026-07-21 16:04:55,342] INFO - Step 3165: Loss= 2.6396 | PPO=-0.0007 | BC= 0.4757 | bc_lambda=0.058 | WR(baseline)=54.0% | WR(smart)=50.0% | Eps=189
[2026-07-21 16:04:56,210] INFO - Step 3170: Loss= 2.3846 | PPO=-0.0005 | BC= 0.4585 | bc_lambda=0.057 | WR(baseline)=52.0% | WR(smart)=52.0% | Eps=186
[2026-07-21 16:04:57,074] INFO - Step 3175: Loss= 2.2623 | PPO=-0.0016 | BC= 0.5052 | bc_lambda=0.057 | WR(baseline)=62.0% | WR(smart)=60.0% | Eps=183
[2026-07-21 16:04:57,941] INFO - Step 3180: Loss= 2.6505 | PPO=-0.0017 | BC= 0.5272 | bc_lambda=0.057 | WR(baseline)=52.0% | WR(smart)=64.0% | Eps=183
[2026-07-21 16:04:58,813] INFO - Step 3185: Loss= 2.2461 | PPO=-0.0017 | BC= 0.4685 | bc_lambda=0.057 | WR(baseline)=64.0% | WR(smart)=58.0% | Eps=182
[2026-07-21 16:04:59,683] INFO - Step 3190: Loss= 2.4979 | PPO=-0.0001 | BC= 0.4836 | bc_lambda=0.056 | WR(baseline)=46.0% | WR(smart)=44.0% | Eps=183
[2026-07-21 16:05:00,551] INFO - Step 3195: Loss= 2.1389 | PPO=-0.0002 | BC= 0.4590 | bc_lambda=0.056 | WR(baseline)=52.0% | WR(smart)=48.0% | Eps=183
[2026-07-21 16:05:01,413] INFO - Step 3200: Loss= 2.8285 | PPO=-0.0008 | BC= 0.4876 | bc_lambda=0.056 | WR(baseline)=52.0% | WR(smart)=66.0% | Eps=188
[2026-07-21 16:05:02,279] INFO - Step 3205: Loss= 3.0356 | PPO=-0.0005 | BC= 0.4553 | bc_lambda=0.056 | WR(baseline)=66.0% | WR(smart)=60.0% | Eps=187
[2026-07-21 16:05:03,153] INFO - Step 3210: Loss= 2.3405 | PPO=-0.0005 | BC= 0.4698 | bc_lambda=0.056 | WR(baseline)=42.0% | WR(smart)=54.0% | Eps=186
[2026-07-21 16:05:04,013] INFO - Step 3215: Loss= 2.2681 | PPO=-0.0007 | BC= 0.5103 | bc_lambda=0.055 | WR(baseline)=58.0% | WR(smart)=54.0% | Eps=188
[2026-07-21 16:05:04,890] INFO - Step 3220: Loss= 2.6812 | PPO=-0.0007 | BC= 0.4989 | bc_lambda=0.055 | WR(baseline)=50.0% | WR(smart)=66.0% | Eps=186
[2026-07-21 16:05:05,753] INFO - Step 3225: Loss= 2.7074 | PPO= 0.0001 | BC= 0.4894 | bc_lambda=0.055 | WR(baseline)=52.0% | WR(smart)=44.0% | Eps=183
[2026-07-21 16:05:06,609] INFO - Step 3230: Loss= 2.5114 | PPO=-0.0014 | BC= 0.4675 | bc_lambda=0.055 | WR(baseline)=64.0% | WR(smart)=54.0% | Eps=182
[2026-07-21 16:05:07,481] INFO - Step 3235: Loss= 2.6643 | PPO=-0.0006 | BC= 0.5228 | bc_lambda=0.054 | WR(baseline)=56.0% | WR(smart)=62.0% | Eps=185
[2026-07-21 16:05:08,339] INFO - Step 3240: Loss= 3.0254 | PPO=-0.0011 | BC= 0.4623 | bc_lambda=0.054 | WR(baseline)=64.0% | WR(smart)=58.0% | Eps=188
[2026-07-21 16:05:09,208] INFO - Step 3245: Loss= 2.6581 | PPO=-0.0012 | BC= 0.4947 | bc_lambda=0.054 | WR(baseline)=54.0% | WR(smart)=56.0% | Eps=187
[2026-07-21 16:05:10,087] INFO - Step 3250: Loss= 2.5177 | PPO=-0.0008 | BC= 0.4824 | bc_lambda=0.054 | WR(baseline)=52.0% | WR(smart)=64.0% | Eps=185
[2026-07-21 16:05:10,957] INFO - Step 3255: Loss= 2.3920 | PPO=-0.0001 | BC= 0.4845 | bc_lambda=0.054 | WR(baseline)=58.0% | WR(smart)=48.0% | Eps=185
[2026-07-21 16:05:11,817] INFO - Step 3260: Loss= 2.8489 | PPO= 0.0007 | BC= 0.4523 | bc_lambda=0.053 | WR(baseline)=56.0% | WR(smart)=62.0% | Eps=185
[2026-07-21 16:05:12,674] INFO - Step 3265: Loss= 2.4945 | PPO=-0.0015 | BC= 0.4837 | bc_lambda=0.053 | WR(baseline)=52.0% | WR(smart)=56.0% | Eps=186
[2026-07-21 16:05:13,546] INFO - Step 3270: Loss= 2.2039 | PPO=-0.0007 | BC= 0.5142 | bc_lambda=0.053 | WR(baseline)=48.0% | WR(smart)=56.0% | Eps=185
[2026-07-21 16:05:14,410] INFO - Step 3275: Loss= 2.3289 | PPO=-0.0010 | BC= 0.5120 | bc_lambda=0.053 | WR(baseline)=62.0% | WR(smart)=50.0% | Eps=182
[2026-07-21 16:05:15,271] INFO - Step 3280: Loss= 2.6376 | PPO=-0.0015 | BC= 0.5004 | bc_lambda=0.052 | WR(baseline)=56.0% | WR(smart)=42.0% | Eps=182
[2026-07-21 16:05:16,136] INFO - Step 3285: Loss= 2.1390 | PPO=-0.0019 | BC= 0.4805 | bc_lambda=0.052 | WR(baseline)=50.0% | WR(smart)=44.0% | Eps=188
[2026-07-21 16:05:17,004] INFO - Step 3290: Loss= 2.4839 | PPO=-0.0007 | BC= 0.4856 | bc_lambda=0.052 | WR(baseline)=62.0% | WR(smart)=58.0% | Eps=186
[2026-07-21 16:05:17,866] INFO - Step 3295: Loss= 2.6347 | PPO=-0.0020 | BC= 0.5235 | bc_lambda=0.052 | WR(baseline)=60.0% | WR(smart)=52.0% | Eps=186
[2026-07-21 16:05:18,734] INFO - Step 3300: Loss= 1.9305 | PPO=-0.0013 | BC= 0.5056 | bc_lambda=0.052 | WR(baseline)=48.0% | WR(smart)=50.0% | Eps=184
[2026-07-21 16:05:19,596] INFO - Step 3305: Loss= 2.1692 | PPO=-0.0012 | BC= 0.4887 | bc_lambda=0.051 | WR(baseline)=64.0% | WR(smart)=54.0% | Eps=184
[2026-07-21 16:05:20,462] INFO - Step 3310: Loss= 2.5459 | PPO=-0.0005 | BC= 0.5213 | bc_lambda=0.051 | WR(baseline)=58.0% | WR(smart)=52.0% | Eps=187
[2026-07-21 16:05:21,336] INFO - Step 3315: Loss= 2.4063 | PPO=-0.0027 | BC= 0.5198 | bc_lambda=0.051 | WR(baseline)=46.0% | WR(smart)=56.0% | Eps=185
[2026-07-21 16:05:22,229] INFO - Step 3320: Loss= 2.6239 | PPO=-0.0007 | BC= 0.4911 | bc_lambda=0.051 | WR(baseline)=40.0% | WR(smart)=50.0% | Eps=183
[2026-07-21 16:05:23,087] INFO - Step 3325: Loss= 2.3547 | PPO=-0.0006 | BC= 0.5084 | bc_lambda=0.050 | WR(baseline)=50.0% | WR(smart)=50.0% | Eps=185
[2026-07-21 16:05:23,936] INFO - Step 3330: Loss= 2.8406 | PPO= 0.0003 | BC= 0.4520 | bc_lambda=0.050 | WR(baseline)=66.0% | WR(smart)=48.0% | Eps=186
[2026-07-21 16:05:24,796] INFO - Step 3335: Loss= 2.4278 | PPO=-0.0004 | BC= 0.4703 | bc_lambda=0.050 | WR(baseline)=58.0% | WR(smart)=44.0% | Eps=184
[2026-07-21 16:05:25,665] INFO - Step 3340: Loss= 2.3784 | PPO=-0.0007 | BC= 0.4812 | bc_lambda=0.050 | WR(baseline)=66.0% | WR(smart)=52.0% | Eps=183
[2026-07-21 16:05:26,526] INFO - Step 3345: Loss= 2.8023 | PPO=-0.0016 | BC= 0.4664 | bc_lambda=0.049 | WR(baseline)=60.0% | WR(smart)=60.0% | Eps=182
[2026-07-21 16:05:27,386] INFO - Step 3350: Loss= 2.4095 | PPO=-0.0018 | BC= 0.4764 | bc_lambda=0.049 | WR(baseline)=60.0% | WR(smart)=62.0% | Eps=184
[2026-07-21 16:05:28,261] INFO - Step 3355: Loss= 2.5577 | PPO=-0.0010 | BC= 0.4547 | bc_lambda=0.049 | WR(baseline)=58.0% | WR(smart)=52.0% | Eps=187
[2026-07-21 16:05:29,137] INFO - Step 3360: Loss= 2.8119 | PPO=-0.0014 | BC= 0.4100 | bc_lambda=0.049 | WR(baseline)=46.0% | WR(smart)=42.0% | Eps=184
[2026-07-21 16:05:30,009] INFO - Step 3365: Loss= 2.0262 | PPO=-0.0021 | BC= 0.4754 | bc_lambda=0.049 | WR(baseline)=52.0% | WR(smart)=64.0% | Eps=184
[2026-07-21 16:05:30,883] INFO - Step 3370: Loss= 2.5332 | PPO=-0.0002 | BC= 0.4625 | bc_lambda=0.048 | WR(baseline)=52.0% | WR(smart)=56.0% | Eps=185
[2026-07-21 16:05:31,767] INFO - Step 3375: Loss= 2.1932 | PPO=-0.0018 | BC= 0.4875 | bc_lambda=0.048 | WR(baseline)=44.0% | WR(smart)=64.0% | Eps=183
[2026-07-21 16:05:32,627] INFO - Step 3380: Loss= 2.7927 | PPO=-0.0015 | BC= 0.4346 | bc_lambda=0.048 | WR(baseline)=52.0% | WR(smart)=66.0% | Eps=186
[2026-07-21 16:05:33,498] INFO - Step 3385: Loss= 2.4220 | PPO=-0.0015 | BC= 0.4864 | bc_lambda=0.048 | WR(baseline)=52.0% | WR(smart)=48.0% | Eps=185
[2026-07-21 16:05:34,361] INFO - Step 3390: Loss= 2.3887 | PPO=-0.0018 | BC= 0.5355 | bc_lambda=0.047 | WR(baseline)=64.0% | WR(smart)=64.0% | Eps=184
[2026-07-21 16:05:35,227] INFO - Step 3395: Loss= 2.0907 | PPO=-0.0011 | BC= 0.4670 | bc_lambda=0.047 | WR(baseline)=62.0% | WR(smart)=68.0% | Eps=183
[2026-07-21 16:05:36,088] INFO - Step 3400: Loss= 2.7581 | PPO=-0.0012 | BC= 0.5053 | bc_lambda=0.047 | WR(baseline)=52.0% | WR(smart)=56.0% | Eps=183
[2026-07-21 16:05:36,941] INFO - Step 3405: Loss= 2.1018 | PPO=-0.0011 | BC= 0.5161 | bc_lambda=0.047 | WR(baseline)=52.0% | WR(smart)=58.0% | Eps=182
[2026-07-21 16:05:37,808] INFO - Step 3410: Loss= 2.3064 | PPO=-0.0015 | BC= 0.4871 | bc_lambda=0.047 | WR(baseline)=66.0% | WR(smart)=52.0% | Eps=184
[2026-07-21 16:05:38,671] INFO - Step 3415: Loss= 2.2433 | PPO=-0.0013 | BC= 0.4732 | bc_lambda=0.046 | WR(baseline)=64.0% | WR(smart)=56.0% | Eps=185
[2026-07-21 16:05:39,543] INFO - Step 3420: Loss= 2.3752 | PPO=-0.0010 | BC= 0.5041 | bc_lambda=0.046 | WR(baseline)=52.0% | WR(smart)=66.0% | Eps=184
[2026-07-21 16:05:40,415] INFO - Step 3425: Loss= 2.7761 | PPO=-0.0007 | BC= 0.5067 | bc_lambda=0.046 | WR(baseline)=68.0% | WR(smart)=58.0% | Eps=183
[2026-07-21 16:05:41,285] INFO - Step 3430: Loss= 2.1822 | PPO=-0.0010 | BC= 0.5077 | bc_lambda=0.046 | WR(baseline)=58.0% | WR(smart)=64.0% | Eps=186
[2026-07-21 16:05:42,143] INFO - Step 3435: Loss= 2.6347 | PPO=-0.0019 | BC= 0.4789 | bc_lambda=0.045 | WR(baseline)=62.0% | WR(smart)=62.0% | Eps=186
[2026-07-21 16:05:43,007] INFO - Step 3440: Loss= 2.3294 | PPO=-0.0017 | BC= 0.5272 | bc_lambda=0.045 | WR(baseline)=42.0% | WR(smart)=52.0% | Eps=184
[2026-07-21 16:05:43,876] INFO - Step 3445: Loss= 2.4875 | PPO=-0.0009 | BC= 0.4831 | bc_lambda=0.045 | WR(baseline)=54.0% | WR(smart)=62.0% | Eps=184
[2026-07-21 16:05:44,737] INFO - Step 3450: Loss= 2.5383 | PPO=-0.0018 | BC= 0.5095 | bc_lambda=0.045 | WR(baseline)=50.0% | WR(smart)=56.0% | Eps=186
[2026-07-21 16:05:45,595] INFO - Step 3455: Loss= 2.5018 | PPO=-0.0008 | BC= 0.5129 | bc_lambda=0.045 | WR(baseline)=46.0% | WR(smart)=48.0% | Eps=186
[2026-07-21 16:05:46,467] INFO - Step 3460: Loss= 2.5444 | PPO=-0.0012 | BC= 0.5708 | bc_lambda=0.044 | WR(baseline)=58.0% | WR(smart)=56.0% | Eps=186
[2026-07-21 16:05:47,338] INFO - Step 3465: Loss= 2.2450 | PPO=-0.0004 | BC= 0.5642 | bc_lambda=0.044 | WR(baseline)=52.0% | WR(smart)=46.0% | Eps=184
[2026-07-21 16:05:48,200] INFO - Step 3470: Loss= 2.6453 | PPO= 0.0001 | BC= 0.4621 | bc_lambda=0.044 | WR(baseline)=66.0% | WR(smart)=62.0% | Eps=183
[2026-07-21 16:05:49,061] INFO - Step 3475: Loss= 3.1611 | PPO=-0.0019 | BC= 0.4939 | bc_lambda=0.044 | WR(baseline)=74.0% | WR(smart)=64.0% | Eps=184
[2026-07-21 16:05:49,926] INFO - Step 3480: Loss= 2.1336 | PPO=-0.0005 | BC= 0.5456 | bc_lambda=0.043 | WR(baseline)=52.0% | WR(smart)=62.0% | Eps=184
[2026-07-21 16:05:50,791] INFO - Step 3485: Loss= 2.5282 | PPO=-0.0008 | BC= 0.5241 | bc_lambda=0.043 | WR(baseline)=54.0% | WR(smart)=66.0% | Eps=184
[2026-07-21 16:05:51,660] INFO - Step 3490: Loss= 2.1009 | PPO=-0.0007 | BC= 0.5261 | bc_lambda=0.043 | WR(baseline)=54.0% | WR(smart)=60.0% | Eps=184
[2026-07-21 16:05:52,526] INFO - Step 3495: Loss= 2.2422 | PPO=-0.0013 | BC= 0.5627 | bc_lambda=0.043 | WR(baseline)=48.0% | WR(smart)=44.0% | Eps=181
[2026-07-21 16:05:53,394] INFO - Step 3500: Loss= 2.2547 | PPO=-0.0010 | BC= 0.5287 | bc_lambda=0.043 | WR(baseline)=56.0% | WR(smart)=70.0% | Eps=181
[2026-07-21 16:05:54,264] INFO - Step 3505: Loss= 2.2202 | PPO=-0.0021 | BC= 0.4937 | bc_lambda=0.042 | WR(baseline)=66.0% | WR(smart)=52.0% | Eps=182
[2026-07-21 16:05:55,127] INFO - Step 3510: Loss= 2.1330 | PPO= 0.0001 | BC= 0.5078 | bc_lambda=0.042 | WR(baseline)=38.0% | WR(smart)=48.0% | Eps=183
[2026-07-21 16:05:55,986] INFO - Step 3515: Loss= 1.9669 | PPO=-0.0022 | BC= 0.5011 | bc_lambda=0.042 | WR(baseline)=54.0% | WR(smart)=58.0% | Eps=185
[2026-07-21 16:05:56,856] INFO - Step 3520: Loss= 2.5179 | PPO=-0.0014 | BC= 0.4778 | bc_lambda=0.042 | WR(baseline)=60.0% | WR(smart)=50.0% | Eps=181
[2026-07-21 16:05:57,734] INFO - Step 3525: Loss= 2.4500 | PPO=-0.0001 | BC= 0.4903 | bc_lambda=0.041 | WR(baseline)=52.0% | WR(smart)=54.0% | Eps=181
[2026-07-21 16:05:58,605] INFO - Step 3530: Loss= 2.1334 | PPO=-0.0006 | BC= 0.5204 | bc_lambda=0.041 | WR(baseline)=50.0% | WR(smart)=52.0% | Eps=186
[2026-07-21 16:05:59,479] INFO - Step 3535: Loss= 2.3675 | PPO=-0.0019 | BC= 0.4783 | bc_lambda=0.041 | WR(baseline)=54.0% | WR(smart)=64.0% | Eps=184
[2026-07-21 16:06:00,360] INFO - Step 3540: Loss= 2.5356 | PPO=-0.0014 | BC= 0.4766 | bc_lambda=0.041 | WR(baseline)=50.0% | WR(smart)=62.0% | Eps=184
[2026-07-21 16:06:01,241] INFO - Step 3545: Loss= 2.5432 | PPO=-0.0015 | BC= 0.5618 | bc_lambda=0.040 | WR(baseline)=66.0% | WR(smart)=66.0% | Eps=182
[2026-07-21 16:06:02,114] INFO - Step 3550: Loss= 2.4446 | PPO=-0.0008 | BC= 0.5768 | bc_lambda=0.040 | WR(baseline)=60.0% | WR(smart)=58.0% | Eps=185
[2026-07-21 16:06:02,996] INFO - Step 3555: Loss= 2.5201 | PPO= 0.0005 | BC= 0.5465 | bc_lambda=0.040 | WR(baseline)=56.0% | WR(smart)=54.0% | Eps=183
[2026-07-21 16:06:03,865] INFO - Step 3560: Loss= 2.2150 | PPO=-0.0005 | BC= 0.4988 | bc_lambda=0.040 | WR(baseline)=54.0% | WR(smart)=64.0% | Eps=186
[2026-07-21 16:06:04,734] INFO - Step 3565: Loss= 2.5594 | PPO=-0.0004 | BC= 0.5678 | bc_lambda=0.040 | WR(baseline)=58.0% | WR(smart)=48.0% | Eps=183
[2026-07-21 16:06:05,607] INFO - Step 3570: Loss= 2.4166 | PPO=-0.0016 | BC= 0.5530 | bc_lambda=0.039 | WR(baseline)=66.0% | WR(smart)=58.0% | Eps=186
[2026-07-21 16:06:06,486] INFO - Step 3575: Loss= 2.2676 | PPO=-0.0014 | BC= 0.5102 | bc_lambda=0.039 | WR(baseline)=50.0% | WR(smart)=56.0% | Eps=184
[2026-07-21 16:06:07,365] INFO - Step 3580: Loss= 2.5474 | PPO=-0.0004 | BC= 0.5628 | bc_lambda=0.039 | WR(baseline)=58.0% | WR(smart)=64.0% | Eps=183
[2026-07-21 16:06:08,238] INFO - Step 3585: Loss= 2.1307 | PPO=-0.0003 | BC= 0.5435 | bc_lambda=0.039 | WR(baseline)=48.0% | WR(smart)=66.0% | Eps=184
[2026-07-21 16:06:09,115] INFO - Step 3590: Loss= 1.8254 | PPO=-0.0017 | BC= 0.5239 | bc_lambda=0.038 | WR(baseline)=52.0% | WR(smart)=74.0% | Eps=183
[2026-07-21 16:06:09,990] INFO - Step 3595: Loss= 1.9552 | PPO=-0.0015 | BC= 0.5358 | bc_lambda=0.038 | WR(baseline)=56.0% | WR(smart)=62.0% | Eps=184
[2026-07-21 16:06:10,864] INFO - Step 3600: Loss= 2.3916 | PPO=-0.0008 | BC= 0.5103 | bc_lambda=0.038 | WR(baseline)=62.0% | WR(smart)=62.0% | Eps=184
[2026-07-21 16:06:11,731] INFO - Step 3605: Loss= 2.1511 | PPO=-0.0015 | BC= 0.5342 | bc_lambda=0.038 | WR(baseline)=56.0% | WR(smart)=58.0% | Eps=182
[2026-07-21 16:06:12,604] INFO - Step 3610: Loss= 2.1571 | PPO=-0.0018 | BC= 0.5595 | bc_lambda=0.038 | WR(baseline)=50.0% | WR(smart)=58.0% | Eps=184
[2026-07-21 16:06:13,470] INFO - Step 3615: Loss= 2.3741 | PPO=-0.0017 | BC= 0.5622 | bc_lambda=0.037 | WR(baseline)=58.0% | WR(smart)=54.0% | Eps=183
[2026-07-21 16:06:14,351] INFO - Step 3620: Loss= 1.8901 | PPO=-0.0014 | BC= 0.5247 | bc_lambda=0.037 | WR(baseline)=48.0% | WR(smart)=54.0% | Eps=182
[2026-07-21 16:06:15,208] INFO - Step 3625: Loss= 2.1519 | PPO=-0.0006 | BC= 0.5177 | bc_lambda=0.037 | WR(baseline)=62.0% | WR(smart)=54.0% | Eps=183
[2026-07-21 16:06:16,081] INFO - Step 3630: Loss= 2.1578 | PPO=-0.0011 | BC= 0.5548 | bc_lambda=0.037 | WR(baseline)=60.0% | WR(smart)=66.0% | Eps=183
[2026-07-21 16:06:16,950] INFO - Step 3635: Loss= 2.7245 | PPO=-0.0006 | BC= 0.5493 | bc_lambda=0.036 | WR(baseline)=52.0% | WR(smart)=62.0% | Eps=184
[2026-07-21 16:06:17,825] INFO - Step 3640: Loss= 2.8581 | PPO=-0.0008 | BC= 0.5094 | bc_lambda=0.036 | WR(baseline)=64.0% | WR(smart)=60.0% | Eps=183
[2026-07-21 16:06:18,705] INFO - Step 3645: Loss= 2.3516 | PPO=-0.0005 | BC= 0.5360 | bc_lambda=0.036 | WR(baseline)=68.0% | WR(smart)=62.0% | Eps=182
[2026-07-21 16:06:19,568] INFO - Step 3650: Loss= 2.4776 | PPO=-0.0010 | BC= 0.5447 | bc_lambda=0.036 | WR(baseline)=54.0% | WR(smart)=62.0% | Eps=184
[2026-07-21 16:06:20,444] INFO - Step 3655: Loss= 2.4559 | PPO=-0.0006 | BC= 0.5649 | bc_lambda=0.036 | WR(baseline)=64.0% | WR(smart)=68.0% | Eps=183
[2026-07-21 16:06:21,348] INFO - Step 3660: Loss= 2.8157 | PPO=-0.0017 | BC= 0.5434 | bc_lambda=0.035 | WR(baseline)=62.0% | WR(smart)=64.0% | Eps=182
[2026-07-21 16:06:22,212] INFO - Step 3665: Loss= 2.2811 | PPO=-0.0004 | BC= 0.5609 | bc_lambda=0.035 | WR(baseline)=54.0% | WR(smart)=60.0% | Eps=184
[2026-07-21 16:06:23,083] INFO - Step 3670: Loss= 2.1969 | PPO=-0.0014 | BC= 0.5355 | bc_lambda=0.035 | WR(baseline)=74.0% | WR(smart)=60.0% | Eps=182
[2026-07-21 16:06:23,946] INFO - Step 3675: Loss= 2.0644 | PPO=-0.0021 | BC= 0.5325 | bc_lambda=0.035 | WR(baseline)=62.0% | WR(smart)=68.0% | Eps=187
[2026-07-21 16:06:24,816] INFO - Step 3680: Loss= 2.5183 | PPO=-0.0012 | BC= 0.5150 | bc_lambda=0.034 | WR(baseline)=60.0% | WR(smart)=50.0% | Eps=183
[2026-07-21 16:06:25,771] INFO - Step 3685: Loss= 2.5517 | PPO=-0.0010 | BC= 0.5534 | bc_lambda=0.034 | WR(baseline)=50.0% | WR(smart)=50.0% | Eps=185
[2026-07-21 16:06:26,726] INFO - Step 3690: Loss= 2.8404 | PPO=-0.0003 | BC= 0.5805 | bc_lambda=0.034 | WR(baseline)=38.0% | WR(smart)=64.0% | Eps=183
[2026-07-21 16:06:27,615] INFO - Step 3695: Loss= 2.1886 | PPO=-0.0002 | BC= 0.5812 | bc_lambda=0.034 | WR(baseline)=46.0% | WR(smart)=60.0% | Eps=182
[2026-07-21 16:06:28,491] INFO - Step 3700: Loss= 2.2694 | PPO=-0.0011 | BC= 0.6278 | bc_lambda=0.034 | WR(baseline)=62.0% | WR(smart)=70.0% | Eps=183
[2026-07-21 16:06:29,390] INFO - Step 3705: Loss= 2.1929 | PPO=-0.0008 | BC= 0.5852 | bc_lambda=0.033 | WR(baseline)=52.0% | WR(smart)=70.0% | Eps=180
[2026-07-21 16:06:30,300] INFO - Step 3710: Loss= 2.5540 | PPO=-0.0011 | BC= 0.5928 | bc_lambda=0.033 | WR(baseline)=44.0% | WR(smart)=70.0% | Eps=182
[2026-07-21 16:06:31,203] INFO - Step 3715: Loss= 2.0572 | PPO=-0.0016 | BC= 0.5810 | bc_lambda=0.033 | WR(baseline)=58.0% | WR(smart)=70.0% | Eps=182
[2026-07-21 16:06:32,085] INFO - Step 3720: Loss= 2.7409 | PPO=-0.0007 | BC= 0.5262 | bc_lambda=0.033 | WR(baseline)=68.0% | WR(smart)=64.0% | Eps=183
[2026-07-21 16:06:32,961] INFO - Step 3725: Loss= 2.1813 | PPO=-0.0024 | BC= 0.5210 | bc_lambda=0.032 | WR(baseline)=62.0% | WR(smart)=68.0% | Eps=182
[2026-07-21 16:06:33,831] INFO - Step 3730: Loss= 2.2792 | PPO=-0.0013 | BC= 0.5504 | bc_lambda=0.032 | WR(baseline)=54.0% | WR(smart)=66.0% | Eps=183
[2026-07-21 16:06:34,710] INFO - Step 3735: Loss= 1.9521 | PPO=-0.0011 | BC= 0.5845 | bc_lambda=0.032 | WR(baseline)=60.0% | WR(smart)=54.0% | Eps=186
[2026-07-21 16:06:35,578] INFO - Step 3740: Loss= 2.7498 | PPO=-0.0008 | BC= 0.5244 | bc_lambda=0.032 | WR(baseline)=58.0% | WR(smart)=64.0% | Eps=184
[2026-07-21 16:06:36,476] INFO - Step 3745: Loss= 2.3966 | PPO=-0.0004 | BC= 0.5347 | bc_lambda=0.031 | WR(baseline)=52.0% | WR(smart)=64.0% | Eps=183
[2026-07-21 16:06:37,385] INFO - Step 3750: Loss= 2.1682 | PPO=-0.0007 | BC= 0.5874 | bc_lambda=0.031 | WR(baseline)=52.0% | WR(smart)=72.0% | Eps=182
[2026-07-21 16:06:38,313] INFO - Step 3755: Loss= 2.8623 | PPO=-0.0013 | BC= 0.5293 | bc_lambda=0.031 | WR(baseline)=50.0% | WR(smart)=64.0% | Eps=184
[2026-07-21 16:06:39,199] INFO - Step 3760: Loss= 2.2654 | PPO=-0.0005 | BC= 0.5336 | bc_lambda=0.031 | WR(baseline)=58.0% | WR(smart)=60.0% | Eps=185
[2026-07-21 16:06:40,121] INFO - Step 3765: Loss= 1.9031 | PPO=-0.0008 | BC= 0.5483 | bc_lambda=0.031 | WR(baseline)=48.0% | WR(smart)=56.0% | Eps=183
[2026-07-21 16:06:41,079] INFO - Step 3770: Loss= 2.3608 | PPO=-0.0004 | BC= 0.4809 | bc_lambda=0.030 | WR(baseline)=52.0% | WR(smart)=74.0% | Eps=183
[2026-07-21 16:06:42,010] INFO - Step 3775: Loss= 2.6789 | PPO=-0.0014 | BC= 0.4970 | bc_lambda=0.030 | WR(baseline)=66.0% | WR(smart)=52.0% | Eps=182
[2026-07-21 16:06:42,903] INFO - Step 3780: Loss= 2.5806 | PPO=-0.0010 | BC= 0.4916 | bc_lambda=0.030 | WR(baseline)=58.0% | WR(smart)=52.0% | Eps=185
[2026-07-21 16:06:43,798] INFO - Step 3785: Loss= 2.1496 | PPO=-0.0009 | BC= 0.5841 | bc_lambda=0.030 | WR(baseline)=44.0% | WR(smart)=48.0% | Eps=184
[2026-07-21 16:06:44,738] INFO - Step 3790: Loss= 2.5917 | PPO=-0.0009 | BC= 0.5441 | bc_lambda=0.029 | WR(baseline)=72.0% | WR(smart)=54.0% | Eps=181
[2026-07-21 16:06:45,695] INFO - Step 3795: Loss= 2.2252 | PPO=-0.0016 | BC= 0.5270 | bc_lambda=0.029 | WR(baseline)=70.0% | WR(smart)=64.0% | Eps=184
[2026-07-21 16:06:46,569] INFO - Step 3800: Loss= 2.6963 | PPO=-0.0014 | BC= 0.5407 | bc_lambda=0.029 | WR(baseline)=62.0% | WR(smart)=58.0% | Eps=181
[2026-07-21 16:06:47,441] INFO - Step 3805: Loss= 2.1454 | PPO=-0.0000 | BC= 0.5750 | bc_lambda=0.029 | WR(baseline)=60.0% | WR(smart)=58.0% | Eps=182
[2026-07-21 16:06:48,323] INFO - Step 3810: Loss= 2.2194 | PPO=-0.0015 | BC= 0.5717 | bc_lambda=0.029 | WR(baseline)=66.0% | WR(smart)=60.0% | Eps=182
[2026-07-21 16:06:49,184] INFO - Step 3815: Loss= 2.5341 | PPO=-0.0015 | BC= 0.6497 | bc_lambda=0.028 | WR(baseline)=58.0% | WR(smart)=58.0% | Eps=183
[2026-07-21 16:06:50,056] INFO - Step 3820: Loss= 2.5311 | PPO=-0.0005 | BC= 0.5241 | bc_lambda=0.028 | WR(baseline)=58.0% | WR(smart)=58.0% | Eps=182
[2026-07-21 16:06:50,912] INFO - Step 3825: Loss= 2.5315 | PPO=-0.0000 | BC= 0.5489 | bc_lambda=0.028 | WR(baseline)=56.0% | WR(smart)=46.0% | Eps=182
[2026-07-21 16:06:51,774] INFO - Step 3830: Loss= 2.2555 | PPO=-0.0011 | BC= 0.6093 | bc_lambda=0.028 | WR(baseline)=50.0% | WR(smart)=64.0% | Eps=183
[2026-07-21 16:06:52,636] INFO - Step 3835: Loss= 2.9233 | PPO=-0.0009 | BC= 0.6086 | bc_lambda=0.027 | WR(baseline)=52.0% | WR(smart)=60.0% | Eps=184
[2026-07-21 16:06:53,507] INFO - Step 3840: Loss= 1.9934 | PPO=-0.0005 | BC= 0.6067 | bc_lambda=0.027 | WR(baseline)=58.0% | WR(smart)=56.0% | Eps=180
[2026-07-21 16:06:54,366] INFO - Step 3845: Loss= 2.5341 | PPO=-0.0015 | BC= 0.6267 | bc_lambda=0.027 | WR(baseline)=58.0% | WR(smart)=54.0% | Eps=184
[2026-07-21 16:06:55,243] INFO - Step 3850: Loss= 2.3477 | PPO=-0.0014 | BC= 0.6130 | bc_lambda=0.027 | WR(baseline)=54.0% | WR(smart)=64.0% | Eps=185
[2026-07-21 16:06:56,122] INFO - Step 3855: Loss= 2.5458 | PPO=-0.0023 | BC= 0.6931 | bc_lambda=0.027 | WR(baseline)=64.0% | WR(smart)=48.0% | Eps=183
[2026-07-21 16:06:56,999] INFO - Step 3860: Loss= 2.3093 | PPO=-0.0006 | BC= 0.5449 | bc_lambda=0.026 | WR(baseline)=72.0% | WR(smart)=68.0% | Eps=181
[2026-07-21 16:06:57,867] INFO - Step 3865: Loss= 2.5314 | PPO=-0.0004 | BC= 0.6941 | bc_lambda=0.026 | WR(baseline)=64.0% | WR(smart)=62.0% | Eps=183
[2026-07-21 16:06:58,734] INFO - Step 3870: Loss= 2.5150 | PPO=-0.0016 | BC= 0.6590 | bc_lambda=0.026 | WR(baseline)=62.0% | WR(smart)=64.0% | Eps=182
[2026-07-21 16:06:59,610] INFO - Step 3875: Loss= 2.1878 | PPO=-0.0011 | BC= 0.6249 | bc_lambda=0.026 | WR(baseline)=74.0% | WR(smart)=50.0% | Eps=182
[2026-07-21 16:07:00,487] INFO - Step 3880: Loss= 1.9277 | PPO=-0.0014 | BC= 0.6534 | bc_lambda=0.025 | WR(baseline)=58.0% | WR(smart)=54.0% | Eps=182
[2026-07-21 16:07:01,343] INFO - Step 3885: Loss= 2.1627 | PPO=-0.0007 | BC= 0.6030 | bc_lambda=0.025 | WR(baseline)=60.0% | WR(smart)=64.0% | Eps=181
[2026-07-21 16:07:02,210] INFO - Step 3890: Loss= 1.9325 | PPO=-0.0003 | BC= 0.6266 | bc_lambda=0.025 | WR(baseline)=52.0% | WR(smart)=52.0% | Eps=182
[2026-07-21 16:07:03,064] INFO - Step 3895: Loss= 2.5119 | PPO=-0.0011 | BC= 0.5920 | bc_lambda=0.025 | WR(baseline)=56.0% | WR(smart)=58.0% | Eps=183
[2026-07-21 16:07:03,920] INFO - Step 3900: Loss= 2.2103 | PPO=-0.0002 | BC= 0.6383 | bc_lambda=0.025 | WR(baseline)=64.0% | WR(smart)=58.0% | Eps=183
[2026-07-21 16:07:04,786] INFO - Step 3905: Loss= 2.3143 | PPO=-0.0003 | BC= 0.5925 | bc_lambda=0.024 | WR(baseline)=62.0% | WR(smart)=66.0% | Eps=182
[2026-07-21 16:07:05,652] INFO - Step 3910: Loss= 2.3576 | PPO=-0.0001 | BC= 0.6248 | bc_lambda=0.024 | WR(baseline)=54.0% | WR(smart)=64.0% | Eps=184
[2026-07-21 16:07:06,522] INFO - Step 3915: Loss= 1.9983 | PPO=-0.0010 | BC= 0.6623 | bc_lambda=0.024 | WR(baseline)=60.0% | WR(smart)=62.0% | Eps=183
[2026-07-21 16:07:07,390] INFO - Step 3920: Loss= 2.0862 | PPO=-0.0010 | BC= 0.6698 | bc_lambda=0.024 | WR(baseline)=52.0% | WR(smart)=72.0% | Eps=181
[2026-07-21 16:07:08,251] INFO - Step 3925: Loss= 2.4965 | PPO=-0.0005 | BC= 0.6041 | bc_lambda=0.023 | WR(baseline)=60.0% | WR(smart)=64.0% | Eps=184
[2026-07-21 16:07:09,116] INFO - Step 3930: Loss= 1.8726 | PPO=-0.0026 | BC= 0.6372 | bc_lambda=0.023 | WR(baseline)=74.0% | WR(smart)=48.0% | Eps=182
[2026-07-21 16:07:09,999] INFO - Step 3935: Loss= 2.0331 | PPO=-0.0010 | BC= 0.6366 | bc_lambda=0.023 | WR(baseline)=60.0% | WR(smart)=70.0% | Eps=183
[2026-07-21 16:07:10,858] INFO - Step 3940: Loss= 1.7937 | PPO=-0.0005 | BC= 0.6611 | bc_lambda=0.023 | WR(baseline)=52.0% | WR(smart)=54.0% | Eps=182
[2026-07-21 16:07:11,730] INFO - Step 3945: Loss= 2.0647 | PPO=-0.0014 | BC= 0.6437 | bc_lambda=0.022 | WR(baseline)=62.0% | WR(smart)=68.0% | Eps=184
[2026-07-21 16:07:12,587] INFO - Step 3950: Loss= 2.2227 | PPO=-0.0016 | BC= 0.6325 | bc_lambda=0.022 | WR(baseline)=64.0% | WR(smart)=62.0% | Eps=181
[2026-07-21 16:07:13,447] INFO - Step 3955: Loss= 2.3404 | PPO=-0.0005 | BC= 0.7280 | bc_lambda=0.022 | WR(baseline)=60.0% | WR(smart)=52.0% | Eps=181
[2026-07-21 16:07:14,311] INFO - Step 3960: Loss= 2.1062 | PPO=-0.0003 | BC= 0.6710 | bc_lambda=0.022 | WR(baseline)=64.0% | WR(smart)=60.0% | Eps=180
[2026-07-21 16:07:15,177] INFO - Step 3965: Loss= 2.3515 | PPO=-0.0014 | BC= 0.6400 | bc_lambda=0.022 | WR(baseline)=58.0% | WR(smart)=60.0% | Eps=184
[2026-07-21 16:07:16,067] INFO - Step 3970: Loss= 2.1582 | PPO=-0.0026 | BC= 0.6046 | bc_lambda=0.021 | WR(baseline)=64.0% | WR(smart)=58.0% | Eps=183
[2026-07-21 16:07:16,941] INFO - Step 3975: Loss= 2.3922 | PPO=-0.0017 | BC= 0.5786 | bc_lambda=0.021 | WR(baseline)=54.0% | WR(smart)=54.0% | Eps=183
[2026-07-21 16:07:17,832] INFO - Step 3980: Loss= 1.9450 | PPO=-0.0015 | BC= 0.6199 | bc_lambda=0.021 | WR(baseline)=62.0% | WR(smart)=58.0% | Eps=183
[2026-07-21 16:07:18,712] INFO - Step 3985: Loss= 2.3852 | PPO=-0.0013 | BC= 0.6567 | bc_lambda=0.021 | WR(baseline)=54.0% | WR(smart)=58.0% | Eps=183
[2026-07-21 16:07:19,572] INFO - Step 3990: Loss= 2.4583 | PPO=-0.0020 | BC= 0.7263 | bc_lambda=0.020 | WR(baseline)=44.0% | WR(smart)=66.0% | Eps=185
[2026-07-21 16:07:20,427] INFO - Step 3995: Loss= 2.3963 | PPO=-0.0008 | BC= 0.6685 | bc_lambda=0.020 | WR(baseline)=66.0% | WR(smart)=68.0% | Eps=183
[2026-07-21 16:07:21,311] INFO - Step 4000: Loss= 2.3578 | PPO=-0.0013 | BC= 0.6807 | bc_lambda=0.020 | WR(baseline)=42.0% | WR(smart)=68.0% | Eps=185
[2026-07-21 16:07:21,312] INFO - 
✓ Training complete!
[2026-07-21 16:07:21,312] INFO - 
Final Evaluation (200 games each)...
[2026-07-21 16:07:21,497] INFO - Final Win Rate vs BaselineBot: 55.0%
[2026-07-21 16:07:21,497] INFO - Final Win Rate vs SmartBot:    61.5%
[2026-07-21 16:07:21,501] INFO - 
✓ Model saved to /Users/eshaankumar/Documents/spa-drp/bc_ppo_fd/agent_final.pt
